LABEL_30B6:
	add [0x37], [0x01]	;@raw=0x02,0x37,0x01
	add [0x37], [HERO_ACTION_POS_MASK]	;@raw=0x02,0x37,0xFE
	add [0x37], [0x31]	;@raw=0x02,0x37,0x31
	mov [0x38], [0x37]	;@raw=0x01,0x38,0x37
	ret	;@raw=0x05

LABEL_30C3:
	call COPY_HASH_VAR_37_TO_RANGE	;@raw=0x04,0x30,0x41

LABEL_30C6:
	call LABEL_30B6	;@raw=0x04,0x30,0xB6
	and [0x38], 0x00FF	;@raw=0x14,0x38,0x00,0xFF
	mov [0x3F], [0x38]	;@raw=0x01,0x3F,0x38
	and [0x38], 0x007F	;@raw=0x14,0x38,0x00,0x7F
	mov [0x3E], [0x38]	;@raw=0x01,0x3E,0x38
	and [0x38], 0x003F	;@raw=0x14,0x38,0x00,0x3F
	mov [0x3D], [0x38]	;@raw=0x01,0x3D,0x38
	and [0x38], 0x001F	;@raw=0x14,0x38,0x00,0x1F
	mov [RANDOM_SEED], [0x38]	;@raw=0x01,0x3C,0x38
	and [0x38], 0x000F	;@raw=0x14,0x38,0x00,0x0F
	mov [0x3B], [0x38]	;@raw=0x01,0x3B,0x38
	and [0x38], 0x0007	;@raw=0x14,0x38,0x00,0x07
	mov [0x3A], [0x38]	;@raw=0x01,0x3A,0x38
	and [0x38], 0x0003	;@raw=0x14,0x38,0x00,0x03
	mov [0x39], [0x38]	;@raw=0x01,0x39,0x38
	and [0x38], 0x0001	;@raw=0x14,0x38,0x00,0x01
	ret	;@raw=0x05

LABEL_30FF:
	mov [0xB0], 0x0001	;@raw=0x00,0xB0,0x00,0x01
	mov [0xB1], 0x0001	;@raw=0x00,0xB1,0x00,0x01
	mov [0xB2], 0x0001	;@raw=0x00,0xB2,0x00,0x01
	mov [0xB3], 0x0001	;@raw=0x00,0xB3,0x00,0x01
	mov [0xB4], 0x0000	;@raw=0x00,0xB4,0x00,0x00
	mov [0xB7], 0x0000	;@raw=0x00,0xB7,0x00,0x00
	mov [0xB8], 0x0009	;@raw=0x00,0xB8,0x00,0x09
	mov [0xB9], 0x0000	;@raw=0x00,0xB9,0x00,0x00
	or [0xB9], 0xE000	;@raw=0x15,0xB9,0xE0,0x00
	mov [0xBA], 0x0000	;@raw=0x00,0xBA,0x00,0x00
	mov [0xBB], 0x0000	;@raw=0x00,0xBB,0x00,0x00
	call LABEL_B250	;@raw=0x04,0xB2,0x50
	setup channel=0x22, address=LABEL_4585	;@raw=0x08,0x22,0x45,0x85
	setup channel=0x23, address=LABEL_1470	;@raw=0x08,0x23,0x14,0x70
	setup channel=0x24, address=LABEL_45A5	;@raw=0x08,0x24,0x45,0xA5
	setup channel=0x25, address=LABEL_1470	;@raw=0x08,0x25,0x14,0x70
	setup channel=0x26, address=LABEL_45E0	;@raw=0x08,0x26,0x45,0xE0
	setup channel=0x27, address=LABEL_1470	;@raw=0x08,0x27,0x14,0x70
	setup channel=0x28, address=LABEL_461B	;@raw=0x08,0x28,0x46,0x1B
	jle [0x00], 0x3C, LABEL_3163	;@raw=0x0A,0x05,0x00,0x3C,0x31,0x63
	je [0x00], 0x40, LABEL_31A2	;@raw=0x0A,0x00,0x00,0x40,0x31,0xA2
	je [0x00], 0x42, LABEL_3185	;@raw=0x0A,0x00,0x00,0x42,0x31,0x85
	je [0x00], 0x43, LABEL_316C	;@raw=0x0A,0x00,0x00,0x43,0x31,0x6C
	ret	;@raw=0x05

LABEL_3163:
	mov [HACK_VAR_67], 0x004A	;@raw=0x00,0x67,0x00,0x4A
	mov [0x00], 0x003C	;@raw=0x00,0x00,0x00,0x3C
	ret	;@raw=0x05

LABEL_316C:
	mov [HACK_VAR_67], 0x004D	;@raw=0x00,0x67,0x00,0x4D
	mov [0x01], 0x000A	;@raw=0x00,0x01,0x00,0x0A
	mov [0xB0], 0x0000	;@raw=0x00,0xB0,0x00,0x00
	mov [0xB1], 0x0000	;@raw=0x00,0xB1,0x00,0x00
	mov [0xB2], 0x0000	;@raw=0x00,0xB2,0x00,0x00
	mov [0xB3], 0x0000	;@raw=0x00,0xB3,0x00,0x00
	ret	;@raw=0x05

LABEL_3185:
	mov [HACK_VAR_67], 0x008B	;@raw=0x00,0x67,0x00,0x8B
	mov [0x01], 0x00A0	;@raw=0x00,0x01,0x00,0xA0
	mov [0x02], 0x00AA	;@raw=0x00,0x02,0x00,0xAA
	or [0xB9], 0x0008	;@raw=0x15,0xB9,0x00,0x08
	or [0xB4], 0x0001	;@raw=0x15,0xB4,0x00,0x01
	ret	;@raw=0x05
	or [0xB9], 0x0401	;@raw=0x15,0xB9,0x04,0x01
	or [0xB9], 0x0080	;@raw=0x15,0xB9,0x00,0x80

LABEL_31A2:
	mov [HACK_VAR_67], 0x006A	;@raw=0x00,0x67,0x00,0x6A
	mov [0x01], 0x0064	;@raw=0x00,0x01,0x00,0x64
	mov [0x02], 0x00AC	;@raw=0x00,0x02,0x00,0xAC
	mov [0xB0], 0x0000	;@raw=0x00,0xB0,0x00,0x00
	mov [0xB1], 0x0000	;@raw=0x00,0xB1,0x00,0x00
	mov [0xB2], 0x0000	;@raw=0x00,0xB2,0x00,0x00
	mov [0xB3], 0x0000	;@raw=0x00,0xB3,0x00,0x00
	ret	;@raw=0x05
	mov [HACK_VAR_67], 0x0025	;@raw=0x00,0x67,0x00,0x25
	mov [0x06], 0x0000	;@raw=0x00,0x06,0x00,0x00
	ret	;@raw=0x05
	mov [HACK_VAR_67], 0x004B	;@raw=0x00,0x67,0x00,0x4B
	mov [0xB0], 0x0003	;@raw=0x00,0xB0,0x00,0x03
	mov [0x01], 0x0050	;@raw=0x00,0x01,0x00,0x50
	ret	;@raw=0x05

LABEL_31D5:
	mov [0x78], 0x0028	;@raw=0x00,0x78,0x00,0x28
	mov [0x79], 0x00B0	;@raw=0x00,0x79,0x00,0xB0
	mov [0x7A], 0x004C	;@raw=0x00,0x7A,0x00,0x4C
	mov [0x7B], 0x2000	;@raw=0x00,0x7B,0x20,0x00
	mov [0x7C], 0x4010	;@raw=0x00,0x7C,0x40,0x10
	mov [0x7D], 0x0831	;@raw=0x00,0x7D,0x08,0x31
	mov [0x7E], 0x2710	;@raw=0x00,0x7E,0x27,0x10
	setup channel=0x27, address=LABEL_4AE8	;@raw=0x08,0x27,0x4A,0xE8
	ret	;@raw=0x05

LABEL_31F6:
	mov [0x70], 0x012C	;@raw=0x00,0x70,0x01,0x2C
	mov [0x71], 0x00B0	;@raw=0x00,0x71,0x00,0xB0
	mov [0x72], 0x004C	;@raw=0x00,0x72,0x00,0x4C
	mov [0x73], 0x2000	;@raw=0x00,0x73,0x20,0x00
	mov [0x74], 0x4010	;@raw=0x00,0x74,0x40,0x10
	mov [0x75], 0x0863	;@raw=0x00,0x75,0x08,0x63
	mov [0x76], 0x0064	;@raw=0x00,0x76,0x00,0x64
	setup channel=0x25, address=LABEL_4B2A	;@raw=0x08,0x25,0x4B,0x2A
	ret	;@raw=0x05

LABEL_3217:
	mov [0x78], 0x0000	;@raw=0x00,0x78,0x00,0x00
	mov [0x79], 0x00B0	;@raw=0x00,0x79,0x00,0xB0
	mov [0x7A], 0x008C	;@raw=0x00,0x7A,0x00,0x8C
	mov [0x7B], 0x2000	;@raw=0x00,0x7B,0x20,0x00
	mov [0x7C], 0x4010	;@raw=0x00,0x7C,0x40,0x10
	mov [0x7D], 0x0831	;@raw=0x00,0x7D,0x08,0x31
	mov [0x7E], 0x2710	;@raw=0x00,0x7E,0x27,0x10
	setup channel=0x27, address=LABEL_4AE8	;@raw=0x08,0x27,0x4A,0xE8
	ret	;@raw=0x05

LABEL_3238:
	mov [0x70], 0x0064	;@raw=0x00,0x70,0x00,0x64
	mov [0x71], 0x00B0	;@raw=0x00,0x71,0x00,0xB0
	mov [0x72], 0x008C	;@raw=0x00,0x72,0x00,0x8C
	mov [0x73], 0x2000	;@raw=0x00,0x73,0x20,0x00
	mov [0x74], 0x4010	;@raw=0x00,0x74,0x40,0x10
	mov [0x75], 0x0863	;@raw=0x00,0x75,0x08,0x63
	mov [0x76], 0x0064	;@raw=0x00,0x76,0x00,0x64
	setup channel=0x25, address=LABEL_4B2A	;@raw=0x08,0x25,0x4B,0x2A
	ret	;@raw=0x05

LABEL_3259:
	mov [0x78], 0x0046	;@raw=0x00,0x78,0x00,0x46
	mov [0x79], 0x00B0	;@raw=0x00,0x79,0x00,0xB0
	mov [0x7A], 0x008A	;@raw=0x00,0x7A,0x00,0x8A
	mov [0x7B], 0x3000	;@raw=0x00,0x7B,0x30,0x00
	mov [0x7C], 0x0020	;@raw=0x00,0x7C,0x00,0x20
	mov [0x7D], 0x0841	;@raw=0x00,0x7D,0x08,0x41
	mov [0x7E], 0x2710	;@raw=0x00,0x7E,0x27,0x10
	setup channel=0x27, address=LABEL_4B2A	;@raw=0x08,0x27,0x4B,0x2A
	ret	;@raw=0x05

LABEL_327A:
	mov [0x70], 0x0122	;@raw=0x00,0x70,0x01,0x22
	mov [0x71], 0x0055	;@raw=0x00,0x71,0x00,0x55
	mov [0x72], 0x00AA	;@raw=0x00,0x72,0x00,0xAA
	mov [0x73], 0x2000	;@raw=0x00,0x73,0x20,0x00
	mov [0x74], 0x0040	;@raw=0x00,0x74,0x00,0x40
	mov [0x75], 0x0821	;@raw=0x00,0x75,0x08,0x21
	mov [0x76], 0x2710	;@raw=0x00,0x76,0x27,0x10
	setup channel=0x25, address=LABEL_4AE8	;@raw=0x08,0x25,0x4A,0xE8
	ret	;@raw=0x05

LABEL_329B:
	mov [0x78], 0x0064	;@raw=0x00,0x78,0x00,0x64
	mov [0x79], [0x40]	;@raw=0x01,0x79,0x40
	mov [0x7A], 0x00EB	;@raw=0x00,0x7A,0x00,0xEB
	mov [0x7B], 0x3000	;@raw=0x00,0x7B,0x30,0x00
	mov [0x7C], 0x0020	;@raw=0x00,0x7C,0x00,0x20
	mov [0x7D], 0x0831	;@raw=0x00,0x7D,0x08,0x31
	mov [0x7E], 0x2710	;@raw=0x00,0x7E,0x27,0x10
	mov [0x7F], 0xFF38	;@raw=0x00,0x7F,0xFF,0x38
	setup channel=0x27, address=LABEL_80C2	;@raw=0x08,0x27,0x80,0xC2
	ret	;@raw=0x05

LABEL_32BF:
	mov [0x70], 0x0032	;@raw=0x00,0x70,0x00,0x32
	mov [0x71], [0x40]	;@raw=0x01,0x71,0x40
	mov [0x72], 0x00EB	;@raw=0x00,0x72,0x00,0xEB
	mov [0x73], 0x2000	;@raw=0x00,0x73,0x20,0x00
	mov [0x74], 0x0020	;@raw=0x00,0x74,0x00,0x20
	mov [0x75], 0x0863	;@raw=0x00,0x75,0x08,0x63
	mov [0x76], 0x2710	;@raw=0x00,0x76,0x27,0x10
	mov [0x77], 0x0258	;@raw=0x00,0x77,0x02,0x58
	setup channel=0x25, address=LABEL_8E78	;@raw=0x08,0x25,0x8E,0x78
	ret	;@raw=0x05

LABEL_32E3:
	mov [0x70], 0xFFFB	;@raw=0x00,0x70,0xFF,0xFB
	mov [0x71], [0x40]	;@raw=0x01,0x71,0x40
	mov [0x72], 0x00EB	;@raw=0x00,0x72,0x00,0xEB
	mov [0x73], 0x2000	;@raw=0x00,0x73,0x20,0x00
	mov [0x74], 0x2000	;@raw=0x00,0x74,0x20,0x00
	mov [0x75], 0x0833	;@raw=0x00,0x75,0x08,0x33
	mov [0x76], 0x2710	;@raw=0x00,0x76,0x27,0x10
	mov [0x77], 0x0014	;@raw=0x00,0x77,0x00,0x14
	setup channel=0x25, address=LABEL_8E78	;@raw=0x08,0x25,0x8E,0x78
	ret	;@raw=0x05

LABEL_3307:
	call LABEL_329B	;@raw=0x04,0x32,0x9B
	mov [0x78], 0x014A	;@raw=0x00,0x78,0x01,0x4A
	mov [0x7F], 0xFF38	;@raw=0x00,0x7F,0xFF,0x38
	mov [0x7D], 0x0811	;@raw=0x00,0x7D,0x08,0x11
	ret	;@raw=0x05

LABEL_3317:
	mov [0x68], 0x0050	;@raw=0x00,0x68,0x00,0x50
	mov [0x69], [0x40]	;@raw=0x01,0x69,0x40
	mov [0x6A], 0x00AA	;@raw=0x00,0x6A,0x00,0xAA
	mov [0x6B], 0x3000	;@raw=0x00,0x6B,0x30,0x00
	mov [0x6C], 0x0020	;@raw=0x00,0x6C,0x00,0x20
	mov [0x6D], 0x0031	;@raw=0x00,0x6D,0x00,0x31
	mov [0x6E], 0x2710	;@raw=0x00,0x6E,0x27,0x10
	mov [0x6F], 0xFF38	;@raw=0x00,0x6F,0xFF,0x38
	setup channel=0x23, address=LABEL_8189	;@raw=0x08,0x23,0x81,0x89
	ret	;@raw=0x05

LABEL_333B:
	mov [0x70], 0x0064	;@raw=0x00,0x70,0x00,0x64
	mov [0x71], [0x40]	;@raw=0x01,0x71,0x40
	mov [0x72], 0x00AA	;@raw=0x00,0x72,0x00,0xAA
	mov [0x73], 0x3000	;@raw=0x00,0x73,0x30,0x00
	mov [0x74], 0x0020	;@raw=0x00,0x74,0x00,0x20
	mov [0x75], 0x0071	;@raw=0x00,0x75,0x00,0x71
	mov [0x76], 0x2710	;@raw=0x00,0x76,0x27,0x10
	mov [0x77], 0xFF38	;@raw=0x00,0x77,0xFF,0x38
	setup channel=0x25, address=LABEL_80C2	;@raw=0x08,0x25,0x80,0xC2
	ret	;@raw=0x05

LABEL_335F:
	mov [0x78], 0x00C8	;@raw=0x00,0x78,0x00,0xC8
	mov [0x79], [0x40]	;@raw=0x01,0x79,0x40
	mov [0x7A], 0x00AA	;@raw=0x00,0x7A,0x00,0xAA
	mov [0x7B], 0x3000	;@raw=0x00,0x7B,0x30,0x00
	mov [0x7C], 0x0068	;@raw=0x00,0x7C,0x00,0x68
	mov [0x7D], 0x0039	;@raw=0x00,0x7D,0x00,0x39
	mov [0x7E], 0x2710	;@raw=0x00,0x7E,0x27,0x10
	mov [0x7F], 0x000F	;@raw=0x00,0x7F,0x00,0x0F
	setup channel=0x27, address=LABEL_80C2	;@raw=0x08,0x27,0x80,0xC2
	ret	;@raw=0x05

LABEL_3383:
	mov [0x68], 0x0064	;@raw=0x00,0x68,0x00,0x64
	mov [0x69], [0x40]	;@raw=0x01,0x69,0x40
	mov [0x6A], 0x00EA	;@raw=0x00,0x6A,0x00,0xEA
	mov [0x6B], 0x2000	;@raw=0x00,0x6B,0x20,0x00
	mov [0x6C], 0x0020	;@raw=0x00,0x6C,0x00,0x20
	mov [0x6D], 0x0801	;@raw=0x00,0x6D,0x08,0x01
	mov [0x6E], 0x2710	;@raw=0x00,0x6E,0x27,0x10
	mov [0x6F], 0x009B	;@raw=0x00,0x6F,0x00,0x9B
	setup channel=0x23, address=LABEL_8E78	;@raw=0x08,0x23,0x8E,0x78
	ret	;@raw=0x05

LABEL_33A7:
	mov [0x78], 0x009D	;@raw=0x00,0x78,0x00,0x9D
	mov [0x79], 0x0099	;@raw=0x00,0x79,0x00,0x99
	mov [0x7A], 0x006B	;@raw=0x00,0x7A,0x00,0x6B
	mov [0x7B], 0x2000	;@raw=0x00,0x7B,0x20,0x00
	mov [0x7C], 0x2010	;@raw=0x00,0x7C,0x20,0x10
	mov [0x7D], 0x0841	;@raw=0x00,0x7D,0x08,0x41
	mov [0x7E], 0x2710	;@raw=0x00,0x7E,0x27,0x10
	setup channel=0x27, address=LABEL_02EE	;@raw=0x08,0x27,0x02,0xEE
	ret	;@raw=0x05

LABEL_33C8:
	mov [0x70], 0x005B	;@raw=0x00,0x70,0x00,0x5B
	mov [0x71], 0x0099	;@raw=0x00,0x71,0x00,0x99
	mov [0x72], 0x006B	;@raw=0x00,0x72,0x00,0x6B
	mov [0x73], 0x2000	;@raw=0x00,0x73,0x20,0x00
	mov [0x74], 0x2010	;@raw=0x00,0x74,0x20,0x10
	mov [0x75], 0x0821	;@raw=0x00,0x75,0x08,0x21
	mov [0x76], 0x2710	;@raw=0x00,0x76,0x27,0x10
	setup channel=0x25, address=LABEL_0128	;@raw=0x08,0x25,0x01,0x28
	ret	;@raw=0x05
	mov [0x68], 0x002E	;@raw=0x00,0x68,0x00,0x2E
	mov [0x69], 0x0099	;@raw=0x00,0x69,0x00,0x99
	mov [0x6A], 0x006B	;@raw=0x00,0x6A,0x00,0x6B
	mov [0x6B], 0x3000	;@raw=0x00,0x6B,0x30,0x00
	mov [0x6C], 0x0001	;@raw=0x00,0x6C,0x00,0x01
	mov [0x6D], 0x0000	;@raw=0x00,0x6D,0x00,0x00
	mov [0x6E], 0x2710	;@raw=0x00,0x6E,0x27,0x10
	setup channel=0x23, address=LABEL_015E	;@raw=0x08,0x23,0x01,0x5E
	ret	;@raw=0x05

LABEL_340A:
	mov [0x68], 0x0089	;@raw=0x00,0x68,0x00,0x89
	mov [0x69], 0x0062	;@raw=0x00,0x69,0x00,0x62
	mov [0x6A], [HACK_VAR_67]	;@raw=0x01,0x6A,0x67
	mov [0x6B], 0x3000	;@raw=0x00,0x6B,0x30,0x00
	mov [0x6C], 0x0001	;@raw=0x00,0x6C,0x00,0x01
	mov [0x6D], 0x0000	;@raw=0x00,0x6D,0x00,0x00
	mov [0x6E], 0x2710	;@raw=0x00,0x6E,0x27,0x10
	setup channel=0x23, address=LABEL_4B2A	;@raw=0x08,0x23,0x4B,0x2A
	ret	;@raw=0x05

LABEL_342A:
	mov [0x68], 0x008C	;@raw=0x00,0x68,0x00,0x8C
	mov [0x69], 0x009D	;@raw=0x00,0x69,0x00,0x9D
	mov [0x6A], 0x0091	;@raw=0x00,0x6A,0x00,0x91
	mov [0x6B], 0x2000	;@raw=0x00,0x6B,0x20,0x00
	mov [0x6C], 0x0001	;@raw=0x00,0x6C,0x00,0x01
	mov [0x6D], 0x0000	;@raw=0x00,0x6D,0x00,0x00
	mov [0x6E], 0x2710	;@raw=0x00,0x6E,0x27,0x10
	setup channel=0x23, address=LABEL_1120	;@raw=0x08,0x23,0x11,0x20
	ret	;@raw=0x05

LABEL_344B:
	mov [0x68], 0x007B	;@raw=0x00,0x68,0x00,0x7B
	mov [0x69], 0x00AC	;@raw=0x00,0x69,0x00,0xAC
	mov [0x6A], [HACK_VAR_67]	;@raw=0x01,0x6A,0x67
	mov [0x6B], 0x3000	;@raw=0x00,0x6B,0x30,0x00
	mov [0x6C], 0x0006	;@raw=0x00,0x6C,0x00,0x06
	mov [0x6D], 0x0000	;@raw=0x00,0x6D,0x00,0x00
	mov [0x6E], 0x2710	;@raw=0x00,0x6E,0x27,0x10
	setup channel=0x34, address=LABEL_1FBE	;@raw=0x08,0x34,0x1F,0xBE
	setup channel=0x23, address=LABEL_0379	;@raw=0x08,0x23,0x03,0x79
	ret	;@raw=0x05

LABEL_346F:
	mov [0x70], 0x00AC	;@raw=0x00,0x70,0x00,0xAC
	mov [0x71], 0x009D	;@raw=0x00,0x71,0x00,0x9D
	mov [0x72], 0x0091	;@raw=0x00,0x72,0x00,0x91
	mov [0x73], 0x3000	;@raw=0x00,0x73,0x30,0x00
	mov [0x74], 0x0028	;@raw=0x00,0x74,0x00,0x28
	mov [0x75], 0x0010	;@raw=0x00,0x75,0x00,0x10
	mov [0x76], 0x0064	;@raw=0x00,0x76,0x00,0x64
	setup channel=0x25, address=LABEL_195C	;@raw=0x08,0x25,0x19,0x5C
	ret	;@raw=0x05

LABEL_3490:
	mov [0x78], 0x00C8	;@raw=0x00,0x78,0x00,0xC8
	mov [0x79], 0x0095	;@raw=0x00,0x79,0x00,0x95
	mov [0x7A], 0x00EC	;@raw=0x00,0x7A,0x00,0xEC
	mov [0x7B], 0x0000	;@raw=0x00,0x7B,0x00,0x00
	mov [0x7C], 0x4018	;@raw=0x00,0x7C,0x40,0x18
	mov [0x7D], 0x0831	;@raw=0x00,0x7D,0x08,0x31
	mov [0x7E], 0x2710	;@raw=0x00,0x7E,0x27,0x10
	setup channel=0x27, address=LABEL_4AA8	;@raw=0x08,0x27,0x4A,0xA8
	ret	;@raw=0x05

LABEL_34B1:
	mov [0x70], 0x00D2	;@raw=0x00,0x70,0x00,0xD2
	mov [0x71], 0x0095	;@raw=0x00,0x71,0x00,0x95
	mov [0x72], 0x00EC	;@raw=0x00,0x72,0x00,0xEC
	mov [0x73], 0x2000	;@raw=0x00,0x73,0x20,0x00
	mov [0x74], 0x0060	;@raw=0x00,0x74,0x00,0x60
	mov [0x75], 0x0863	;@raw=0x00,0x75,0x08,0x63
	mov [0x76], 0x03E8	;@raw=0x00,0x76,0x03,0xE8
	setup channel=0x25, address=LABEL_4AE8	;@raw=0x08,0x25,0x4A,0xE8
	ret	;@raw=0x05

LABEL_34D2:
	mov [0x78], 0x00A0	;@raw=0x00,0x78,0x00,0xA0
	mov [0x79], 0x0063	;@raw=0x00,0x79,0x00,0x63
	mov [0x7A], 0x00EA	;@raw=0x00,0x7A,0x00,0xEA
	mov [0x7B], 0x1000	;@raw=0x00,0x7B,0x10,0x00
	mov [0x7C], 0x4018	;@raw=0x00,0x7C,0x40,0x18
	mov [0x7D], 0x0831	;@raw=0x00,0x7D,0x08,0x31
	mov [0x7E], 0x2710	;@raw=0x00,0x7E,0x27,0x10
	setup channel=0x27, address=LABEL_4AC8	;@raw=0x08,0x27,0x4A,0xC8
	ret	;@raw=0x05

LABEL_34F3:
	mov [0x70], 0x008C	;@raw=0x00,0x70,0x00,0x8C
	mov [0x71], 0x0063	;@raw=0x00,0x71,0x00,0x63
	mov [0x72], 0x00EA	;@raw=0x00,0x72,0x00,0xEA
	mov [0x73], 0x3000	;@raw=0x00,0x73,0x30,0x00
	mov [0x74], 0x0060	;@raw=0x00,0x74,0x00,0x60
	mov [0x75], 0x0833	;@raw=0x00,0x75,0x08,0x33
	mov [0x76], 0x03E8	;@raw=0x00,0x76,0x03,0xE8
	setup channel=0x25, address=LABEL_4B2A	;@raw=0x08,0x25,0x4B,0x2A
	ret	;@raw=0x05

LABEL_3514:
	mov [HACK_VAR_67], 0x0001	;@raw=0x00,0x67,0x00,0x01
	mov [0x66], 0x0001	;@raw=0x00,0x66,0x00,0x01
	mov [0x65], 0x0001	;@raw=0x00,0x65,0x00,0x01
	mov [0x68], 0x00C8	;@raw=0x00,0x68,0x00,0xC8
	mov [0x69], 0x00B6	;@raw=0x00,0x69,0x00,0xB6
	mov [0x6A], 0x0001	;@raw=0x00,0x6A,0x00,0x01
	mov [0x6B], 0x3000	;@raw=0x00,0x6B,0x30,0x00
	mov [0x6C], 0x0000	;@raw=0x00,0x6C,0x00,0x00
	mov [0x6D], 0x0000	;@raw=0x00,0x6D,0x00,0x00
	mov [0x30], 0x0064	;@raw=0x00,0x30,0x00,0x64
	mov [0x32], 0x0000	;@raw=0x00,0x32,0x00,0x00
	mov [0x35], 0x0000	;@raw=0x00,0x35,0x00,0x00
	mov [0xB4], 0x0001	;@raw=0x00,0xB4,0x00,0x01
	mov [0x70], 0x0118	;@raw=0x00,0x70,0x01,0x18
	mov [0x71], 0x00B6	;@raw=0x00,0x71,0x00,0xB6
	mov [0x72], 0x0003	;@raw=0x00,0x72,0x00,0x03
	mov [0x73], 0x4000	;@raw=0x00,0x73,0x40,0x00
	mov [0x74], 0x2008	;@raw=0x00,0x74,0x20,0x08
	mov [0x75], 0x0811	;@raw=0x00,0x75,0x08,0x11
	mov [0x78], 0x0122	;@raw=0x00,0x78,0x01,0x22
	mov [0x79], 0x00B6	;@raw=0x00,0x79,0x00,0xB6
	mov [0x7A], 0x000A	;@raw=0x00,0x7A,0x00,0x0A
	mov [0x7B], 0x4000	;@raw=0x00,0x7B,0x40,0x00
	mov [0x7C], 0x2000	;@raw=0x00,0x7C,0x20,0x00
	mov [0x7D], 0x0800	;@raw=0x00,0x7D,0x08,0x00
	ret	;@raw=0x05
	mov [0xE6], 0x0190	;@raw=0x00,0xE6,0x01,0x90
	mov [0xE7], 0x0078	;@raw=0x00,0xE7,0x00,0x78
	setup channel=0x39, address=LABEL_3596	;@raw=0x08,0x39,0x35,0x96

LABEL_3585:
	break	;@raw=0x06
	sub [0xE6], 0x0008	;@raw=0x03,0xE6,0xFF,0xF8
	jl [0xE6], 0x0190, LABEL_3585	;@raw=0x0A,0x44,0xE6,0x01,0x90,0x35,0x85
	setup channel=0x39, address=LABEL_1470	;@raw=0x08,0x39,0x14,0x70
	killChannel	;@raw=0x11

LABEL_3596:
	add [0xE7], 0x0003	;@raw=0x03,0xE7,0x00,0x03
	call LABEL_3653	;@raw=0x04,0x36,0x53
	break	;@raw=0x06
	add [0xE7], 0x0001	;@raw=0x03,0xE7,0x00,0x01
	call LABEL_3666	;@raw=0x04,0x36,0x66
	break	;@raw=0x06
	add [0xE7], 0x0001	;@raw=0x03,0xE7,0x00,0x01
	call LABEL_3679	;@raw=0x04,0x36,0x79
	break	;@raw=0x06
	sub [0xE7], 0x0001	;@raw=0x03,0xE7,0xFF,0xFF
	add [0xE6], 0x0002	;@raw=0x03,0xE6,0x00,0x02
	call LABEL_3679	;@raw=0x04,0x36,0x79
	break	;@raw=0x06
	sub [0xE7], 0x0002	;@raw=0x03,0xE7,0xFF,0xFE
	add [0xE6], 0x0003	;@raw=0x03,0xE6,0x00,0x03
	call LABEL_3679	;@raw=0x04,0x36,0x79
	break	;@raw=0x06
	sub [0xE7], 0x0002	;@raw=0x03,0xE7,0xFF,0xFE
	add [0xE6], 0x0002	;@raw=0x03,0xE6,0x00,0x02
	call LABEL_368C	;@raw=0x04,0x36,0x8C
	break	;@raw=0x06
	call LABEL_3679	;@raw=0x04,0x36,0x79
	break	;@raw=0x06
	call LABEL_3666	;@raw=0x04,0x36,0x66
	break	;@raw=0x06
	add [0xE7], 0x0003	;@raw=0x03,0xE7,0x00,0x03
	call LABEL_3653	;@raw=0x04,0x36,0x53
	break	;@raw=0x06
	add [0xE7], 0x0001	;@raw=0x03,0xE7,0x00,0x01
	call LABEL_3640	;@raw=0x04,0x36,0x40
	break	;@raw=0x06
	add [0xE7], 0x0001	;@raw=0x03,0xE7,0x00,0x01
	call LABEL_362D	;@raw=0x04,0x36,0x2D
	break	;@raw=0x06
	sub [0xE7], 0x0001	;@raw=0x03,0xE7,0xFF,0xFF
	add [0xE6], 0x0002	;@raw=0x03,0xE6,0x00,0x02
	call LABEL_3622	;@raw=0x04,0x36,0x22
	break	;@raw=0x06
	sub [0xE7], 0x0002	;@raw=0x03,0xE7,0xFF,0xFE
	add [0xE6], 0x0003	;@raw=0x03,0xE6,0x00,0x03
	call LABEL_3622	;@raw=0x04,0x36,0x22
	break	;@raw=0x06
	sub [0xE7], 0x0002	;@raw=0x03,0xE7,0xFF,0xFE
	add [0xE6], 0x0002	;@raw=0x03,0xE6,0x00,0x02
	call LABEL_3622	;@raw=0x04,0x36,0x22
	break	;@raw=0x06
	call LABEL_362D	;@raw=0x04,0x36,0x2D
	break	;@raw=0x06
	call LABEL_3640	;@raw=0x04,0x36,0x40
	break	;@raw=0x06
	jmp LABEL_3596	;@raw=0x07,0x35,0x96
LABEL_3621:
	db 0x11

LABEL_3622:
	video type=1, offset=CINEMATIC_714, x=[0xe6], y=[0xe7], zoom=0x40	;@raw=0x54,0x23,0xFF,0xE6,0xE7
	video type=1, offset=CINEMATIC_717, x=[0xe6], y=[0xe7], zoom=0x40	;@raw=0x54,0x24,0x4D,0xE6,0xE7
	ret	;@raw=0x05

LABEL_362D:
	video type=1, offset=CINEMATIC_714, x=[0xe6], y=[0xe7], zoom=0x40	;@raw=0x54,0x23,0xFF,0xE6,0xE7
	add [0xE6], 0x0001	;@raw=0x03,0xE6,0x00,0x01
	video type=1, offset=CINEMATIC_716, x=[0xe6], y=[0xe7], zoom=0x40	;@raw=0x54,0x24,0x53,0xE6,0xE7
	sub [0xE6], 0x0001	;@raw=0x03,0xE6,0xFF,0xFF
	ret	;@raw=0x05

LABEL_3640:
	video type=1, offset=CINEMATIC_714, x=[0xe6], y=[0xe7], zoom=0x40	;@raw=0x54,0x23,0xFF,0xE6,0xE7
	add [0xE6], 0x0002	;@raw=0x03,0xE6,0x00,0x02
	video type=1, offset=CINEMATIC_715, x=[0xe6], y=[0xe7], zoom=0x40	;@raw=0x54,0x24,0x59,0xE6,0xE7
	sub [0xE6], 0x0002	;@raw=0x03,0xE6,0xFF,0xFE
	ret	;@raw=0x05

LABEL_3653:
	video type=1, offset=CINEMATIC_714, x=[0xe6], y=[0xe7], zoom=0x40	;@raw=0x54,0x23,0xFF,0xE6,0xE7
	add [0xE6], 0x0003	;@raw=0x03,0xE6,0x00,0x03
	video type=1, offset=CINEMATIC_715, x=[0xe6], y=[0xe7], zoom=0x40	;@raw=0x54,0x24,0x59,0xE6,0xE7
	sub [0xE6], 0x0003	;@raw=0x03,0xE6,0xFF,0xFD
	ret	;@raw=0x05

LABEL_3666:
	video type=1, offset=CINEMATIC_714, x=[0xe6], y=[0xe7], zoom=0x40	;@raw=0x54,0x23,0xFF,0xE6,0xE7
	add [0xE6], 0x0004	;@raw=0x03,0xE6,0x00,0x04
	video type=1, offset=CINEMATIC_715, x=[0xe6], y=[0xe7], zoom=0x40	;@raw=0x54,0x24,0x59,0xE6,0xE7
	sub [0xE6], 0x0004	;@raw=0x03,0xE6,0xFF,0xFC
	ret	;@raw=0x05

LABEL_3679:
	video type=1, offset=CINEMATIC_714, x=[0xe6], y=[0xe7], zoom=0x40	;@raw=0x54,0x23,0xFF,0xE6,0xE7
	add [0xE6], 0x0006	;@raw=0x03,0xE6,0x00,0x06
	video type=1, offset=CINEMATIC_715, x=[0xe6], y=[0xe7], zoom=0x40	;@raw=0x54,0x24,0x59,0xE6,0xE7
	sub [0xE6], 0x0006	;@raw=0x03,0xE6,0xFF,0xFA
	ret	;@raw=0x05

LABEL_368C:
	video type=1, offset=CINEMATIC_714, x=[0xe6], y=[0xe7], zoom=0x40	;@raw=0x54,0x23,0xFF,0xE6,0xE7
	add [0xE6], 0x0008	;@raw=0x03,0xE6,0x00,0x08
	video type=1, offset=CINEMATIC_715, x=[0xe6], y=[0xe7], zoom=0x40	;@raw=0x54,0x24,0x59,0xE6,0xE7
	sub [0xE6], 0x0008	;@raw=0x03,0xE6,0xFF,0xF8
	ret	;@raw=0x05

LABEL_369F:
	mov [0x07], [0x70]	;@raw=0x01,0x07,0x70
	mov [0x08], [0x71]	;@raw=0x01,0x08,0x71
	mov [0x10], [0x72]	;@raw=0x01,0x10,0x72
	mov [0x11], [0x73]	;@raw=0x01,0x11,0x73
	mov [0x09], [0x75]	;@raw=0x01,0x09,0x75
	mov [0x12], [0x74]	;@raw=0x01,0x12,0x74
	mov [0x13], [0x76]	;@raw=0x01,0x13,0x76
	mov [0x29], [0x77]	;@raw=0x01,0x29,0x77
	call LABEL_456E	;@raw=0x04,0x45,0x6E
	ret	;@raw=0x05

LABEL_36BB:
	mov [0x07], [0x68]	;@raw=0x01,0x07,0x68
	mov [0x08], [0x69]	;@raw=0x01,0x08,0x69
	mov [0x10], [0x6A]	;@raw=0x01,0x10,0x6A
	mov [0x11], [0x6B]	;@raw=0x01,0x11,0x6B
	mov [0x09], [0x6D]	;@raw=0x01,0x09,0x6D
	mov [0x12], [0x6C]	;@raw=0x01,0x12,0x6C
	mov [0x13], [0x6E]	;@raw=0x01,0x13,0x6E
	mov [0x29], [0x6F]	;@raw=0x01,0x29,0x6F
	call LABEL_456E	;@raw=0x04,0x45,0x6E
	ret	;@raw=0x05

LABEL_36D7:
	mov [0x07], [0x78]	;@raw=0x01,0x07,0x78
	mov [0x08], [0x79]	;@raw=0x01,0x08,0x79
	mov [0x10], [0x7A]	;@raw=0x01,0x10,0x7A
	mov [0x11], [0x7B]	;@raw=0x01,0x11,0x7B
	mov [0x09], [0x7D]	;@raw=0x01,0x09,0x7D
	mov [0x12], [0x7C]	;@raw=0x01,0x12,0x7C
	mov [0x13], [0x7E]	;@raw=0x01,0x13,0x7E
	mov [0x29], [0x7F]	;@raw=0x01,0x29,0x7F
	call LABEL_456E	;@raw=0x04,0x45,0x6E
	ret	;@raw=0x05

LABEL_36F3:
	call LABEL_88B0	;@raw=0x04,0x88,0xB0
	setup channel=0x0F, address=LABEL_36FB	;@raw=0x08,0x0F,0x36,0xFB
	killChannel	;@raw=0x11

LABEL_36FB:
	mov [0x6F], 0x000A	;@raw=0x00,0x6F,0x00,0x0A
	mov [PAUSE_SLICES], 0x0003	;@raw=0x00,0xFF,0x00,0x03

LABEL_3703:
	call LABEL_36BB	;@raw=0x04,0x36,0xBB
	call LABEL_88B0	;@raw=0x04,0x88,0xB0
	break	;@raw=0x06
	jg [0x01], 0xAA, LABEL_3703	;@raw=0x0A,0x02,0x01,0xAA,0x37,0x03
	djnz [0x6F], LABEL_3703	;@raw=0x09,0x6F,0x37,0x03
	mov [0x6F], 0x0003	;@raw=0x00,0x6F,0x00,0x03

LABEL_3718:
	jg [0x01], 0x7D, LABEL_373E	;@raw=0x0A,0x02,0x01,0x7D,0x37,0x3E
	call LABEL_36BB	;@raw=0x04,0x36,0xBB
	call LABEL_7D30	;@raw=0x04,0x7D,0x30
	break	;@raw=0x06
	djnz [0x6F], LABEL_3718	;@raw=0x09,0x6F,0x37,0x18
	mov [0x6F], 0x0003	;@raw=0x00,0x6F,0x00,0x03

LABEL_372D:
	jg [0x01], 0x7D, LABEL_373E	;@raw=0x0A,0x02,0x01,0x7D,0x37,0x3E
	call LABEL_36BB	;@raw=0x04,0x36,0xBB
	call LABEL_7D4C	;@raw=0x04,0x7D,0x4C
	break	;@raw=0x06
	djnz [0x6F], LABEL_372D	;@raw=0x09,0x6F,0x37,0x2D

LABEL_373E:
	call LABEL_36BB	;@raw=0x04,0x36,0xBB
	call LABEL_7CBC	;@raw=0x04,0x7C,0xBC
	break	;@raw=0x06
	jne [HACK_VAR_67], 0x6D, LABEL_36FB	;@raw=0x0A,0x01,0x67,0x6D,0x36,0xFB
	jl [0x01], 0x8F, LABEL_373E	;@raw=0x0A,0x04,0x01,0x8F,0x37,0x3E
	jg [0x01], 0xA2, LABEL_373E	;@raw=0x0A,0x02,0x01,0xA2,0x37,0x3E
	mov [0x63], 0x0064	;@raw=0x00,0x63,0x00,0x64
	deleteChannels first=0x14, last=0x16	;@raw=0x0C,0x14,0x16,0x02
	call LABEL_36BB	;@raw=0x04,0x36,0xBB
	call LABEL_7CBC	;@raw=0x04,0x7C,0xBC
	break	;@raw=0x06
	deleteChannels first=0x14, last=0x16	;@raw=0x0C,0x14,0x16,0x02
	jne [HACK_VAR_67], [0x6A], LABEL_3775	;@raw=0x0A,0x81,0x67,0x6A,0x37,0x75
	video type=1, offset=CINEMATIC_292, x=[0x68], y=[0x69], zoom=0x40	;@raw=0x54,0x6A,0xD8,0x68,0x69

LABEL_3775:
	break	;@raw=0x06
	or [0xB9], 0x0020	;@raw=0x15,0xB9,0x00,0x20
	jne [HACK_VAR_67], [0x6A], LABEL_3785	;@raw=0x0A,0x81,0x67,0x6A,0x37,0x85
	video type=1, offset=CINEMATIC_291, x=[0x68], y=[0x69], zoom=0x40	;@raw=0x54,0x6A,0xEF,0x68,0x69

LABEL_3785:
	break	;@raw=0x06
	jne [HACK_VAR_67], [0x6A], LABEL_3791	;@raw=0x0A,0x81,0x67,0x6A,0x37,0x91
	video type=1, offset=CINEMATIC_290, x=[0x68], y=[0x69], zoom=0x40	;@raw=0x54,0x6B,0x05,0x68,0x69

LABEL_3791:
	break	;@raw=0x06
	jne [HACK_VAR_67], [0x6A], LABEL_379D	;@raw=0x0A,0x81,0x67,0x6A,0x37,0x9D
	video type=1, offset=CINEMATIC_289, x=[0x68], y=[0x69], zoom=0x40	;@raw=0x54,0x6B,0x28,0x68,0x69

LABEL_379D:
	break	;@raw=0x06
	jne [HACK_VAR_67], [0x6A], LABEL_37A9	;@raw=0x0A,0x81,0x67,0x6A,0x37,0xA9
	video type=1, offset=CINEMATIC_289, x=[0x68], y=[0x69], zoom=0x40	;@raw=0x54,0x6B,0x28,0x68,0x69

LABEL_37A9:
	break	;@raw=0x06
	jne [HACK_VAR_67], [0x6A], LABEL_37B5	;@raw=0x0A,0x81,0x67,0x6A,0x37,0xB5
	video type=1, offset=CINEMATIC_288, x=[0x68], y=[0x69], zoom=0x40	;@raw=0x54,0x6B,0x3F,0x68,0x69

LABEL_37B5:
	setup channel=0x14, address=LABEL_393D	;@raw=0x08,0x14,0x39,0x3D
	mov [0x6F], 0x0007	;@raw=0x00,0x6F,0x00,0x07

LABEL_37BD:
	break	;@raw=0x06
	jne [HACK_VAR_67], [0x6A], LABEL_37C9	;@raw=0x0A,0x81,0x67,0x6A,0x37,0xC9
	video type=1, offset=CINEMATIC_284, x=[0x68], y=[0x69], zoom=0x40	;@raw=0x54,0x6B,0xEF,0x68,0x69

LABEL_37C9:
	djnz [0x6F], LABEL_37BD	;@raw=0x09,0x6F,0x37,0xBD
	add [0x68], 0x000A	;@raw=0x03,0x68,0x00,0x0A
	mov [0x6F], 0x0004	;@raw=0x00,0x6F,0x00,0x04

LABEL_37D5:
	break	;@raw=0x06
	call LABEL_36BB	;@raw=0x04,0x36,0xBB
	call LABEL_88B0	;@raw=0x04,0x88,0xB0
	djnz [0x6F], LABEL_37D5	;@raw=0x09,0x6F,0x37,0xD5
	setup channel=0x23, address=LABEL_80C2	;@raw=0x08,0x23,0x80,0xC2
	mov [0x6C], 0x0004	;@raw=0x00,0x6C,0x00,0x04
	mov [0x6F], 0x000A	;@raw=0x00,0x6F,0x00,0x0A
	killChannel	;@raw=0x11

LABEL_37ED:
	mov [PAUSE_SLICES], 0x0004	;@raw=0x00,0xFF,0x00,0x04
	jne [HACK_VAR_67], [0x6A], LABEL_37FC	;@raw=0x0A,0x81,0x67,0x6A,0x37,0xFC
	video type=1, offset=CINEMATIC_283, x=[0x07], y=[0x08], zoom=0x40	;@raw=0x54,0x6B,0x5E,0x07,0x08

LABEL_37FC:
	break	;@raw=0x06
	jne [HACK_VAR_67], [0x6A], LABEL_3808	;@raw=0x0A,0x81,0x67,0x6A,0x38,0x08
	video type=1, offset=CINEMATIC_282, x=[0x07], y=[0x08], zoom=0x40	;@raw=0x54,0x6B,0x70,0x07,0x08

LABEL_3808:
	break	;@raw=0x06
	jne [HACK_VAR_67], [0x6A], LABEL_3813	;@raw=0x0A,0x81,0x67,0x6A,0x38,0x13
	video type=1, offset=CINEMATIC_281, x=156, y=98	;@raw=0xEB,0x98,0x9C,0x62

LABEL_3813:
	break	;@raw=0x06
	jne [HACK_VAR_67], [0x6A], LABEL_381E	;@raw=0x0A,0x81,0x67,0x6A,0x38,0x1E
	video type=1, offset=CINEMATIC_280, x=171, y=100	;@raw=0xEB,0xFF,0xAB,0x64

LABEL_381E:
	break	;@raw=0x06
	or [0xB9], 0x0010	;@raw=0x15,0xB9,0x00,0x10
	jne [HACK_VAR_67], [0x6A], LABEL_3837	;@raw=0x0A,0x81,0x67,0x6A,0x38,0x37
	setup channel=0x04, address=LABEL_1470	;@raw=0x08,0x04,0x14,0x70
	video type=1, offset=CINEMATIC_279, x=193, y=110	;@raw=0xEC,0x0F,0xC1,0x6E
	play id=0x0060, freq=0x14, vol=0x40, channel=0x02	;@raw=0x18,0x00,0x60,0x14,0x40,0x02

LABEL_3837:
	break	;@raw=0x06
	jne [HACK_VAR_67], [0x6A], LABEL_3847	;@raw=0x0A,0x81,0x67,0x6A,0x38,0x47
	video type=1, offset=CINEMATIC_278, x=283, y=98, zoom=0x40	;@raw=0x78,0x6C,0x3D,0x1B,0x62
	video type=1, offset=CINEMATIC_279, x=217, y=125	;@raw=0xEC,0x0F,0xD9,0x7D

LABEL_3847:
	break	;@raw=0x06
	jne [HACK_VAR_67], [0x6A], LABEL_3858	;@raw=0x0A,0x81,0x67,0x6A,0x38,0x58
	video type=1, offset=CINEMATIC_276, x=283, y=98, zoom=0x40	;@raw=0x78,0x6C,0x61,0x1B,0x62
	video type=1, offset=CINEMATIC_277, x=274, y=122, zoom=0x40	;@raw=0x78,0x6C,0x21,0x12,0x7A

LABEL_3858:
	break	;@raw=0x06
	jne [HACK_VAR_67], [0x6A], LABEL_3869	;@raw=0x0A,0x81,0x67,0x6A,0x38,0x69
	video type=1, offset=CINEMATIC_275, x=283, y=98, zoom=0x40	;@raw=0x78,0x6C,0x87,0x1B,0x62
	video type=1, offset=CINEMATIC_274, x=281, y=157, zoom=0x40	;@raw=0x78,0x6C,0x2B,0x19,0x9D

LABEL_3869:
	break	;@raw=0x06
	jne [HACK_VAR_67], [0x6A], LABEL_387A	;@raw=0x0A,0x81,0x67,0x6A,0x38,0x7A
	video type=1, offset=CINEMATIC_273, x=283, y=98, zoom=0x40	;@raw=0x78,0x6C,0xAB,0x1B,0x62
	video type=1, offset=CINEMATIC_274, x=274, y=178, zoom=0x40	;@raw=0x78,0x6C,0x2B,0x12,0xB2

LABEL_387A:
	break	;@raw=0x06
	jne [HACK_VAR_67], [0x6A], LABEL_3895	;@raw=0x0A,0x81,0x67,0x6A,0x38,0x95
	video type=1, offset=CINEMATIC_270, x=283, y=98, zoom=0x40	;@raw=0x78,0x6C,0xCD,0x1B,0x62
	video type=1, offset=CINEMATIC_118, x=284, y=224, zoom=0x40	;@raw=0x78,0x5A,0xC1,0x1C,0xE0
	video type=1, offset=CINEMATIC_272, x=222, y=175	;@raw=0xEC,0xBF,0xDE,0xAF
	play id=0x0060, freq=0x0F, vol=0x40, channel=0x02	;@raw=0x18,0x00,0x60,0x0F,0x40,0x02

LABEL_3895:
	break	;@raw=0x06
	jne [HACK_VAR_67], [0x6A], LABEL_38B0	;@raw=0x0A,0x81,0x67,0x6A,0x38,0xB0
	video type=1, offset=CINEMATIC_271, x=283, y=98, zoom=0x40	;@raw=0x78,0x6C,0xE7,0x1B,0x62
	video type=1, offset=CINEMATIC_118, x=285, y=234, zoom=0x40	;@raw=0x78,0x5A,0xC1,0x1D,0xEA
	video type=1, offset=CINEMATIC_272, x=221, y=198	;@raw=0xEC,0xBF,0xDD,0xC6
	play id=0x005E, freq=0x14, vol=0x20, channel=0x02	;@raw=0x18,0x00,0x5E,0x14,0x20,0x02

LABEL_38B0:
	mov [0x29], 0x0006	;@raw=0x00,0x29,0x00,0x06

LABEL_38B4:
	break	;@raw=0x06
	je [HACK_VAR_67], 0x8D, LABEL_3911	;@raw=0x0A,0x00,0x67,0x8D,0x39,0x11
	jne [HACK_VAR_67], [0x6A], LABEL_38CB	;@raw=0x0A,0x81,0x67,0x6A,0x38,0xCB
	video type=1, offset=CINEMATIC_269, x=283, y=98, zoom=0x40	;@raw=0x78,0x6D,0x01,0x1B,0x62
	video type=1, offset=CINEMATIC_118, x=284, y=225, zoom=0x40	;@raw=0x78,0x5A,0xC1,0x1C,0xE1

LABEL_38CB:
	djnz [0x29], LABEL_38B4	;@raw=0x09,0x29,0x38,0xB4
	mov [0x29], 0x0008	;@raw=0x00,0x29,0x00,0x08

LABEL_38D3:
	break	;@raw=0x06
	je [HACK_VAR_67], 0x8D, LABEL_3911	;@raw=0x0A,0x00,0x67,0x8D,0x39,0x11
	jne [HACK_VAR_67], [0x6A], LABEL_38EA	;@raw=0x0A,0x81,0x67,0x6A,0x38,0xEA
	video type=1, offset=CINEMATIC_270, x=283, y=98, zoom=0x40	;@raw=0x78,0x6C,0xCD,0x1B,0x62
	video type=1, offset=CINEMATIC_118, x=283, y=224, zoom=0x40	;@raw=0x78,0x5A,0xC1,0x1B,0xE0

LABEL_38EA:
	djnz [0x29], LABEL_38D3	;@raw=0x09,0x29,0x38,0xD3
	mov [0x29], 0x000C	;@raw=0x00,0x29,0x00,0x0C

LABEL_38F2:
	break	;@raw=0x06
	je [HACK_VAR_67], 0x8D, LABEL_3911	;@raw=0x0A,0x00,0x67,0x8D,0x39,0x11
	jne [HACK_VAR_67], [0x6A], LABEL_3909	;@raw=0x0A,0x81,0x67,0x6A,0x39,0x09
	video type=1, offset=CINEMATIC_269, x=283, y=98, zoom=0x40	;@raw=0x78,0x6D,0x01,0x1B,0x62
	video type=1, offset=CINEMATIC_118, x=284, y=224, zoom=0x40	;@raw=0x78,0x5A,0xC1,0x1C,0xE0

LABEL_3909:
	djnz [0x29], LABEL_38F2	;@raw=0x09,0x29,0x38,0xF2
	jmp LABEL_38B0	;@raw=0x07,0x38,0xB0
LABEL_3910:
	db 0x11

LABEL_3911:
	mov [0x29], 0x0008	;@raw=0x00,0x29,0x00,0x08

LABEL_3915:
	jne [HACK_VAR_67], 0x8D, LABEL_3920	;@raw=0x0A,0x01,0x67,0x8D,0x39,0x20
	video type=1, offset=CINEMATIC_118, x=277, y=35, zoom=0x40	;@raw=0x78,0x5A,0xC1,0x15,0x23

LABEL_3920:
	break	;@raw=0x06
	djnz [0x29], LABEL_3915	;@raw=0x09,0x29,0x39,0x15
	mov [0x29], 0x0014	;@raw=0x00,0x29,0x00,0x14

LABEL_3929:
	jne [HACK_VAR_67], 0x8D, LABEL_3934	;@raw=0x0A,0x01,0x67,0x8D,0x39,0x34
	video type=1, offset=CINEMATIC_118, x=277, y=34, zoom=0x40	;@raw=0x78,0x5A,0xC1,0x15,0x22

LABEL_3934:
	break	;@raw=0x06
	djnz [0x29], LABEL_3929	;@raw=0x09,0x29,0x39,0x29
	jmp LABEL_3911	;@raw=0x07,0x39,0x11
LABEL_393C:
	db 0x11

LABEL_393D:
	video type=1, offset=CINEMATIC_285, x=191, y=73	;@raw=0xEA,0xB7,0xBF,0x49
	break	;@raw=0x06
	video type=1, offset=CINEMATIC_286, x=219, y=70	;@raw=0x83,0x6C,0xDB,0x46
	break	;@raw=0x06
	video type=1, offset=CINEMATIC_286, x=235, y=82	;@raw=0x83,0x6C,0xEB,0x52
	break	;@raw=0x06
	video type=1, offset=CINEMATIC_079, x=253, y=112	;@raw=0xA3,0x7A,0xFD,0x70
	setup channel=0x04, address=LABEL_1470	;@raw=0x08,0x04,0x14,0x70
	break	;@raw=0x06
	play id=0x0060, freq=0x14, vol=0x40, channel=0x02	;@raw=0x18,0x00,0x60,0x14,0x40,0x02
	video type=1, offset=CINEMATIC_278, x=283, y=98, zoom=0x40	;@raw=0x78,0x6C,0x3D,0x1B,0x62
	video type=1, offset=CINEMATIC_074, x=260, y=120, zoom=0x40	;@raw=0x78,0x02,0xA6,0x04,0x78
	break	;@raw=0x06
	video type=1, offset=CINEMATIC_276, x=283, y=98, zoom=0x40	;@raw=0x78,0x6C,0x61,0x1B,0x62
	video type=1, offset=CINEMATIC_073, x=261, y=121, zoom=0x40	;@raw=0x78,0x02,0x74,0x05,0x79
	break	;@raw=0x06
	setup channel=0x04, address=LABEL_39DA	;@raw=0x08,0x04,0x39,0xDA
	play id=0x0060, freq=0x18, vol=0x20, channel=0x02	;@raw=0x18,0x00,0x60,0x18,0x20,0x02
	video type=1, offset=CINEMATIC_278, x=283, y=98, zoom=0x40	;@raw=0x78,0x6C,0x3D,0x1B,0x62
	video type=1, offset=CINEMATIC_079, x=267, y=113, zoom=0x40	;@raw=0x78,0x23,0x7A,0x0B,0x71
	break	;@raw=0x06
	video type=1, offset=CINEMATIC_079, x=276, y=82, zoom=0x40	;@raw=0x78,0x23,0x7A,0x14,0x52
	break	;@raw=0x06
	video type=1, offset=CINEMATIC_079, x=280, y=73, zoom=0x40	;@raw=0x78,0x23,0x7A,0x18,0x49
	break	;@raw=0x06
	video type=1, offset=CINEMATIC_079, x=285, y=71, zoom=0x40	;@raw=0x78,0x23,0x7A,0x1D,0x47
	break	;@raw=0x06
	video type=1, offset=CINEMATIC_079, x=291, y=86, zoom=0x40	;@raw=0x78,0x23,0x7A,0x23,0x56
	break	;@raw=0x06
	play id=0x0060, freq=0x14, vol=0x20, channel=0x02	;@raw=0x18,0x00,0x60,0x14,0x20,0x02
	video type=1, offset=CINEMATIC_073, x=297, y=98, zoom=0x40	;@raw=0x78,0x02,0x74,0x29,0x62
	mov [PAUSE_SLICES], 0x0004	;@raw=0x00,0xFF,0x00,0x04
	mov [0x03], 0x0003	;@raw=0x00,0x03,0x00,0x03

LABEL_39B1:
	break	;@raw=0x06
	video type=0, offset=COMMON_VIDEO_335, x=297, y=98, zoom=0x40	;@raw=0x7B,0x30,0xD8,0x29,0x62
	djnz [0x03], LABEL_39B1	;@raw=0x09,0x03,0x39,0xB1
	break	;@raw=0x06
	setup channel=0x16, address=LABEL_B666	;@raw=0x08,0x16,0xB6,0x66
	mov [0x63], 0x0002	;@raw=0x00,0x63,0x00,0x02
	call LABEL_B642	;@raw=0x04,0xB6,0x42
	mov [0x01], 0x012A	;@raw=0x00,0x01,0x01,0x2A
	video type=1, offset=CINEMATIC_073, x=[0x01], y=[0x02], zoom=0x40	;@raw=0x54,0x02,0x74,0x01,0x02
	break	;@raw=0x06
	video type=1, offset=CINEMATIC_074, x=[0x01], y=[0x02], zoom=0x40	;@raw=0x54,0x02,0xA6,0x01,0x02
	jmp LABEL_BE71	;@raw=0x07,0xBE,0x71
LABEL_39D9:
	db 0x11

LABEL_39DA:
	video type=1, offset=CINEMATIC_287, x=283, y=98, zoom=0x40	;@raw=0x78,0x69,0xB8,0x1B,0x62
	break	;@raw=0x06
	jmp LABEL_39DA	;@raw=0x07,0x39,0xDA

LABEL_39E3:
	video type=1, offset=CINEMATIC_518, x=188, y=126	;@raw=0xED,0x2B,0xBC,0x7E
	break	;@raw=0x06
	jmp LABEL_39E3	;@raw=0x07,0x39,0xE3
LABEL_39EB:
	db 0x11

LABEL_39EC:
	break	;@raw=0x06
	jg [0x02], 0x7F, LABEL_39EC	;@raw=0x0A,0x02,0x02,0x7F,0x39,0xEC
	jl [0x02], 0x64, LABEL_39EC	;@raw=0x0A,0x04,0x02,0x64,0x39,0xEC
	jl [0x01], 0xC8, LABEL_3A88	;@raw=0x0A,0x04,0x01,0xC8,0x3A,0x88
	jg [0x01], 0xDC, LABEL_39EC	;@raw=0x0A,0x02,0x01,0xDC,0x39,0xEC
	mov [0xF8], [0xB9]	;@raw=0x01,0xF8,0xB9
	and [0xF8], 0x0020	;@raw=0x14,0xF8,0x00,0x20
	je [0xF8], 0x00, LABEL_3A88	;@raw=0x0A,0x00,0xF8,0x00,0x3A,0x88
	or [0xB9], 0x0008	;@raw=0x15,0xB9,0x00,0x08
	setup channel=0x04, address=LABEL_1470	;@raw=0x08,0x04,0x14,0x70
	setup channel=0x14, address=LABEL_1470	;@raw=0x08,0x14,0x14,0x70
	break	;@raw=0x06
	mov [PAUSE_SLICES], 0x0006	;@raw=0x00,0xFF,0x00,0x06
	video type=1, offset=CINEMATIC_510, x=188, y=126	;@raw=0xED,0x51,0xBC,0x7E
	video type=1, offset=CINEMATIC_081, x=203, y=144	;@raw=0xA3,0x66,0xCB,0x90
	break	;@raw=0x06
	video type=1, offset=CINEMATIC_511, x=188, y=126	;@raw=0xED,0x69,0xBC,0x7E
	video type=1, offset=CINEMATIC_516, x=111, y=149	;@raw=0xCD,0x91,0x6F,0x95
	break	;@raw=0x06
	video type=1, offset=CINEMATIC_512, x=188, y=126	;@raw=0xED,0x81,0xBC,0x7E
	video type=1, offset=CINEMATIC_517, x=64, y=144	;@raw=0xCD,0xCE,0x40,0x90
	break	;@raw=0x06
	video type=1, offset=CINEMATIC_512, x=188, y=126	;@raw=0xED,0x81,0xBC,0x7E
	video type=1, offset=CINEMATIC_516, x=67, y=153	;@raw=0xCD,0x91,0x43,0x99
	break	;@raw=0x06
	video type=1, offset=CINEMATIC_513, x=188, y=126	;@raw=0xED,0xC3,0xBC,0x7E
	video type=1, offset=CINEMATIC_076, x=99, y=168	;@raw=0x83,0x48,0x63,0xA8
	or [0xB9], 0x0008	;@raw=0x15,0xB9,0x00,0x08
	setup channel=0x14, address=LABEL_3AA4	;@raw=0x08,0x14,0x3A,0xA4
	mov [PAUSE_SLICES], 0x0004	;@raw=0x00,0xFF,0x00,0x04
	break	;@raw=0x06

LABEL_3A5C:
	video type=1, offset=CINEMATIC_514, x=188, y=126	;@raw=0xED,0xDD,0xBC,0x7E
	break	;@raw=0x06
	video type=1, offset=CINEMATIC_515, x=188, y=126	;@raw=0xED,0xF7,0xBC,0x7E
	break	;@raw=0x06
	video type=1, offset=CINEMATIC_515, x=188, y=126	;@raw=0xED,0xF7,0xBC,0x7E
	break	;@raw=0x06
	video type=1, offset=CINEMATIC_514, x=188, y=126	;@raw=0xED,0xDD,0xBC,0x7E
	break	;@raw=0x06
	video type=1, offset=CINEMATIC_513, x=188, y=126	;@raw=0xED,0xC3,0xBC,0x7E
	break	;@raw=0x06
	video type=1, offset=CINEMATIC_513, x=188, y=126	;@raw=0xED,0xC3,0xBC,0x7E
	break	;@raw=0x06
	video type=1, offset=CINEMATIC_514, x=188, y=126	;@raw=0xED,0xDD,0xBC,0x7E
	break	;@raw=0x06

LABEL_3A7F:
	video type=1, offset=CINEMATIC_515, x=187, y=126	;@raw=0xED,0xF7,0xBB,0x7E
	break	;@raw=0x06
	jmp LABEL_3A7F	;@raw=0x07,0x3A,0x7F
LABEL_3A87:
	db 0x11

LABEL_3A88:
	setup channel=0x04, address=LABEL_1470	;@raw=0x08,0x04,0x14,0x70
	break	;@raw=0x06
	video type=1, offset=CINEMATIC_510, x=188, y=126	;@raw=0xED,0x51,0xBC,0x7E
	break	;@raw=0x06
	video type=1, offset=CINEMATIC_511, x=188, y=126	;@raw=0xED,0x69,0xBC,0x7E
	break	;@raw=0x06
	video type=1, offset=CINEMATIC_512, x=188, y=126	;@raw=0xED,0x81,0xBC,0x7E
	break	;@raw=0x06
	video type=1, offset=CINEMATIC_513, x=188, y=126	;@raw=0xED,0xC3,0xBC,0x7E
	break	;@raw=0x06
	jmp LABEL_3A5C	;@raw=0x07,0x3A,0x5C

LABEL_3AA4:
	mov [0x03], 0x0003	;@raw=0x00,0x03,0x00,0x03
	mov [0x01], 0x0063	;@raw=0x00,0x01,0x00,0x63
	mov [0x02], 0x00A8	;@raw=0x00,0x02,0x00,0xA8

LABEL_3AB0:
	video type=1, offset=CINEMATIC_078, x=[0x01], y=[0x02], zoom=0x40	;@raw=0x54,0x03,0x36,0x01,0x02
	break	;@raw=0x06
	djnz [0x03], LABEL_3AB0	;@raw=0x09,0x03,0x3A,0xB0
	mov [0x63], 0x0001	;@raw=0x00,0x63,0x00,0x01
	call LABEL_B642	;@raw=0x04,0xB6,0x42
	video type=1, offset=CINEMATIC_076, x=[0x01], y=[0x02], zoom=0x40	;@raw=0x54,0x03,0x48,0x01,0x02
	break	;@raw=0x06
	video type=1, offset=CINEMATIC_077, x=[0x01], y=[0x02], zoom=0x40	;@raw=0x54,0x03,0x5A,0x01,0x02
	jmp LABEL_BCB1	;@raw=0x07,0xBC,0xB1
	killChannel	;@raw=0x11
	mov [0x29], 0x0008	;@raw=0x00,0x29,0x00,0x08
	mov [0x07], 0x012C	;@raw=0x00,0x07,0x01,0x2C
	mov [0x08], 0x000A	;@raw=0x00,0x08,0x00,0x0A

LABEL_3ADC:
	break	;@raw=0x06
	call LABEL_3B29	;@raw=0x04,0x3B,0x29
	break	;@raw=0x06
	call LABEL_3B29	;@raw=0x04,0x3B,0x29
	add [0x07], 0x0003	;@raw=0x03,0x07,0x00,0x03
	break	;@raw=0x06
	call LABEL_3B35	;@raw=0x04,0x3B,0x35
	break	;@raw=0x06
	call LABEL_3B35	;@raw=0x04,0x3B,0x35
	add [0x07], 0x0003	;@raw=0x03,0x07,0x00,0x03
	break	;@raw=0x06
	call LABEL_3B41	;@raw=0x04,0x3B,0x41
	break	;@raw=0x06
	call LABEL_3B41	;@raw=0x04,0x3B,0x41
	add [0x07], 0x0002	;@raw=0x03,0x07,0x00,0x02
	break	;@raw=0x06
	call LABEL_3B4D	;@raw=0x04,0x3B,0x4D
	break	;@raw=0x06
	call LABEL_3B4D	;@raw=0x04,0x3B,0x4D
	add [0x07], 0x0003	;@raw=0x03,0x07,0x00,0x03
	break	;@raw=0x06
	call LABEL_3B59	;@raw=0x04,0x3B,0x59
	break	;@raw=0x06
	call LABEL_3B59	;@raw=0x04,0x3B,0x59
	add [0x07], 0x0003	;@raw=0x03,0x07,0x00,0x03
	break	;@raw=0x06
	call LABEL_3B65	;@raw=0x04,0x3B,0x65
	break	;@raw=0x06
	call LABEL_3B65	;@raw=0x04,0x3B,0x65
	add [0x07], 0x0003	;@raw=0x03,0x07,0x00,0x03
	djnz [0x29], LABEL_3ADC	;@raw=0x09,0x29,0x3A,0xDC
	killChannel	;@raw=0x11

LABEL_3B29:
	jne [0x10], [HACK_VAR_67], LABEL_78B5	;@raw=0x0A,0x81,0x10,0x67,0x78,0xB5
	video type=1, offset=CINEMATIC_708, x=[0x07], y=[0x08], zoom=0x40	;@raw=0x54,0x26,0xF7,0x07,0x08
	ret	;@raw=0x05

LABEL_3B35:
	jne [0x10], [HACK_VAR_67], LABEL_78B5	;@raw=0x0A,0x81,0x10,0x67,0x78,0xB5
	video type=1, offset=CINEMATIC_709, x=[0x07], y=[0x08], zoom=0x40	;@raw=0x54,0x27,0x38,0x07,0x08
	ret	;@raw=0x05

LABEL_3B41:
	jne [0x10], [HACK_VAR_67], LABEL_78B5	;@raw=0x0A,0x81,0x10,0x67,0x78,0xB5
	video type=1, offset=CINEMATIC_710, x=[0x07], y=[0x08], zoom=0x40	;@raw=0x54,0x27,0xC0,0x07,0x08
	ret	;@raw=0x05

LABEL_3B4D:
	jne [0x10], [HACK_VAR_67], LABEL_78B5	;@raw=0x0A,0x81,0x10,0x67,0x78,0xB5
	video type=1, offset=CINEMATIC_711, x=[0x07], y=[0x08], zoom=0x40	;@raw=0x54,0x27,0xD7,0x07,0x08
	ret	;@raw=0x05

LABEL_3B59:
	jne [0x10], [HACK_VAR_67], LABEL_78B5	;@raw=0x0A,0x81,0x10,0x67,0x78,0xB5
	video type=1, offset=CINEMATIC_712, x=[0x07], y=[0x08], zoom=0x40	;@raw=0x54,0x27,0xEF,0x07,0x08
	ret	;@raw=0x05

LABEL_3B65:
	jne [0x10], [HACK_VAR_67], LABEL_78B5	;@raw=0x0A,0x81,0x10,0x67,0x78,0xB5
	video type=1, offset=CINEMATIC_713, x=[0x07], y=[0x08], zoom=0x40	;@raw=0x54,0x28,0x07,0x07,0x08
	ret	;@raw=0x05

LABEL_3B71:
	mov [0x21], 0x0000	;@raw=0x00,0x21,0x00,0x00
	jne [0x22], 0x92, LABEL_3B84	;@raw=0x0A,0x01,0x22,0x92,0x3B,0x84
	je [0xB8], 0x00, LABEL_78B5	;@raw=0x0A,0x00,0xB8,0x00,0x78,0xB5
	mov [0x21], [0xB8]	;@raw=0x01,0x21,0xB8

LABEL_3B84:
	jne [0x22], 0x93, LABEL_78B5	;@raw=0x0A,0x01,0x22,0x93,0x78,0xB5
	je [0xB9], 0x00, LABEL_78B5	;@raw=0x0A,0x00,0xB9,0x00,0x78,0xB5
	mov [0x21], [0xB9]	;@raw=0x01,0x21,0xB9
	ret	;@raw=0x05

LABEL_3B94:
	mov [0x21], 0x0001	;@raw=0x00,0x21,0x00,0x01
	jne [0xAA], 0xFFFF, LABEL_78B5	;@raw=0x0A,0x41,0xAA,0xFF,0xFF,0x78,0xB5
	jne [0xAD], 0xFFFF, LABEL_78B5	;@raw=0x0A,0x41,0xAD,0xFF,0xFF,0x78,0xB5
	mov [0x21], 0x0000	;@raw=0x00,0x21,0x00,0x00
	ret	;@raw=0x05
	mov [0x21], 0x0001	;@raw=0x00,0x21,0x00,0x01
	jne [0xA1], 0xFFFF, LABEL_78B5	;@raw=0x0A,0x41,0xA1,0xFF,0xFF,0x78,0xB5
	jne [0xA4], 0xFFFF, LABEL_78B5	;@raw=0x0A,0x41,0xA4,0xFF,0xFF,0x78,0xB5
	jne [0xA7], 0xFFFF, LABEL_78B5	;@raw=0x0A,0x41,0xA7,0xFF,0xFF,0x78,0xB5
	mov [0x21], 0x0000	;@raw=0x00,0x21,0x00,0x00
	ret	;@raw=0x05

LABEL_3BC9:
	mov [0xE6], 0x000F	;@raw=0x00,0xE6,0x00,0x0F

LABEL_3BCD:
	break	;@raw=0x06
	djnz [0xE6], LABEL_3BCD	;@raw=0x09,0xE6,0x3B,0xCD
	mov [0x27], [0x40]	;@raw=0x01,0x27,0x40
	je [0x63], 0x06, LABEL_3BF1	;@raw=0x0A,0x00,0x63,0x06,0x3B,0xF1
	sub [0x27], 0x001E	;@raw=0x03,0x27,0xFF,0xE2
	call LABEL_3C43	;@raw=0x04,0x3C,0x43
	mov [0x8D], [0x23]	;@raw=0x01,0x8D,0x23
	mov [0x9A], [0x21]	;@raw=0x01,0x9A,0x21
	mov [0x9B], [0x27]	;@raw=0x01,0x9B,0x27
	mov [0x8F], [0x21]	;@raw=0x01,0x8F,0x21
	jmp LABEL_3BC9	;@raw=0x07,0x3B,0xC9

LABEL_3BF1:
	call LABEL_30C6	;@raw=0x04,0x30,0xC6
	sub [0x27], 0x0032	;@raw=0x03,0x27,0xFF,0xCE
	add [0x27], [0x3B]	;@raw=0x02,0x27,0x3B
	call LABEL_3C59	;@raw=0x04,0x3C,0x59
	jmp LABEL_3BC9	;@raw=0x07,0x3B,0xC9
LABEL_3C01:
	db 0x11

LABEL_3C02:
	jge [0x04], 0x4000, LABEL_1471	;@raw=0x0A,0x43,0x04,0x40,0x00,0x14,0x71
	mov [0x22], 0x0092	;@raw=0x00,0x22,0x00,0x92
	call LABEL_3B71	;@raw=0x04,0x3B,0x71
	je [0x21], 0x00, LABEL_3C30	;@raw=0x0A,0x00,0x21,0x00,0x3C,0x30
	call LABEL_30C6	;@raw=0x04,0x30,0xC6
	mov [0x27], 0x003C	;@raw=0x00,0x27,0x00,0x3C
	add [0x27], [0x3A]	;@raw=0x02,0x27,0x3A
	je [HACK_VAR_67], 0xEB, LABEL_3C2D	;@raw=0x0A,0x00,0x67,0xEB,0x3C,0x2D
	mov [0x27], 0x0052	;@raw=0x00,0x27,0x00,0x52
	add [0x27], [0x3B]	;@raw=0x02,0x27,0x3B

LABEL_3C2D:
	call LABEL_3C43	;@raw=0x04,0x3C,0x43

LABEL_3C30:
	call LABEL_3B94	;@raw=0x04,0x3B,0x94
	je [0x21], 0x01, LABEL_3C3C	;@raw=0x0A,0x00,0x21,0x01,0x3C,0x3C
	call LABEL_3D31	;@raw=0x04,0x3D,0x31

LABEL_3C3C:
	break	;@raw=0x06
	break	;@raw=0x06
	break	;@raw=0x06
	break	;@raw=0x06
	jmp LABEL_3C02	;@raw=0x07,0x3C,0x02

LABEL_3C43:
	mov [0x21], 0xFFEC	;@raw=0x00,0x21,0xFF,0xEC
	mov [0x23], 0x0064	;@raw=0x00,0x23,0x00,0x64
	or [0x23], 0x8000	;@raw=0x15,0x23,0x80,0x00
	play id=0x0056, freq=0x0A, vol=0x3F, channel=0x02	;@raw=0x18,0x00,0x56,0x0A,0x3F,0x02
	call LABEL_3C6F	;@raw=0x04,0x3C,0x6F
	ret	;@raw=0x05

LABEL_3C59:
	mov [0x21], 0xFFEC	;@raw=0x00,0x21,0xFF,0xEC
	mov [0x23], 0x0064	;@raw=0x00,0x23,0x00,0x64
	or [0x23], 0x8000	;@raw=0x15,0x23,0x80,0x00
	play id=0x0056, freq=0x0A, vol=0x3F, channel=0x02	;@raw=0x18,0x00,0x56,0x0A,0x3F,0x02
	call LABEL_3CAB	;@raw=0x04,0x3C,0xAB
	ret	;@raw=0x05

LABEL_3C6F:
	jne [0x8B], 0xFFFF, LABEL_3C83	;@raw=0x0A,0x41,0x8B,0xFF,0xFF,0x3C,0x83
	mov [0x8B], [0x23]	;@raw=0x01,0x8B,0x23
	mov [0x96], [0x21]	;@raw=0x01,0x96,0x21
	mov [0x97], [0x27]	;@raw=0x01,0x97,0x27
	mov [0x9F], [0x21]	;@raw=0x01,0x9F,0x21
	ret	;@raw=0x05

LABEL_3C83:
	jne [0x8C], 0xFFFF, LABEL_78B5	;@raw=0x0A,0x41,0x8C,0xFF,0xFF,0x78,0xB5
	mov [0x8C], [0x23]	;@raw=0x01,0x8C,0x23
	mov [0x98], [0x21]	;@raw=0x01,0x98,0x21
	mov [0x99], [0x27]	;@raw=0x01,0x99,0x27
	mov [0x8E], [0x21]	;@raw=0x01,0x8E,0x21
	ret	;@raw=0x05
	jne [0x8D], 0xFFFF, LABEL_78B5	;@raw=0x0A,0x41,0x8D,0xFF,0xFF,0x78,0xB5
	mov [0x8D], [0x23]	;@raw=0x01,0x8D,0x23
	mov [0x9A], [0x21]	;@raw=0x01,0x9A,0x21
	mov [0x9B], [0x27]	;@raw=0x01,0x9B,0x27
	mov [0x8F], [0x21]	;@raw=0x01,0x8F,0x21
	ret	;@raw=0x05

LABEL_3CAB:
	jne [0x89], 0xFFFF, LABEL_3CBF	;@raw=0x0A,0x41,0x89,0xFF,0xFF,0x3C,0xBF
	mov [0x89], [0x23]	;@raw=0x01,0x89,0x23
	mov [0x92], [0x21]	;@raw=0x01,0x92,0x21
	mov [0x93], [0x27]	;@raw=0x01,0x93,0x27
	mov [0x9D], [0x21]	;@raw=0x01,0x9D,0x21
	ret	;@raw=0x05

LABEL_3CBF:
	jne [0x8A], 0xFFFF, LABEL_78B5	;@raw=0x0A,0x41,0x8A,0xFF,0xFF,0x78,0xB5
	mov [0x8A], [0x23]	;@raw=0x01,0x8A,0x23
	mov [0x94], [0x21]	;@raw=0x01,0x94,0x21
	mov [0x95], [0x27]	;@raw=0x01,0x95,0x27
	mov [0x9E], [0x21]	;@raw=0x01,0x9E,0x21
	ret	;@raw=0x05

JUNK__3CD3:
	break	;@raw=0x06
	mov [0xAF], 0x0000	;@raw=0x00,0xAF,0x00,0x00
	je [0xB0], 0x00, LABEL_3D12	;@raw=0x0A,0x00,0xB0,0x00,0x3D,0x12
	je [0xB0], 0x01, JUNK__3CD3	;@raw=0x0A,0x00,0xB0,0x01,0x3C,0xD3
	je [0x72], [HACK_VAR_67], JUNK__3CD3	;@raw=0x0A,0x80,0x72,0x67,0x3C,0xD3
	jne [0x6A], [HACK_VAR_67], JUNK__3CD3	;@raw=0x0A,0x81,0x6A,0x67,0x3C,0xD3
	jl [0x70], 0x00, JUNK__3CD3	;@raw=0x0A,0x04,0x70,0x00,0x3C,0xD3
	jg [0x68], 0x010E, JUNK__3CD3	;@raw=0x0A,0x42,0x68,0x01,0x0E,0x3C,0xD3
	call LABEL_3D13	;@raw=0x04,0x3D,0x13
	call LABEL_30C3	;@raw=0x04,0x30,0xC3
	mov [0xAF], [0x3A]	;@raw=0x01,0xAF,0x3A
	add [0xAF], 0x0001	;@raw=0x03,0xAF,0x00,0x01

LABEL_3D0A:
	break	;@raw=0x06
	djnz [0xAF], LABEL_3D0A	;@raw=0x09,0xAF,0x3D,0x0A
	jmp JUNK__3CD3	;@raw=0x07,0x3C,0xD3

LABEL_3D12:
	killChannel	;@raw=0x11

LABEL_3D13:
	call LABEL_3D1A	;@raw=0x04,0x3D,0x1A
	jmp JUNK__5B54	;@raw=0x07,0x5B,0x54
LABEL_3D19:
	db 0x05

LABEL_3D1A:
	call LABEL_30C3	;@raw=0x04,0x30,0xC3
	mov [0x21], 0x0140	;@raw=0x00,0x21,0x01,0x40
	add [0x21], [RANDOM_SEED]	;@raw=0x02,0x21,0x3C
	mov [0x27], 0x008C	;@raw=0x00,0x27,0x00,0x8C
	add [0x27], [0x3A]	;@raw=0x02,0x27,0x3A
	or [0x27], 0x1800	;@raw=0x15,0x27,0x18,0x00
	ret	;@raw=0x05
LABEL_3D30:
	db 0x11

LABEL_3D31:
	call LABEL_3D38	;@raw=0x04,0x3D,0x38
	jmp LABEL_5B75	;@raw=0x07,0x5B,0x75
LABEL_3D37:
	db 0x05

LABEL_3D38:
	call LABEL_30C3	;@raw=0x04,0x30,0xC3
	mov [0x21], 0xFEC0	;@raw=0x00,0x21,0xFE,0xC0
	add [0x21], [RANDOM_SEED]	;@raw=0x02,0x21,0x3C
	mov [0x27], 0x008C	;@raw=0x00,0x27,0x00,0x8C
	add [0x27], [0x3A]	;@raw=0x02,0x27,0x3A
	or [0x27], 0x1800	;@raw=0x15,0x27,0x18,0x00
	ret	;@raw=0x05
LABEL_3D4E:
	db 0x11

LABEL_3D4F:
	call LABEL_30C6	;@raw=0x04,0x30,0xC6
	mov [0x21], 0xFFC4	;@raw=0x00,0x21,0xFF,0xC4
	add [0x21], [RANDOM_SEED]	;@raw=0x02,0x21,0x3C
	mov [0x27], 0x0064	;@raw=0x00,0x27,0x00,0x64
	add [0x27], [RANDOM_SEED]	;@raw=0x02,0x27,0x3C
	or [0x27], 0x1800	;@raw=0x15,0x27,0x18,0x00
	or [0x27], 0x2000	;@raw=0x15,0x27,0x20,0x00
	call LABEL_5B75	;@raw=0x04,0x5B,0x75
	break	;@raw=0x06
	break	;@raw=0x06
	jmp LABEL_3D4F	;@raw=0x07,0x3D,0x4F

LABEL_3D70:
	call LABEL_30C6	;@raw=0x04,0x30,0xC6
	mov [0x21], 0xFED4	;@raw=0x00,0x21,0xFE,0xD4
	add [0x21], [RANDOM_SEED]	;@raw=0x02,0x21,0x3C
	mov [0x27], [0x40]	;@raw=0x01,0x27,0x40
	sub [0x27], 0x0032	;@raw=0x03,0x27,0xFF,0xCE
	add [0x27], [RANDOM_SEED]	;@raw=0x02,0x27,0x3C
	or [0x27], 0x1800	;@raw=0x15,0x27,0x18,0x00
	or [0x27], 0x2000	;@raw=0x15,0x27,0x20,0x00
	call LABEL_5B75	;@raw=0x04,0x5B,0x75
	break	;@raw=0x06
	break	;@raw=0x06
	jmp LABEL_3D70	;@raw=0x07,0x3D,0x70

LABEL_3D94:
	mov [0xEF], 0x0006	;@raw=0x00,0xEF,0x00,0x06

LABEL_3D98:
	jne [HACK_VAR_67], 0x6A, LABEL_3DBE	;@raw=0x0A,0x01,0x67,0x6A,0x3D,0xBE
	call LABEL_30C6	;@raw=0x04,0x30,0xC6
	mov [0x21], 0x015E	;@raw=0x00,0x21,0x01,0x5E
	add [0x21], [RANDOM_SEED]	;@raw=0x02,0x21,0x3C
	mov [0x27], 0x0073	;@raw=0x00,0x27,0x00,0x73
	add [0x27], [0x3B]	;@raw=0x02,0x27,0x3B
	or [0x27], 0x1800	;@raw=0x15,0x27,0x18,0x00
	or [0x27], 0x4000	;@raw=0x15,0x27,0x40,0x00
	or [0x27], 0x0000	;@raw=0x15,0x27,0x00,0x00
	call LABEL_5BED	;@raw=0x04,0x5B,0xED

LABEL_3DBE:
	break	;@raw=0x06
	break	;@raw=0x06
	djnz [0xEF], LABEL_3D98	;@raw=0x09,0xEF,0x3D,0x98
	killChannel	;@raw=0x11

LABEL_3DC5:
	break	;@raw=0x06
	jge [0x73], 0x4000, LABEL_3DE1	;@raw=0x0A,0x43,0x73,0x40,0x00,0x3D,0xE1
	jl [0x74], 0x4000, LABEL_3DE1	;@raw=0x0A,0x44,0x74,0x40,0x00,0x3D,0xE1
	mov [0xF8], [HACK_VAR_67]	;@raw=0x01,0xF8,0x67
	sub [0xF8], 0x0001	;@raw=0x03,0xF8,0xFF,0xFF
	je [0x72], [0xF8], LABEL_3DFF	;@raw=0x0A,0x80,0x72,0xF8,0x3D,0xFF

LABEL_3DE1:
	jge [0x7B], 0x4000, LABEL_3DC5	;@raw=0x0A,0x43,0x7B,0x40,0x00,0x3D,0xC5
	jl [0x7C], 0x4000, LABEL_3DC5	;@raw=0x0A,0x44,0x7C,0x40,0x00,0x3D,0xC5
	mov [0xF8], [HACK_VAR_67]	;@raw=0x01,0xF8,0x67
	sub [0xF8], 0x0001	;@raw=0x03,0xF8,0xFF,0xFF
	je [0x7A], [0xF8], LABEL_3DFF	;@raw=0x0A,0x80,0x7A,0xF8,0x3D,0xFF
	jmp LABEL_3DC5	;@raw=0x07,0x3D,0xC5

LABEL_3DFF:
	call LABEL_3D31	;@raw=0x04,0x3D,0x31
	break	;@raw=0x06
	break	;@raw=0x06
	break	;@raw=0x06
	break	;@raw=0x06
	break	;@raw=0x06
	jmp LABEL_3DC5	;@raw=0x07,0x3D,0xC5
LABEL_3E0A:
	db 0x11

LABEL_3E0B:
	break	;@raw=0x06
	jl [0x01], 0x91, LABEL_3E0B	;@raw=0x0A,0x04,0x01,0x91,0x3E,0x0B
	video type=1, offset=CINEMATIC_482, x=[0x01], y=[0x02], zoom=[0xc8]	;@raw=0x56,0x50,0x46,0x01,0x02,0xC8
	play id=0x0052, freq=0x0A, vol=0x40, channel=0x02	;@raw=0x18,0x00,0x52,0x0A,0x40,0x02
	break	;@raw=0x06
	video type=1, offset=CINEMATIC_482, x=[0x01], y=[0x02], zoom=0x40	;@raw=0x54,0x50,0x46,0x01,0x02
	break	;@raw=0x06
	video type=1, offset=CINEMATIC_482, x=[0x01], y=[0x02], zoom=[0x10]	;@raw=0x56,0x50,0x46,0x01,0x02,0x10
	setup channel=0x04, address=LABEL_3E3D	;@raw=0x08,0x04,0x3E,0x3D
	break	;@raw=0x06
	video type=1, offset=CINEMATIC_483, x=[0x01], y=[0x02], zoom=[0x50]	;@raw=0x56,0x53,0x5B,0x01,0x02,0x50
	play id=0x005A, freq=0x0C, vol=0x40, channel=0x02	;@raw=0x18,0x00,0x5A,0x0C,0x40,0x02
	killChannel	;@raw=0x11

LABEL_3E3D:
	selectVideoPage 0x00	;@raw=0x0D,0x00
	video type=1, offset=CINEMATIC_484, x=[0x01], y=[0x02], zoom=0x40	;@raw=0x54,0x53,0x2B,0x01,0x02
	selectVideoPage 0xFF	;@raw=0x0D,0xFF
	break	;@raw=0x06
	or [0x04], 0x0010	;@raw=0x15,0x04,0x00,0x10
	video type=1, offset=CINEMATIC_483, x=[0x01], y=[0x02], zoom=0x40	;@raw=0x54,0x53,0x5B,0x01,0x02
	deleteChannels first=0x14, last=0x16	;@raw=0x0C,0x14,0x16,0x02
	setup channel=0x16, address=LABEL_3E62	;@raw=0x08,0x16,0x3E,0x62
	break	;@raw=0x06
	or [0x04], 0x0010	;@raw=0x15,0x04,0x00,0x10
	deleteChannels first=0x14, last=0x15	;@raw=0x0C,0x14,0x15,0x02
	killChannel	;@raw=0x11

LABEL_3E62:
	video type=1, offset=CINEMATIC_039, x=[0x01], y=100, zoom=0x40	;@raw=0x58,0x5F,0x18,0x01,0x64
	break	;@raw=0x06
	video type=1, offset=CINEMATIC_040, x=[0x01], y=103, zoom=0x40	;@raw=0x58,0x5F,0x5E,0x01,0x67
	break	;@raw=0x06
	video type=1, offset=CINEMATIC_041, x=[0x01], y=105, zoom=0x40	;@raw=0x58,0x5F,0xA4,0x01,0x69
	break	;@raw=0x06
	video type=1, offset=CINEMATIC_042, x=[0x01], y=106, zoom=0x40	;@raw=0x58,0x5F,0xE2,0x01,0x6A
	break	;@raw=0x06
	video type=1, offset=CINEMATIC_043, x=[0x01], y=107, zoom=0x40	;@raw=0x58,0x60,0x20,0x01,0x6B
	break	;@raw=0x06
	sub [0x01], 0x0003	;@raw=0x03,0x01,0xFF,0xFD
	video type=1, offset=CINEMATIC_043, x=[0x01], y=125, zoom=0x40	;@raw=0x58,0x60,0x20,0x01,0x7D
	break	;@raw=0x06
	sub [0x01], 0x0003	;@raw=0x03,0x01,0xFF,0xFD
	video type=1, offset=CINEMATIC_079, x=[0x01], y=153, zoom=0x40	;@raw=0x58,0x23,0x7A,0x01,0x99
	break	;@raw=0x06
	sub [0x01], 0x0003	;@raw=0x03,0x01,0xFF,0xFD
	video type=1, offset=CINEMATIC_079, x=[0x01], y=188, zoom=0x40	;@raw=0x58,0x23,0x7A,0x01,0xBC
	break	;@raw=0x06
	sub [0x01], 0x0003	;@raw=0x03,0x01,0xFF,0xFD
	video type=1, offset=CINEMATIC_079, x=[0x01], y=228, zoom=0x40	;@raw=0x58,0x23,0x7A,0x01,0xE4
	mov [0x6C], 0x0002	;@raw=0x00,0x6C,0x00,0x02
	setup channel=0x23, address=LABEL_3EBE	;@raw=0x08,0x23,0x3E,0xBE
	break	;@raw=0x06
	killChannel	;@raw=0x11
	deleteChannels first=0x00, last=0x3B	;@raw=0x0C,0x00,0x3B,0x02
	setup channel=0x3F, address=LABEL_1470	;@raw=0x08,0x3F,0x14,0x70
	setup channel=0x04, address=LABEL_1A72	;@raw=0x08,0x04,0x1A,0x72
	killChannel	;@raw=0x11

LABEL_3EBE:
	mov [0x29], 0x012C	;@raw=0x00,0x29,0x01,0x2C
	mov [0x2F], 0x0019	;@raw=0x00,0x2F,0x00,0x19
	jmp LABEL_4F94	;@raw=0x07,0x4F,0x94

LABEL_3EC9:
	video type=1, offset=CINEMATIC_035, x=[0x07], y=[0x08], zoom=0x40	;@raw=0x54,0x63,0x1E,0x07,0x08
	break	;@raw=0x06
	video type=1, offset=CINEMATIC_035, x=[0x07], y=[0x08], zoom=0x40	;@raw=0x54,0x63,0x1E,0x07,0x08
	break	;@raw=0x06
	video type=1, offset=CINEMATIC_035, x=[0x07], y=[0x08], zoom=0x40	;@raw=0x54,0x63,0x1E,0x07,0x08
	break	;@raw=0x06
	video type=1, offset=CINEMATIC_036, x=[0x07], y=[0x08], zoom=0x40	;@raw=0x54,0x63,0x48,0x07,0x08
	break	;@raw=0x06
	mov [0x29], 0x0005	;@raw=0x00,0x29,0x00,0x05

LABEL_3EE5:
	video type=1, offset=CINEMATIC_037, x=[0x07], y=[0x08], zoom=0x40	;@raw=0x54,0x63,0x32,0x07,0x08
	break	;@raw=0x06
	djnz [0x29], LABEL_3EE5	;@raw=0x09,0x29,0x3E,0xE5
	video type=1, offset=CINEMATIC_036, x=[0x07], y=[0x08], zoom=0x40	;@raw=0x54,0x63,0x48,0x07,0x08
	break	;@raw=0x06
	mov [0x29], 0x0005	;@raw=0x00,0x29,0x00,0x05

LABEL_3EF9:
	video type=1, offset=CINEMATIC_038, x=[0x07], y=[0x08], zoom=0x40	;@raw=0x54,0x63,0x5E,0x07,0x08
	break	;@raw=0x06
	djnz [0x29], LABEL_3EF9	;@raw=0x09,0x29,0x3E,0xF9
	video type=1, offset=CINEMATIC_036, x=[0x07], y=[0x08], zoom=0x40	;@raw=0x54,0x63,0x48,0x07,0x08
	break	;@raw=0x06
	mov [0x29], 0x0006	;@raw=0x00,0x29,0x00,0x06

LABEL_3F0D:
	video type=1, offset=CINEMATIC_037, x=[0x07], y=[0x08], zoom=0x40	;@raw=0x54,0x63,0x32,0x07,0x08
	break	;@raw=0x06
	djnz [0x29], LABEL_3F0D	;@raw=0x09,0x29,0x3F,0x0D
	video type=1, offset=CINEMATIC_037, x=[0x07], y=[0x08], zoom=0x40	;@raw=0x54,0x63,0x32,0x07,0x08
	deleteChannels first=0x00, last=0x3B	;@raw=0x0C,0x00,0x3B,0x02
	setup channel=0x3F, address=LABEL_1470	;@raw=0x08,0x3F,0x14,0x70
	setup channel=0x04, address=LABEL_1A72	;@raw=0x08,0x04,0x1A,0x72
	killChannel	;@raw=0x11
	video type=1, offset=CINEMATIC_039, x=[0x01], y=100, zoom=0x40	;@raw=0x58,0x5F,0x18,0x01,0x64
	break	;@raw=0x06
	video type=1, offset=CINEMATIC_040, x=[0x01], y=103, zoom=0x40	;@raw=0x58,0x5F,0x5E,0x01,0x67
	break	;@raw=0x06
	video type=1, offset=CINEMATIC_041, x=[0x01], y=123, zoom=0x40	;@raw=0x58,0x5F,0xA4,0x01,0x7B
	break	;@raw=0x06
	video type=1, offset=CINEMATIC_042, x=[0x01], y=153, zoom=0x40	;@raw=0x58,0x5F,0xE2,0x01,0x99
	break	;@raw=0x06
	video type=1, offset=CINEMATIC_043, x=[0x01], y=188, zoom=0x40	;@raw=0x58,0x60,0x20,0x01,0xBC
	break	;@raw=0x06
	video type=1, offset=CINEMATIC_043, x=[0x01], y=228, zoom=0x40	;@raw=0x58,0x60,0x20,0x01,0xE4
	sub [0x01], 0x0003	;@raw=0x03,0x01,0xFF,0xFD
	break	;@raw=0x06
	sub [0x01], 0x0003	;@raw=0x03,0x01,0xFF,0xFD
	mov [0x03], 0x000A	;@raw=0x00,0x03,0x00,0x0A

LABEL_3F59:
	break	;@raw=0x06
	djnz [0x03], LABEL_3F59	;@raw=0x09,0x03,0x3F,0x59
	break	;@raw=0x06
	deleteChannels first=0x00, last=0x3B	;@raw=0x0C,0x00,0x3B,0x02
	setup channel=0x3F, address=LABEL_1470	;@raw=0x08,0x3F,0x14,0x70
	setup channel=0x04, address=LABEL_1A72	;@raw=0x08,0x04,0x1A,0x72
	killChannel	;@raw=0x11

LABEL_3F6C:
	call LABEL_30C6	;@raw=0x04,0x30,0xC6
	mov [0x21], 0xFED4	;@raw=0x00,0x21,0xFE,0xD4
	add [0x21], [RANDOM_SEED]	;@raw=0x02,0x21,0x3C
	jne [HACK_VAR_67], 0x4B, LABEL_3F82	;@raw=0x0A,0x01,0x67,0x4B,0x3F,0x82
	jg [0x01], 0x3C, LABEL_3F93	;@raw=0x0A,0x02,0x01,0x3C,0x3F,0x93

LABEL_3F82:
	mov [0xF8], [0x04]	;@raw=0x01,0xF8,0x04
	and [0xF8], 0x0010	;@raw=0x14,0xF8,0x00,0x10
	jne [0xF8], 0x00, LABEL_3F93	;@raw=0x0A,0x01,0xF8,0x00,0x3F,0x93
	mov [0x21], 0xFFEC	;@raw=0x00,0x21,0xFF,0xEC

LABEL_3F93:
	mov [0x27], 0x0032	;@raw=0x00,0x27,0x00,0x32
	add [0x27], [RANDOM_SEED]	;@raw=0x02,0x27,0x3C
	or [0x27], 0x0000	;@raw=0x15,0x27,0x00,0x00
	or [0x27], 0x2000	;@raw=0x15,0x27,0x20,0x00
	call LABEL_5B75	;@raw=0x04,0x5B,0x75
	mov [0xF0], [0x3B]	;@raw=0x01,0xF0,0x3B
	add [0xF0], 0x0001	;@raw=0x03,0xF0,0x00,0x01

LABEL_3FAC:
	break	;@raw=0x06
	jl [0x01], 0x3C, LABEL_3F6C	;@raw=0x0A,0x04,0x01,0x3C,0x3F,0x6C
	djnz [0xF0], LABEL_3FAC	;@raw=0x09,0xF0,0x3F,0xAC
	jmp LABEL_3F6C	;@raw=0x07,0x3F,0x6C

LABEL_3FBA:
	call LABEL_30C6	;@raw=0x04,0x30,0xC6
	mov [0x21], 0xFED4	;@raw=0x00,0x21,0xFE,0xD4
	add [0x21], [RANDOM_SEED]	;@raw=0x02,0x21,0x3C
	jg [0x01], 0x28, LABEL_3FDB	;@raw=0x0A,0x02,0x01,0x28,0x3F,0xDB
	mov [0xF8], [0x04]	;@raw=0x01,0xF8,0x04
	and [0xF8], 0x0010	;@raw=0x14,0xF8,0x00,0x10
	jne [0xF8], 0x00, LABEL_3FDB	;@raw=0x0A,0x01,0xF8,0x00,0x3F,0xDB
	mov [0x21], 0xFFEC	;@raw=0x00,0x21,0xFF,0xEC

LABEL_3FDB:
	mov [0x27], 0x0032	;@raw=0x00,0x27,0x00,0x32
	add [0x27], [RANDOM_SEED]	;@raw=0x02,0x27,0x3C
	or [0x27], 0x0000	;@raw=0x15,0x27,0x00,0x00
	or [0x27], 0x2000	;@raw=0x15,0x27,0x20,0x00
	call LABEL_5B75	;@raw=0x04,0x5B,0x75
	mov [0xF0], [0x3B]	;@raw=0x01,0xF0,0x3B
	add [0xF0], 0x000A	;@raw=0x03,0xF0,0x00,0x0A
	break	;@raw=0x06
	jl [0x01], 0x28, LABEL_3FBA	;@raw=0x0A,0x04,0x01,0x28,0x3F,0xBA
	djnz [0xF0], LABEL_3FAC	;@raw=0x09,0xF0,0x3F,0xAC
	jmp LABEL_3FBA	;@raw=0x07,0x3F,0xBA

LABEL_4002:
	add [0x01], 0x0003	;@raw=0x03,0x01,0x00,0x03
	video type=1, offset=CINEMATIC_175, x=[0x01], y=[0x02], zoom=0x40	;@raw=0x54,0x1F,0xFA,0x01,0x02
	add [0x01], 0x0002	;@raw=0x03,0x01,0x00,0x02
	break	;@raw=0x06
	video type=1, offset=CINEMATIC_176, x=[0x01], y=[0x02], zoom=0x40	;@raw=0x54,0x20,0x32,0x01,0x02
	add [0x01], 0x0001	;@raw=0x03,0x01,0x00,0x01
	break	;@raw=0x06
	video type=1, offset=CINEMATIC_177, x=[0x01], y=[0x02], zoom=0x40	;@raw=0x54,0x20,0x7B,0x01,0x02
	break	;@raw=0x06
	video type=1, offset=CINEMATIC_176, x=[0x01], y=[0x02], zoom=0x40	;@raw=0x54,0x20,0x32,0x01,0x02
	jmp LABEL_40FF	;@raw=0x07,0x40,0xFF
LABEL_4028:
	db 0x11

LABEL_4029:
	sub [0x01], 0x0003	;@raw=0x03,0x01,0xFF,0xFD
	video type=1, offset=CINEMATIC_145, x=[0x01], y=[0x02], zoom=0x40	;@raw=0x54,0x0C,0xB1,0x01,0x02
	sub [0x01], 0x0002	;@raw=0x03,0x01,0xFF,0xFE
	break	;@raw=0x06
	video type=1, offset=CINEMATIC_146, x=[0x01], y=[0x02], zoom=0x40	;@raw=0x54,0x0C,0xF5,0x01,0x02
	sub [0x01], 0x0001	;@raw=0x03,0x01,0xFF,0xFF
	mov [0x03], 0x0003	;@raw=0x00,0x03,0x00,0x03

LABEL_4044:
	break	;@raw=0x06
	video type=1, offset=CINEMATIC_147, x=[0x01], y=[0x02], zoom=0x40	;@raw=0x54,0x0D,0x56,0x01,0x02
	djnz [0x03], LABEL_4044	;@raw=0x09,0x03,0x40,0x44
	setup channel=0x15, address=LABEL_4064	;@raw=0x08,0x15,0x40,0x64
	mov [0x03], 0x0003	;@raw=0x00,0x03,0x00,0x03

LABEL_4056:
	break	;@raw=0x06
	video type=1, offset=CINEMATIC_148, x=[0x01], y=[0x02], zoom=0x40	;@raw=0x54,0x0D,0x72,0x01,0x02
	djnz [0x03], LABEL_4056	;@raw=0x09,0x03,0x40,0x56
	jmp LABEL_40FF	;@raw=0x07,0x40,0xFF
LABEL_4063:
	db 0x11

LABEL_4064:
	video type=1, offset=CINEMATIC_161, x=[0x01], y=[0x02], zoom=0x40	;@raw=0x54,0x0D,0x8C,0x01,0x02
	break	;@raw=0x06
	video type=1, offset=CINEMATIC_162, x=[0x01], y=[0x02], zoom=0x40	;@raw=0x54,0x0D,0xAC,0x01,0x02
	break	;@raw=0x06
	video type=1, offset=CINEMATIC_163, x=[0x01], y=[0x02], zoom=0x40	;@raw=0x54,0x0D,0xB0,0x01,0x02
	break	;@raw=0x06
	video type=1, offset=CINEMATIC_164, x=[0x01], y=[0x02], zoom=0x40	;@raw=0x54,0x0D,0xB4,0x01,0x02
	break	;@raw=0x06
	video type=1, offset=CINEMATIC_165, x=[0x01], y=[0x02], zoom=0x40	;@raw=0x54,0x0D,0xB8,0x01,0x02
	break	;@raw=0x06
	video type=1, offset=CINEMATIC_166, x=[0x01], y=[0x02], zoom=0x40	;@raw=0x54,0x0D,0xBC,0x01,0x02
	break	;@raw=0x06
	video type=1, offset=CINEMATIC_167, x=[0x01], y=[0x02], zoom=0x40	;@raw=0x54,0x0D,0xC0,0x01,0x02
	break	;@raw=0x06
	video type=1, offset=CINEMATIC_168, x=[0x01], y=[0x02], zoom=0x40	;@raw=0x54,0x0D,0xC4,0x01,0x02
	break	;@raw=0x06
	video type=1, offset=CINEMATIC_169, x=[0x01], y=[0x02], zoom=0x40	;@raw=0x54,0x0D,0xC8,0x01,0x02
	break	;@raw=0x06
	video type=1, offset=CINEMATIC_170, x=[0x01], y=[0x02], zoom=0x40	;@raw=0x54,0x0D,0xCC,0x01,0x02
	break	;@raw=0x06
	video type=1, offset=CINEMATIC_171, x=[0x01], y=[0x02], zoom=0x40	;@raw=0x54,0x0D,0xD0,0x01,0x02
	break	;@raw=0x06
	video type=1, offset=CINEMATIC_172, x=[0x01], y=[0x02], zoom=0x40	;@raw=0x54,0x0D,0xD4,0x01,0x02
	break	;@raw=0x06
	video type=1, offset=CINEMATIC_173, x=[0x01], y=[0x02], zoom=0x40	;@raw=0x54,0x0D,0xE2,0x01,0x02
	break	;@raw=0x06
	video type=1, offset=CINEMATIC_174, x=[0x01], y=[0x02], zoom=0x40	;@raw=0x54,0x0D,0xE6,0x01,0x02
	break	;@raw=0x06
	video type=1, offset=CINEMATIC_173, x=[0x01], y=[0x02], zoom=0x40	;@raw=0x54,0x0D,0xE2,0x01,0x02
	break	;@raw=0x06
	video type=1, offset=CINEMATIC_173, x=[0x01], y=[0x02], zoom=0x40	;@raw=0x54,0x0D,0xE2,0x01,0x02

LABEL_40C3:
	break	;@raw=0x06
	video type=1, offset=CINEMATIC_172, x=[0x01], y=[0x02], zoom=0x40	;@raw=0x54,0x0D,0xD4,0x01,0x02
	jmp LABEL_40C3	;@raw=0x07,0x40,0xC3
LABEL_40CC:
	db 0x11

LABEL_40CD:
	video type=1, offset=CINEMATIC_178, x=[0x01], y=[0x02], zoom=0x40	;@raw=0x54,0x1F,0x76,0x01,0x02
	break	;@raw=0x06
	video type=1, offset=CINEMATIC_179, x=[0x01], y=[0x02], zoom=0x40	;@raw=0x54,0x1F,0xA8,0x01,0x02
	break	;@raw=0x06
	video type=1, offset=CINEMATIC_180, x=[0x01], y=[0x02], zoom=0x40	;@raw=0x54,0x1F,0xDC,0x01,0x02
	break	;@raw=0x06
	video type=1, offset=CINEMATIC_179, x=[0x01], y=[0x02], zoom=0x40	;@raw=0x54,0x1F,0xA8,0x01,0x02
	jmp LABEL_40FF	;@raw=0x07,0x40,0xFF
LABEL_40E7:
	db 0x11

LABEL_40E8:
	video type=1, offset=CINEMATIC_158, x=[0x01], y=[0x02], zoom=0x40	;@raw=0x54,0x0B,0xDD,0x01,0x02
	break	;@raw=0x06
	video type=1, offset=CINEMATIC_159, x=[0x01], y=[0x02], zoom=0x40	;@raw=0x54,0x0C,0x1B,0x01,0x02
	break	;@raw=0x06
	video type=1, offset=CINEMATIC_160, x=[0x01], y=[0x02], zoom=0x40	;@raw=0x54,0x0C,0x93,0x01,0x02
	break	;@raw=0x06
	video type=1, offset=CINEMATIC_159, x=[0x01], y=[0x02], zoom=0x40	;@raw=0x54,0x0C,0x1B,0x01,0x02

LABEL_40FF:
	selectVideoPage 0x00	;@raw=0x0D,0x00
	play id=0x005A, freq=0x14, vol=0x40, channel=0x01	;@raw=0x18,0x00,0x5A,0x14,0x40,0x01
	video type=1, offset=CINEMATIC_149, x=[0x01], y=[0x02], zoom=0x40	;@raw=0x54,0x16,0xFF,0x01,0x02
	selectVideoPage 0xFF	;@raw=0x0D,0xFF
	break	;@raw=0x06
	video type=1, offset=CINEMATIC_150, x=[0x01], y=[0x02], zoom=0x40	;@raw=0x54,0x16,0x99,0x01,0x02
	break	;@raw=0x06
	video type=1, offset=CINEMATIC_151, x=[0x01], y=[0x02], zoom=0x40	;@raw=0x54,0x17,0x09,0x01,0x02
	break	;@raw=0x06
	video type=1, offset=CINEMATIC_152, x=[0x01], y=[0x02], zoom=0x40	;@raw=0x54,0x17,0x4F,0x01,0x02
	selectVideoPage 0x00	;@raw=0x0D,0x00
	video type=1, offset=CINEMATIC_153, x=[0x01], y=[0x02], zoom=0x40	;@raw=0x54,0x17,0x8B,0x01,0x02
	selectVideoPage 0xFF	;@raw=0x0D,0xFF
	break	;@raw=0x06
	video type=1, offset=CINEMATIC_154, x=[0x01], y=[0x02], zoom=0x40	;@raw=0x54,0x17,0x9F,0x01,0x02
	break	;@raw=0x06
	video type=1, offset=CINEMATIC_155, x=[0x01], y=[0x02], zoom=0x40	;@raw=0x54,0x17,0xBD,0x01,0x02
	break	;@raw=0x06
	video type=1, offset=CINEMATIC_156, x=[0x01], y=[0x02], zoom=0x40	;@raw=0x54,0x17,0xE7,0x01,0x02
	selectVideoPage 0x00	;@raw=0x0D,0x00
	video type=1, offset=CINEMATIC_157, x=[0x01], y=[0x02], zoom=0x40	;@raw=0x54,0x18,0x07,0x01,0x02
	selectVideoPage 0xFF	;@raw=0x0D,0xFF
	killChannel	;@raw=0x11
	video type=1, offset=CINEMATIC_158, x=[0x01], y=[0x02], zoom=0x40	;@raw=0x54,0x0B,0xDD,0x01,0x02
	break	;@raw=0x06
	video type=1, offset=CINEMATIC_159, x=[0x01], y=[0x02], zoom=0x40	;@raw=0x54,0x0C,0x1B,0x01,0x02

LABEL_4150:
	break	;@raw=0x06
	video type=1, offset=CINEMATIC_160, x=[0x01], y=[0x02], zoom=0x40	;@raw=0x54,0x0C,0x93,0x01,0x02
	jmp LABEL_4150	;@raw=0x07,0x41,0x50
	killChannel	;@raw=0x11
	video type=1, offset=CINEMATIC_226, x=[0x07], y=[0x08], zoom=0x40	;@raw=0x54,0x11,0x92,0x07,0x08
	break	;@raw=0x06
	video type=1, offset=CINEMATIC_707, x=[0x07], y=[0x08], zoom=0x40	;@raw=0x54,0x1A,0x6E,0x07,0x08
	break	;@raw=0x06
	video type=1, offset=CINEMATIC_227, x=[0x07], y=[0x08], zoom=0x40	;@raw=0x54,0x11,0xCE,0x07,0x08
	break	;@raw=0x06
	jmp LABEL_4170	;@raw=0x07,0x41,0x70
LABEL_416F:
	db 0x11

LABEL_4170:
	or [0x11], 0x4000	;@raw=0x15,0x11,0x40,0x00
	jne [0x10], [HACK_VAR_67], LABEL_41D6	;@raw=0x0A,0x81,0x10,0x67,0x41,0xD6
	play id=0x005A, freq=0x14, vol=0x40, channel=0x00	;@raw=0x18,0x00,0x5A,0x14,0x40,0x00
	video type=1, offset=CINEMATIC_217, x=[0x07], y=[0x08], zoom=0x40	;@raw=0x54,0x18,0x17,0x07,0x08
	break	;@raw=0x06
	jne [0x10], [HACK_VAR_67], LABEL_41D6	;@raw=0x0A,0x81,0x10,0x67,0x41,0xD6
	video type=1, offset=CINEMATIC_218, x=[0x07], y=[0x08], zoom=0x40	;@raw=0x54,0x18,0x77,0x07,0x08
	break	;@raw=0x06
	jne [0x10], [HACK_VAR_67], LABEL_41D6	;@raw=0x0A,0x81,0x10,0x67,0x41,0xD6
	video type=1, offset=CINEMATIC_219, x=[0x07], y=[0x08], zoom=0x40	;@raw=0x54,0x18,0xBF,0x07,0x08
	break	;@raw=0x06
	jne [0x10], [HACK_VAR_67], LABEL_41D6	;@raw=0x0A,0x81,0x10,0x67,0x41,0xD6
	video type=1, offset=CINEMATIC_220, x=[0x07], y=[0x08], zoom=0x40	;@raw=0x54,0x19,0x07,0x07,0x08
	break	;@raw=0x06
	jne [0x10], [HACK_VAR_67], LABEL_41D6	;@raw=0x0A,0x81,0x10,0x67,0x41,0xD6
	video type=1, offset=CINEMATIC_221, x=[0x07], y=[0x08], zoom=0x40	;@raw=0x54,0x19,0x4D,0x07,0x08
	break	;@raw=0x06
	jne [0x10], [HACK_VAR_67], LABEL_41D6	;@raw=0x0A,0x81,0x10,0x67,0x41,0xD6
	video type=1, offset=CINEMATIC_222, x=[0x07], y=[0x08], zoom=0x40	;@raw=0x54,0x19,0x8D,0x07,0x08
	break	;@raw=0x06
	jne [0x10], [HACK_VAR_67], LABEL_41D6	;@raw=0x0A,0x81,0x10,0x67,0x41,0xD6
	video type=1, offset=CINEMATIC_223, x=[0x07], y=[0x08], zoom=0x40	;@raw=0x54,0x19,0xC1,0x07,0x08
	selectVideoPage 0x00	;@raw=0x0D,0x00
	video type=1, offset=CINEMATIC_224, x=[0x07], y=[0x08], zoom=0x40	;@raw=0x54,0x19,0xF1,0x07,0x08
	selectVideoPage 0xFF	;@raw=0x0D,0xFF

LABEL_41D6:
	call LABEL_5093	;@raw=0x04,0x50,0x93
	jmp LABEL_41DD	;@raw=0x07,0x41,0xDD
LABEL_41DC:
	db 0x11

LABEL_41DD:
	call LABEL_50A6	;@raw=0x04,0x50,0xA6
	jne [0x2F], 0x00, LABEL_4F94	;@raw=0x0A,0x01,0x2F,0x00,0x4F,0x94
	break	;@raw=0x06
	jmp LABEL_41DD	;@raw=0x07,0x41,0xDD
LABEL_41EA:
	db 0x11

LABEL_41EB:
	jne [0x10], [HACK_VAR_67], LABEL_4170	;@raw=0x0A,0x81,0x10,0x67,0x41,0x70
	video type=1, offset=CINEMATIC_226, x=[0x07], y=[0x08], zoom=0x40	;@raw=0x54,0x11,0x92,0x07,0x08
	break	;@raw=0x06
	jne [0x10], [HACK_VAR_67], LABEL_4170	;@raw=0x0A,0x81,0x10,0x67,0x41,0x70
	video type=1, offset=CINEMATIC_227, x=[0x07], y=[0x08], zoom=0x40	;@raw=0x54,0x11,0xCE,0x07,0x08
	mov [0x29], 0x0014	;@raw=0x00,0x29,0x00,0x14

LABEL_4206:
	break	;@raw=0x06
	jne [0x10], [HACK_VAR_67], LABEL_4170	;@raw=0x0A,0x81,0x10,0x67,0x41,0x70
	video type=1, offset=CINEMATIC_228, x=[0x07], y=[0x08], zoom=0x40	;@raw=0x54,0x12,0x4D,0x07,0x08
	jge [0x11], 0x4000, LABEL_421D	;@raw=0x0A,0x43,0x11,0x40,0x00,0x42,0x1D
	djnz [0x29], LABEL_4206	;@raw=0x09,0x29,0x42,0x06

LABEL_421D:
	break	;@raw=0x06
	jne [0x10], [HACK_VAR_67], LABEL_4170	;@raw=0x0A,0x81,0x10,0x67,0x41,0x70
	video type=1, offset=CINEMATIC_227, x=[0x07], y=[0x08], zoom=0x40	;@raw=0x54,0x11,0xCE,0x07,0x08
	break	;@raw=0x06
	jmp LABEL_4170	;@raw=0x07,0x41,0x70
	killChannel	;@raw=0x11
	video type=1, offset=CINEMATIC_215, x=[0x07], y=[0x08], zoom=0x40	;@raw=0x54,0x20,0x9B,0x07,0x08
	break	;@raw=0x06
	video type=1, offset=CINEMATIC_707, x=[0x07], y=[0x08], zoom=0x40	;@raw=0x54,0x1A,0x6E,0x07,0x08
	break	;@raw=0x06
	video type=1, offset=CINEMATIC_216, x=[0x07], y=[0x08], zoom=0x40	;@raw=0x54,0x20,0xD7,0x07,0x08
	break	;@raw=0x06
	jmp LABEL_4170	;@raw=0x07,0x41,0x70
LABEL_4243:
	db 0x11

LABEL_4244:
	video type=1, offset=CINEMATIC_215, x=[0x07], y=[0x08], zoom=0x40	;@raw=0x54,0x20,0x9B,0x07,0x08
	break	;@raw=0x06
	video type=1, offset=CINEMATIC_216, x=[0x07], y=[0x08], zoom=0x40	;@raw=0x54,0x20,0xD7,0x07,0x08
	mov [0x29], 0x0014	;@raw=0x00,0x29,0x00,0x14

LABEL_4253:
	break	;@raw=0x06
	jne [0x10], [HACK_VAR_67], LABEL_4170	;@raw=0x0A,0x81,0x10,0x67,0x41,0x70
	video type=1, offset=CINEMATIC_225, x=[0x07], y=[0x08], zoom=0x40	;@raw=0x54,0x21,0x23,0x07,0x08
	jge [0x11], 0x4000, LABEL_426A	;@raw=0x0A,0x43,0x11,0x40,0x00,0x42,0x6A
	djnz [0x29], LABEL_4253	;@raw=0x09,0x29,0x42,0x53

LABEL_426A:
	break	;@raw=0x06
	jne [0x10], [HACK_VAR_67], LABEL_4170	;@raw=0x0A,0x81,0x10,0x67,0x41,0x70
	video type=1, offset=CINEMATIC_216, x=[0x07], y=[0x08], zoom=0x40	;@raw=0x54,0x20,0xD7,0x07,0x08
	break	;@raw=0x06
	jmp LABEL_4170	;@raw=0x07,0x41,0x70
LABEL_427A:
	db 0x11

LABEL_427B:
	mov [0x29], [0x09]	;@raw=0x01,0x29,0x09
	and [0x09], 0x1FFF	;@raw=0x14,0x09,0x1F,0xFF
	mov [0x08], [0x40]	;@raw=0x01,0x08,0x40
	jl [0x09], 0x1000, DERIVE_VAR12_11_10_FROM_VAR9	;@raw=0x0A,0x44,0x09,0x10,0x00,0x42,0x8F
	mov [0x08], [0x44]	;@raw=0x01,0x08,0x44

DERIVE_VAR12_11_10_FROM_VAR9:
	and [0x09], 0x03FF	;@raw=0x14,0x09,0x03,0xFF
	mov [0x12], [0x09]	;@raw=0x01,0x12,0x09
	shr [0x12], 0x0007	;@raw=0x17,0x12,0x00,0x07
	mov [0x11], [0x12]	;@raw=0x01,0x11,0x12
	shr [0x11], 0x0001	;@raw=0x17,0x11,0x00,0x01
	mov [0x10], [0x11]	;@raw=0x01,0x10,0x11
	shr [0x10], 0x0001	;@raw=0x17,0x10,0x00,0x01
	and [0x12], 0x0001	;@raw=0x14,0x12,0x00,0x01
	and [0x11], 0x0001	;@raw=0x14,0x11,0x00,0x01
	mov [0x13], [0x10]	;@raw=0x01,0x13,0x10
	add [0x13], [0x11]	;@raw=0x02,0x13,0x11
	add [0x13], [0x12]	;@raw=0x02,0x13,0x12
	and [0x09], 0x007F	;@raw=0x14,0x09,0x00,0x7F
	mov [0x0E], [0x09]	;@raw=0x01,0x0E,0x09
	shr [0x0E], 0x0003	;@raw=0x17,0x0E,0x00,0x03
	mov [0x0D], [0x0E]	;@raw=0x01,0x0D,0x0E
	shr [0x0D], 0x0002	;@raw=0x17,0x0D,0x00,0x02
	and [0x0E], 0x0003	;@raw=0x14,0x0E,0x00,0x03
	and [0x09], 0x0007	;@raw=0x14,0x09,0x00,0x07
	ret	;@raw=0x05
LABEL_42D4:
	db 0x11

LABEL_42D5:
	call LABEL_427B	;@raw=0x04,0x42,0x7B
	jne [0x13], [0x0E], LABEL_438B	;@raw=0x0A,0x81,0x13,0x0E,0x43,0x8B
	mov [0x13], 0x0000	;@raw=0x00,0x13,0x00,0x00
	je [0x0D], 0x00, LABEL_4334	;@raw=0x0A,0x00,0x0D,0x00,0x43,0x34
	jg [0x0D], 0x02, LABEL_431B	;@raw=0x0A,0x02,0x0D,0x02,0x43,0x1B
	jne [0x6A], [HACK_VAR_67], LABEL_42FD	;@raw=0x0A,0x81,0x6A,0x67,0x42,0xFD
	mov [0x24], [0x68]	;@raw=0x01,0x24,0x68
	mov [0x25], [0x69]	;@raw=0x01,0x25,0x69
	call LABEL_438D	;@raw=0x04,0x43,0x8D

LABEL_42FD:
	jne [0x72], [HACK_VAR_67], LABEL_430C	;@raw=0x0A,0x81,0x72,0x67,0x43,0x0C
	mov [0x24], [0x70]	;@raw=0x01,0x24,0x70
	mov [0x25], [0x71]	;@raw=0x01,0x25,0x71
	call LABEL_438D	;@raw=0x04,0x43,0x8D

LABEL_430C:
	jne [0x7A], [HACK_VAR_67], LABEL_431B	;@raw=0x0A,0x81,0x7A,0x67,0x43,0x1B
	mov [0x24], [0x78]	;@raw=0x01,0x24,0x78
	mov [0x25], [0x79]	;@raw=0x01,0x25,0x79
	call LABEL_438D	;@raw=0x04,0x43,0x8D

LABEL_431B:
	jl [0x0D], 0x02, LABEL_4334	;@raw=0x0A,0x04,0x0D,0x02,0x43,0x34
	mov [0x24], [0x01]	;@raw=0x01,0x24,0x01
	mov [0x25], [0x02]	;@raw=0x01,0x25,0x02
	call LABEL_438D	;@raw=0x04,0x43,0x8D
	jne [0x0D], 0x03, LABEL_4334	;@raw=0x0A,0x01,0x0D,0x03,0x43,0x34
	mov [0x13], 0x0001	;@raw=0x00,0x13,0x00,0x01

LABEL_4334:
	jne [0x13], 0x01, LABEL_434E	;@raw=0x0A,0x01,0x13,0x01,0x43,0x4E
	jge [0x29], 0x2000, LABEL_435F	;@raw=0x0A,0x43,0x29,0x20,0x00,0x43,0x5F
	play id=0x005F, freq=0x1C, vol=0x40, channel=0x00	;@raw=0x18,0x00,0x5F,0x1C,0x40,0x00
	add [0x29], 0x2000	;@raw=0x03,0x29,0x20,0x00
	jmp LABEL_435F	;@raw=0x07,0x43,0x5F

LABEL_434E:
	jl [0x29], 0x2000, LABEL_435F	;@raw=0x0A,0x44,0x29,0x20,0x00,0x43,0x5F
	sub [0x29], 0x2000	;@raw=0x03,0x29,0xE0,0x00
	play id=0x005F, freq=0x14, vol=0x40, channel=0x00	;@raw=0x18,0x00,0x5F,0x14,0x40,0x00

LABEL_435F:
	jl [0x29], 0x2000, LABEL_437A	;@raw=0x0A,0x44,0x29,0x20,0x00,0x43,0x7A
	jl [0x09], 0x01, LABEL_438B	;@raw=0x0A,0x04,0x09,0x01,0x43,0x8B
	sub [0x29], 0x0001	;@raw=0x03,0x29,0xFF,0xFF
	sub [0x09], 0x0001	;@raw=0x03,0x09,0xFF,0xFF
	call LABEL_43B2	;@raw=0x04,0x43,0xB2
	jmp LABEL_438B	;@raw=0x07,0x43,0x8B

LABEL_437A:
	jg [0x09], 0x04, LABEL_438B	;@raw=0x0A,0x02,0x09,0x04,0x43,0x8B
	add [0x29], 0x0001	;@raw=0x03,0x29,0x00,0x01
	add [0x09], 0x0001	;@raw=0x03,0x09,0x00,0x01
	call LABEL_43B2	;@raw=0x04,0x43,0xB2

LABEL_438B:
	ret	;@raw=0x05
LABEL_438C:
	db 0x11

LABEL_438D:
	jne [0x08], [0x25], LABEL_43B1	;@raw=0x0A,0x81,0x08,0x25,0x43,0xB1
	mov [0x21], [0x07]	;@raw=0x01,0x21,0x07
	mov [0x22], [0x07]	;@raw=0x01,0x22,0x07
	sub [0x21], 0x001E	;@raw=0x03,0x21,0xFF,0xE2
	add [0x22], 0x0032	;@raw=0x03,0x22,0x00,0x32
	jl [0x24], [0x21], LABEL_43B1	;@raw=0x0A,0x84,0x24,0x21,0x43,0xB1
	jg [0x24], [0x22], LABEL_43B1	;@raw=0x0A,0x82,0x24,0x22,0x43,0xB1
	mov [0x13], 0x0001	;@raw=0x00,0x13,0x00,0x01

LABEL_43B1:
	ret	;@raw=0x05

LABEL_43B2:
	mov [0x26], [0x07]	;@raw=0x01,0x26,0x07
	jne [0x10], 0x01, LABEL_43BE	;@raw=0x0A,0x01,0x10,0x01,0x43,0xBE
	call LABEL_43DA	;@raw=0x04,0x43,0xDA

LABEL_43BE:
	add [0x26], 0x000A	;@raw=0x03,0x26,0x00,0x0A
	jne [0x11], 0x01, LABEL_43CB	;@raw=0x0A,0x01,0x11,0x01,0x43,0xCB
	call LABEL_43DA	;@raw=0x04,0x43,0xDA

LABEL_43CB:
	add [0x26], 0x000A	;@raw=0x03,0x26,0x00,0x0A
	jne [0x12], 0x01, LABEL_43D8	;@raw=0x0A,0x01,0x12,0x01,0x43,0xD8
	call LABEL_43DA	;@raw=0x04,0x43,0xDA

LABEL_43D8:
	ret	;@raw=0x05
LABEL_43D9:
	db 0x11

LABEL_43DA:
	jne [0x09], 0x01, LABEL_43E6	;@raw=0x0A,0x01,0x09,0x01,0x43,0xE6
	ret	;@raw=0x05
	video type=1, offset=CINEMATIC_686, x=[0x26], y=[0x08], zoom=0x40	;@raw=0x54,0x0E,0x34,0x26,0x08

LABEL_43E6:
	jne [0x09], 0x02, LABEL_43F2	;@raw=0x0A,0x01,0x09,0x02,0x43,0xF2
	video type=1, offset=CINEMATIC_688, x=[0x26], y=[0x08], zoom=0x40	;@raw=0x54,0x0E,0x28,0x26,0x08
	ret	;@raw=0x05

LABEL_43F2:
	jne [0x09], 0x03, LABEL_4407	;@raw=0x0A,0x01,0x09,0x03,0x44,0x07
	selectVideoPage 0x00	;@raw=0x0D,0x00
	video type=1, offset=CINEMATIC_686, x=[0x26], y=[0x08], zoom=0x40	;@raw=0x54,0x0E,0x34,0x26,0x08
	selectVideoPage 0xFF	;@raw=0x0D,0xFF
	video type=1, offset=CINEMATIC_687, x=[0x26], y=[0x08], zoom=0x40	;@raw=0x54,0x0E,0x10,0x26,0x08
	ret	;@raw=0x05

LABEL_4407:
	jne [0x09], 0x04, LABEL_441C	;@raw=0x0A,0x01,0x09,0x04,0x44,0x1C
	selectVideoPage 0x00	;@raw=0x0D,0x00
	video type=1, offset=CINEMATIC_497, x=[0x26], y=[0x08], zoom=0x40	;@raw=0x54,0x0E,0x06,0x26,0x08
	selectVideoPage 0xFF	;@raw=0x0D,0xFF
	video type=1, offset=CINEMATIC_497, x=[0x26], y=[0x08], zoom=0x40	;@raw=0x54,0x0E,0x06,0x26,0x08
	ret	;@raw=0x05

LABEL_441C:
	ret	;@raw=0x05
LABEL_441D:
	db 0x11

LABEL_441E:
	je [0x49], 0x7FFF, LABEL_4438	;@raw=0x0A,0x40,0x49,0x7F,0xFF,0x44,0x38
	jge [0x49], 0x4000, LABEL_4438	;@raw=0x0A,0x43,0x49,0x40,0x00,0x44,0x38
	mov [0x07], [0x48]	;@raw=0x01,0x07,0x48
	mov [0x09], [0x49]	;@raw=0x01,0x09,0x49
	call LABEL_42D5	;@raw=0x04,0x42,0xD5
	mov [0x49], [0x29]	;@raw=0x01,0x49,0x29

LABEL_4438:
	je [0x4B], 0x7FFF, LABEL_4452	;@raw=0x0A,0x40,0x4B,0x7F,0xFF,0x44,0x52
	jge [0x4B], 0x4000, LABEL_4452	;@raw=0x0A,0x43,0x4B,0x40,0x00,0x44,0x52
	mov [0x07], [0x4A]	;@raw=0x01,0x07,0x4A
	mov [0x09], [0x4B]	;@raw=0x01,0x09,0x4B
	call LABEL_42D5	;@raw=0x04,0x42,0xD5
	mov [0x4B], [0x29]	;@raw=0x01,0x4B,0x29

LABEL_4452:
	je [0x4D], 0x7FFF, LABEL_446C	;@raw=0x0A,0x40,0x4D,0x7F,0xFF,0x44,0x6C
	jge [0x4D], 0x4000, LABEL_446C	;@raw=0x0A,0x43,0x4D,0x40,0x00,0x44,0x6C
	mov [0x07], [0x4C]	;@raw=0x01,0x07,0x4C
	mov [0x09], [0x4D]	;@raw=0x01,0x09,0x4D
	call LABEL_42D5	;@raw=0x04,0x42,0xD5
	mov [0x4D], [0x29]	;@raw=0x01,0x4D,0x29

LABEL_446C:
	break	;@raw=0x06
	jmp LABEL_441E	;@raw=0x07,0x44,0x1E
LABEL_4470:
	db 0x11

LABEL_4471:
	je [0x49], 0x7FFF, LABEL_4481	;@raw=0x0A,0x40,0x49,0x7F,0xFF,0x44,0x81
	mov [0x07], [0x48]	;@raw=0x01,0x07,0x48
	mov [0x09], [0x49]	;@raw=0x01,0x09,0x49
	call LABEL_44A2	;@raw=0x04,0x44,0xA2

LABEL_4481:
	je [0x4B], 0x7FFF, LABEL_4491	;@raw=0x0A,0x40,0x4B,0x7F,0xFF,0x44,0x91
	mov [0x07], [0x4A]	;@raw=0x01,0x07,0x4A
	mov [0x09], [0x4B]	;@raw=0x01,0x09,0x4B
	call LABEL_44A2	;@raw=0x04,0x44,0xA2

LABEL_4491:
	je [0x4D], 0x7FFF, LABEL_78B5	;@raw=0x0A,0x40,0x4D,0x7F,0xFF,0x78,0xB5
	mov [0x07], [0x4C]	;@raw=0x01,0x07,0x4C
	mov [0x09], [0x4D]	;@raw=0x01,0x09,0x4D
	call LABEL_44A2	;@raw=0x04,0x44,0xA2
	ret	;@raw=0x05

LABEL_44A2:
	call LABEL_427B	;@raw=0x04,0x42,0x7B
	call LABEL_44A9	;@raw=0x04,0x44,0xA9
	ret	;@raw=0x05

LABEL_44A9:
	video type=1, offset=CINEMATIC_496, x=[0x07], y=[0x08], zoom=0x40	;@raw=0x54,0x14,0x2F,0x07,0x08
	jne [0x10], 0x01, LABEL_44B9	;@raw=0x0A,0x01,0x10,0x01,0x44,0xB9
	video type=1, offset=CINEMATIC_497, x=[0x07], y=[0x08], zoom=0x40	;@raw=0x54,0x0E,0x06,0x07,0x08

LABEL_44B9:
	add [0x07], 0x000A	;@raw=0x03,0x07,0x00,0x0A
	jl [0x0E], 0x02, LABEL_78B5	;@raw=0x0A,0x04,0x0E,0x02,0x78,0xB5
	video type=1, offset=CINEMATIC_496, x=[0x07], y=[0x08], zoom=0x40	;@raw=0x54,0x14,0x2F,0x07,0x08
	jne [0x11], 0x01, LABEL_44D3	;@raw=0x0A,0x01,0x11,0x01,0x44,0xD3
	video type=1, offset=CINEMATIC_497, x=[0x07], y=[0x08], zoom=0x40	;@raw=0x54,0x0E,0x06,0x07,0x08

LABEL_44D3:
	add [0x07], 0x000A	;@raw=0x03,0x07,0x00,0x0A
	jl [0x0E], 0x03, LABEL_78B5	;@raw=0x0A,0x04,0x0E,0x03,0x78,0xB5
	video type=1, offset=CINEMATIC_496, x=[0x07], y=[0x08], zoom=0x40	;@raw=0x54,0x14,0x2F,0x07,0x08
	jne [0x12], 0x01, LABEL_78B5	;@raw=0x0A,0x01,0x12,0x01,0x78,0xB5
	video type=1, offset=CINEMATIC_497, x=[0x07], y=[0x08], zoom=0x40	;@raw=0x54,0x0E,0x06,0x07,0x08
	ret	;@raw=0x05
LABEL_44EE:
	db 0x11

LABEL_44EF:
	jl [0x07], 0x0150, LABEL_4512	;@raw=0x0A,0x44,0x07,0x01,0x50,0x45,0x12
	mov [0x2C], [0x10]	;@raw=0x01,0x2C,0x10
	add [0x10], 0x0001	;@raw=0x03,0x10,0x00,0x01
	sub [0x29], 0x0154	;@raw=0x03,0x29,0xFE,0xAC
	sub [0x07], 0x015F	;@raw=0x03,0x07,0xFE,0xA1
	jne [0x10], 0x8F, LABEL_4528	;@raw=0x0A,0x01,0x10,0x8F,0x45,0x28
	mov [0x10], 0x006F	;@raw=0x00,0x10,0x00,0x6F
	jmp LABEL_4528	;@raw=0x07,0x45,0x28

LABEL_4512:
	jg [0x07], 0xFFF0, LABEL_4548	;@raw=0x0A,0x42,0x07,0xFF,0xF0,0x45,0x48
	mov [0x2C], [0x10]	;@raw=0x01,0x2C,0x10
	sub [0x10], 0x0001	;@raw=0x03,0x10,0xFF,0xFF
	add [0x29], 0x0154	;@raw=0x03,0x29,0x01,0x54
	add [0x07], 0x015F	;@raw=0x03,0x07,0x01,0x5F

LABEL_4528:
	mov [0x27], [0x2C]	;@raw=0x01,0x27,0x2C
	call LABEL_731A	;@raw=0x04,0x73,0x1A
	mov [0x08], [0x22]	;@raw=0x01,0x08,0x22
	ret	;@raw=0x05
	mov [0x2C], [0x21]	;@raw=0x01,0x2C,0x21
	mov [0x27], [0x10]	;@raw=0x01,0x27,0x10
	call LABEL_731A	;@raw=0x04,0x73,0x1A
	jne [0x08], [0x2C], LABEL_4545	;@raw=0x0A,0x81,0x08,0x2C,0x45,0x45
	mov [0x08], [0x21]	;@raw=0x01,0x08,0x21
	ret	;@raw=0x05

LABEL_4545:
	mov [0x08], [0x22]	;@raw=0x01,0x08,0x22

LABEL_4548:
	mov [0x27], [0x11]	;@raw=0x01,0x27,0x11
	and [0x27], 0x0200	;@raw=0x14,0x27,0x02,0x00
	jne [0x27], 0x00, LABEL_78B5	;@raw=0x0A,0x01,0x27,0x00,0x78,0xB5
	call LABEL_731A	;@raw=0x04,0x73,0x1A
	mov [0x08], [0x22]	;@raw=0x01,0x08,0x22
	ret	;@raw=0x05

LABEL_455C:
	call LABEL_44EF	;@raw=0x04,0x44,0xEF
	shl [0x0E], 0x000C	;@raw=0x16,0x0E,0x00,0x0C
	shl [0x0D], 0x000B	;@raw=0x16,0x0D,0x00,0x0B
	add [0x09], [0x0E]	;@raw=0x02,0x09,0x0E
	add [0x09], [0x0D]	;@raw=0x02,0x09,0x0D
	ret	;@raw=0x05

LABEL_456E:
	mov [0x0D], [0x09]	;@raw=0x01,0x0D,0x09
	shr [0x0D], 0x000B	;@raw=0x17,0x0D,0x00,0x0B
	mov [0x0E], [0x0D]	;@raw=0x01,0x0E,0x0D
	and [0x0D], 0x0001	;@raw=0x14,0x0D,0x00,0x01
	shr [0x0E], 0x0001	;@raw=0x17,0x0E,0x00,0x01
	and [0x09], 0x07FF	;@raw=0x14,0x09,0x07,0xFF
	ret	;@raw=0x05

LABEL_4585:
	mov [0x07], [0x68]	;@raw=0x01,0x07,0x68
	mov [0x08], [0x69]	;@raw=0x01,0x08,0x69
	mov [0x10], [0x6A]	;@raw=0x01,0x10,0x6A
	mov [0x11], [0x6B]	;@raw=0x01,0x11,0x6B
	mov [0x09], [0x6D]	;@raw=0x01,0x09,0x6D
	mov [0x12], [0x6C]	;@raw=0x01,0x12,0x6C
	mov [0x13], [0x6E]	;@raw=0x01,0x13,0x6E
	mov [0x29], [0x6F]	;@raw=0x01,0x29,0x6F
	call LABEL_456E	;@raw=0x04,0x45,0x6E
	break	;@raw=0x06
	jmp LABEL_4585	;@raw=0x07,0x45,0x85
LABEL_45A4:
	db 0x11

LABEL_45A5:
	call LABEL_455C	;@raw=0x04,0x45,0x5C
	mov [0x68], [0x07]	;@raw=0x01,0x68,0x07
	mov [0x69], [0x08]	;@raw=0x01,0x69,0x08
	mov [0x6A], [0x10]	;@raw=0x01,0x6A,0x10
	mov [0x6B], [0x11]	;@raw=0x01,0x6B,0x11
	mov [0x6D], [0x09]	;@raw=0x01,0x6D,0x09
	mov [0x6C], [0x12]	;@raw=0x01,0x6C,0x12
	mov [0x6E], [0x13]	;@raw=0x01,0x6E,0x13
	mov [0x6F], [0x29]	;@raw=0x01,0x6F,0x29
	mov [0x07], [0x70]	;@raw=0x01,0x07,0x70
	mov [0x08], [0x71]	;@raw=0x01,0x08,0x71
	mov [0x10], [0x72]	;@raw=0x01,0x10,0x72
	mov [0x11], [0x73]	;@raw=0x01,0x11,0x73
	mov [0x09], [0x75]	;@raw=0x01,0x09,0x75
	mov [0x12], [0x74]	;@raw=0x01,0x12,0x74
	mov [0x13], [0x76]	;@raw=0x01,0x13,0x76
	mov [0x29], [0x77]	;@raw=0x01,0x29,0x77
	call LABEL_456E	;@raw=0x04,0x45,0x6E
	break	;@raw=0x06
	jmp LABEL_45A5	;@raw=0x07,0x45,0xA5
LABEL_45DF:
	db 0x11

LABEL_45E0:
	call LABEL_455C	;@raw=0x04,0x45,0x5C
	mov [0x70], [0x07]	;@raw=0x01,0x70,0x07
	mov [0x71], [0x08]	;@raw=0x01,0x71,0x08
	mov [0x72], [0x10]	;@raw=0x01,0x72,0x10
	mov [0x73], [0x11]	;@raw=0x01,0x73,0x11
	mov [0x75], [0x09]	;@raw=0x01,0x75,0x09
	mov [0x74], [0x12]	;@raw=0x01,0x74,0x12
	mov [0x76], [0x13]	;@raw=0x01,0x76,0x13
	mov [0x77], [0x29]	;@raw=0x01,0x77,0x29
	mov [0x07], [0x78]	;@raw=0x01,0x07,0x78
	mov [0x08], [0x79]	;@raw=0x01,0x08,0x79
	mov [0x10], [0x7A]	;@raw=0x01,0x10,0x7A
	mov [0x11], [0x7B]	;@raw=0x01,0x11,0x7B
	mov [0x09], [0x7D]	;@raw=0x01,0x09,0x7D
	mov [0x12], [0x7C]	;@raw=0x01,0x12,0x7C
	mov [0x13], [0x7E]	;@raw=0x01,0x13,0x7E
	mov [0x29], [0x7F]	;@raw=0x01,0x29,0x7F
	call LABEL_456E	;@raw=0x04,0x45,0x6E
	break	;@raw=0x06
	jmp LABEL_45E0	;@raw=0x07,0x45,0xE0
LABEL_461A:
	db 0x11

LABEL_461B:
	call LABEL_455C	;@raw=0x04,0x45,0x5C
	mov [0x78], [0x07]	;@raw=0x01,0x78,0x07
	mov [0x79], [0x08]	;@raw=0x01,0x79,0x08
	mov [0x7A], [0x10]	;@raw=0x01,0x7A,0x10
	mov [0x7B], [0x11]	;@raw=0x01,0x7B,0x11
	mov [0x7D], [0x09]	;@raw=0x01,0x7D,0x09
	mov [0x7C], [0x12]	;@raw=0x01,0x7C,0x12
	mov [0x7E], [0x13]	;@raw=0x01,0x7E,0x13
	mov [0x7F], [0x29]	;@raw=0x01,0x7F,0x29
	break	;@raw=0x06
	jmp LABEL_461B	;@raw=0x07,0x46,0x1B
LABEL_463A:
	db 0x11

LABEL_463B:
	call LABEL_89BB	;@raw=0x04,0x89,0xBB
	mov [0x21], [0x07]	;@raw=0x01,0x21,0x07
	mov [0x22], [0x08]	;@raw=0x01,0x22,0x08
	sub [0x21], 0x0023	;@raw=0x03,0x21,0xFF,0xDD
	sub [0x22], 0x0026	;@raw=0x03,0x22,0xFF,0xDA
	ret	;@raw=0x05

LABEL_464D:
	call LABEL_8C7D	;@raw=0x04,0x8C,0x7D
	mov [0x21], [0x07]	;@raw=0x01,0x21,0x07
	mov [0x22], [0x08]	;@raw=0x01,0x22,0x08
	add [0x21], 0x0023	;@raw=0x03,0x21,0x00,0x23
	sub [0x22], 0x0026	;@raw=0x03,0x22,0xFF,0xDA
	ret	;@raw=0x05

LABEL_465F:
	mov [0xF8], [0x11]	;@raw=0x01,0xF8,0x11
	jl [0xF8], 0x2000, LABEL_4670	;@raw=0x0A,0x44,0xF8,0x20,0x00,0x46,0x70
	mov [0x2F], 0x0005	;@raw=0x00,0x2F,0x00,0x05
	jmp LABEL_4A6A	;@raw=0x07,0x4A,0x6A

LABEL_4670:
	jl [0xF8], 0x1000, LABEL_46BB	;@raw=0x0A,0x44,0xF8,0x10,0x00,0x46,0xBB
	jmp LABEL_467B	;@raw=0x07,0x46,0x7B
LABEL_467A:
	db 0x11

LABEL_467B:
	call LABEL_8CD5	;@raw=0x04,0x8C,0xD5
	break	;@raw=0x06
	call LABEL_8C8F	;@raw=0x04,0x8C,0x8F
	break	;@raw=0x06
	call LABEL_8CC3	;@raw=0x04,0x8C,0xC3
	break	;@raw=0x06
	call LABEL_464D	;@raw=0x04,0x46,0x4D
	video type=1, offset=CINEMATIC_058, x=[0x21], y=[0x22], zoom=0x40	;@raw=0x54,0x09,0xB5,0x21,0x22
	break	;@raw=0x06
	call LABEL_464D	;@raw=0x04,0x46,0x4D
	video type=1, offset=CINEMATIC_059, x=[0x21], y=[0x22], zoom=0x40	;@raw=0x54,0x09,0xBF,0x21,0x22
	break	;@raw=0x06
	call LABEL_464D	;@raw=0x04,0x46,0x4D
	video type=1, offset=CINEMATIC_060, x=[0x21], y=[0x22], zoom=0x40	;@raw=0x54,0x09,0xC9,0x21,0x22
	break	;@raw=0x06
	call LABEL_464D	;@raw=0x04,0x46,0x4D
	video type=1, offset=CINEMATIC_075, x=[0x21], y=[0x22], zoom=0x40	;@raw=0x54,0x09,0xD5,0x21,0x22
	break	;@raw=0x06
	call LABEL_464D	;@raw=0x04,0x46,0x4D
	video type=1, offset=CINEMATIC_062, x=[0x21], y=[0x08], zoom=0x40	;@raw=0x54,0x09,0xFF,0x21,0x08
	call LABEL_666C	;@raw=0x04,0x66,0x6C
	break	;@raw=0x06
	jmp LABEL_4AC8	;@raw=0x07,0x4A,0xC8
LABEL_46BA:
	db 0x11

LABEL_46BB:
	call LABEL_8A3F	;@raw=0x04,0x8A,0x3F
	break	;@raw=0x06
	call LABEL_89D8	;@raw=0x04,0x89,0xD8
	break	;@raw=0x06
	call LABEL_8A22	;@raw=0x04,0x8A,0x22
	break	;@raw=0x06
	call LABEL_463B	;@raw=0x04,0x46,0x3B
	video type=1, offset=CINEMATIC_058, x=[0x21], y=[0x22], zoom=0x40	;@raw=0x54,0x09,0xB5,0x21,0x22
	break	;@raw=0x06
	call LABEL_463B	;@raw=0x04,0x46,0x3B
	video type=1, offset=CINEMATIC_059, x=[0x21], y=[0x22], zoom=0x40	;@raw=0x54,0x09,0xBF,0x21,0x22
	break	;@raw=0x06
	call LABEL_463B	;@raw=0x04,0x46,0x3B
	video type=1, offset=CINEMATIC_060, x=[0x21], y=[0x22], zoom=0x40	;@raw=0x54,0x09,0xC9,0x21,0x22
	break	;@raw=0x06
	call LABEL_463B	;@raw=0x04,0x46,0x3B
	video type=1, offset=CINEMATIC_061, x=[0x21], y=[0x22], zoom=0x40	;@raw=0x54,0x0A,0x06,0x21,0x22
	break	;@raw=0x06
	call LABEL_463B	;@raw=0x04,0x46,0x3B
	video type=1, offset=CINEMATIC_062, x=[0x21], y=[0x08], zoom=0x40	;@raw=0x54,0x09,0xFF,0x21,0x08
	call LABEL_666C	;@raw=0x04,0x66,0x6C
	break	;@raw=0x06
	jmp LABEL_4AA8	;@raw=0x07,0x4A,0xA8
	killChannel	;@raw=0x11

LABEL_46FB:
	break	;@raw=0x06
	mov [0x33], 0xFFF6	;@raw=0x00,0x33,0xFF,0xF6
	jne [0x72], 0x03, LABEL_46FB	;@raw=0x0A,0x01,0x72,0x03,0x46,0xFB
	jl [0x70], 0xC8, LABEL_46FB	;@raw=0x0A,0x04,0x70,0xC8,0x46,0xFB

LABEL_470C:
	jne [HACK_VAR_67], 0x04, LABEL_4720	;@raw=0x0A,0x01,0x67,0x04,0x47,0x20
	call LABEL_477F	;@raw=0x04,0x47,0x7F
	je [0x23], 0x00, LABEL_4763	;@raw=0x0A,0x00,0x23,0x00,0x47,0x63
	video type=1, offset=CINEMATIC_064, x=[0x21], y=[0x08], zoom=0x40	;@raw=0x54,0x0E,0x6F,0x21,0x08

LABEL_4720:
	break	;@raw=0x06
	jne [HACK_VAR_67], 0x04, LABEL_4735	;@raw=0x0A,0x01,0x67,0x04,0x47,0x35
	call LABEL_477F	;@raw=0x04,0x47,0x7F
	je [0x23], 0x00, LABEL_4763	;@raw=0x0A,0x00,0x23,0x00,0x47,0x63
	video type=1, offset=CINEMATIC_065, x=[0x21], y=[0x08], zoom=0x40	;@raw=0x54,0x0E,0x85,0x21,0x08

LABEL_4735:
	break	;@raw=0x06
	jne [HACK_VAR_67], 0x04, LABEL_474A	;@raw=0x0A,0x01,0x67,0x04,0x47,0x4A
	call LABEL_477F	;@raw=0x04,0x47,0x7F
	je [0x23], 0x00, LABEL_4763	;@raw=0x0A,0x00,0x23,0x00,0x47,0x63
	video type=1, offset=CINEMATIC_066, x=[0x21], y=[0x08], zoom=0x40	;@raw=0x54,0x0E,0x9D,0x21,0x08

LABEL_474A:
	break	;@raw=0x06
	jne [HACK_VAR_67], 0x04, LABEL_475F	;@raw=0x0A,0x01,0x67,0x04,0x47,0x5F
	call LABEL_477F	;@raw=0x04,0x47,0x7F
	je [0x23], 0x00, LABEL_4763	;@raw=0x0A,0x00,0x23,0x00,0x47,0x63
	video type=1, offset=CINEMATIC_065, x=[0x21], y=[0x08], zoom=0x40	;@raw=0x54,0x0E,0x85,0x21,0x08

LABEL_475F:
	break	;@raw=0x06
	jmp LABEL_470C	;@raw=0x07,0x47,0x0C

LABEL_4763:
	call LABEL_477F	;@raw=0x04,0x47,0x7F
	video type=1, offset=CINEMATIC_075, x=[0x21], y=[0x08], zoom=0x40	;@raw=0x54,0x09,0xD5,0x21,0x08
	break	;@raw=0x06
	call LABEL_477F	;@raw=0x04,0x47,0x7F
	video type=1, offset=CINEMATIC_062, x=[0x21], y=[0x71], zoom=0x40	;@raw=0x54,0x09,0xFF,0x21,0x71
	mov [0x08], [0x71]	;@raw=0x01,0x08,0x71
	mov [0x10], 0x0004	;@raw=0x00,0x10,0x00,0x04
	call LABEL_666C	;@raw=0x04,0x66,0x6C
	killChannel	;@raw=0x11

LABEL_477F:
	mov [0x08], [0x71]	;@raw=0x01,0x08,0x71
	sub [0x08], 0x0028	;@raw=0x03,0x08,0xFF,0xD8
	mov [0x21], [0x33]	;@raw=0x01,0x21,0x33
	mov [0x23], 0x0001	;@raw=0x00,0x23,0x00,0x01
	jg [0x33], 0x14, LABEL_4798	;@raw=0x0A,0x02,0x33,0x14,0x47,0x98
	add [0x33], 0x0003	;@raw=0x03,0x33,0x00,0x03
	ret	;@raw=0x05

LABEL_4798:
	jl [0x70], 0x0140, LABEL_78B5	;@raw=0x0A,0x44,0x70,0x01,0x40,0x78,0xB5
	mov [0x23], 0x0000	;@raw=0x00,0x23,0x00,0x00
	ret	;@raw=0x05

LABEL_47A4:
	je [0x08], [0x52], LABEL_47D2	;@raw=0x0A,0x80,0x08,0x52,0x47,0xD2
	jmp LABEL_47BE	;@raw=0x07,0x47,0xBE

LABEL_47AD:
	break	;@raw=0x06
	mov [0xF8], [0x11]	;@raw=0x01,0xF8,0x11
	and [0xF8], 0x1000	;@raw=0x14,0xF8,0x10,0x00
	je [0xF8], 0x00, LABEL_4AE8	;@raw=0x0A,0x00,0xF8,0x00,0x4A,0xE8
	jmp LABEL_4B2A	;@raw=0x07,0x4B,0x2A

LABEL_47BE:
	mov [0x08], [0x52]	;@raw=0x01,0x08,0x52
	sub [0x08], 0x001E	;@raw=0x03,0x08,0xFF,0xE2
	call LABEL_89AF	;@raw=0x04,0x89,0xAF
	break	;@raw=0x06
	mov [0x08], [0x52]	;@raw=0x01,0x08,0x52
	call LABEL_89AF	;@raw=0x04,0x89,0xAF
	jmp LABEL_47AD	;@raw=0x07,0x47,0xAD

LABEL_47D2:
	mov [0x08], [0x51]	;@raw=0x01,0x08,0x51
	add [0x08], 0x001E	;@raw=0x03,0x08,0x00,0x1E
	call LABEL_89A3	;@raw=0x04,0x89,0xA3
	break	;@raw=0x06
	mov [0x08], [0x51]	;@raw=0x01,0x08,0x51
	call LABEL_89A3	;@raw=0x04,0x89,0xA3
	jmp LABEL_47AD	;@raw=0x07,0x47,0xAD
LABEL_47E6:
	db 0x11

LABEL_47E7:
	call LABEL_463B	;@raw=0x04,0x46,0x3B
	video type=1, offset=CINEMATIC_058, x=[0x21], y=[0x22], zoom=0x40	;@raw=0x54,0x09,0xB5,0x21,0x22
	break	;@raw=0x06
	jne [HACK_VAR_67], [0x10], LABEL_48DE	;@raw=0x0A,0x81,0x67,0x10,0x48,0xDE
	call LABEL_463B	;@raw=0x04,0x46,0x3B
	video type=1, offset=CINEMATIC_059, x=[0x21], y=[0x22], zoom=0x40	;@raw=0x54,0x09,0xBF,0x21,0x22
	break	;@raw=0x06
	jne [HACK_VAR_67], [0x10], LABEL_48DE	;@raw=0x0A,0x81,0x67,0x10,0x48,0xDE
	call LABEL_463B	;@raw=0x04,0x46,0x3B
	video type=1, offset=CINEMATIC_060, x=[0x21], y=[0x22], zoom=0x40	;@raw=0x54,0x09,0xC9,0x21,0x22
	break	;@raw=0x06
	jne [HACK_VAR_67], [0x10], LABEL_48DE	;@raw=0x0A,0x81,0x67,0x10,0x48,0xDE
	call LABEL_463B	;@raw=0x04,0x46,0x3B
	video type=1, offset=CINEMATIC_061, x=[0x21], y=[0x22], zoom=0x40	;@raw=0x54,0x0A,0x06,0x21,0x22
	break	;@raw=0x06
	mov [0x29], 0x0003	;@raw=0x00,0x29,0x00,0x03

LABEL_4821:
	jne [HACK_VAR_67], [0x10], LABEL_48DE	;@raw=0x0A,0x81,0x67,0x10,0x48,0xDE
	call LABEL_463B	;@raw=0x04,0x46,0x3B
	video type=1, offset=CINEMATIC_064, x=[0x21], y=[0x22], zoom=0x40	;@raw=0x54,0x0E,0x6F,0x21,0x22
	break	;@raw=0x06
	jne [HACK_VAR_67], [0x10], LABEL_48DE	;@raw=0x0A,0x81,0x67,0x10,0x48,0xDE
	call LABEL_463B	;@raw=0x04,0x46,0x3B
	video type=1, offset=CINEMATIC_065, x=[0x21], y=[0x22], zoom=0x40	;@raw=0x54,0x0E,0x85,0x21,0x22
	break	;@raw=0x06
	jne [HACK_VAR_67], [0x10], LABEL_48DE	;@raw=0x0A,0x81,0x67,0x10,0x48,0xDE
	call LABEL_463B	;@raw=0x04,0x46,0x3B
	video type=1, offset=CINEMATIC_066, x=[0x21], y=[0x22], zoom=0x40	;@raw=0x54,0x0E,0x9D,0x21,0x22
	break	;@raw=0x06
	jne [HACK_VAR_67], [0x10], LABEL_48DE	;@raw=0x0A,0x81,0x67,0x10,0x48,0xDE
	call LABEL_463B	;@raw=0x04,0x46,0x3B
	video type=1, offset=CINEMATIC_065, x=[0x21], y=[0x22], zoom=0x40	;@raw=0x54,0x0E,0x85,0x21,0x22
	break	;@raw=0x06
	djnz [0x29], LABEL_4821	;@raw=0x09,0x29,0x48,0x21

LABEL_4861:
	jne [HACK_VAR_67], [0x10], LABEL_48DE	;@raw=0x0A,0x81,0x67,0x10,0x48,0xDE
	call LABEL_463B	;@raw=0x04,0x46,0x3B
	video type=1, offset=CINEMATIC_067, x=[0x21], y=[0x22], zoom=0x40	;@raw=0x54,0x0E,0xA3,0x21,0x22
	break	;@raw=0x06
	jne [HACK_VAR_67], [0x10], LABEL_48DE	;@raw=0x0A,0x81,0x67,0x10,0x48,0xDE
	call LABEL_463B	;@raw=0x04,0x46,0x3B
	video type=1, offset=CINEMATIC_068, x=[0x21], y=[0x22], zoom=0x40	;@raw=0x54,0x0E,0xB9,0x21,0x22
	break	;@raw=0x06
	mov [0x29], 0x0002	;@raw=0x00,0x29,0x00,0x02

LABEL_4883:
	jne [HACK_VAR_67], [0x10], LABEL_48DE	;@raw=0x0A,0x81,0x67,0x10,0x48,0xDE
	call LABEL_463B	;@raw=0x04,0x46,0x3B
	video type=1, offset=CINEMATIC_069, x=[0x21], y=[0x22], zoom=0x40	;@raw=0x54,0x0E,0xD1,0x21,0x22
	break	;@raw=0x06
	jne [HACK_VAR_67], [0x10], LABEL_48DE	;@raw=0x0A,0x81,0x67,0x10,0x48,0xDE
	call LABEL_463B	;@raw=0x04,0x46,0x3B
	video type=1, offset=CINEMATIC_070, x=[0x21], y=[0x22], zoom=0x40	;@raw=0x54,0x0E,0xEB,0x21,0x22
	break	;@raw=0x06
	jne [HACK_VAR_67], [0x10], LABEL_48DE	;@raw=0x0A,0x81,0x67,0x10,0x48,0xDE
	call LABEL_463B	;@raw=0x04,0x46,0x3B
	video type=1, offset=CINEMATIC_071, x=[0x21], y=[0x22], zoom=0x40	;@raw=0x54,0x0F,0x05,0x21,0x22
	break	;@raw=0x06
	jne [HACK_VAR_67], [0x10], LABEL_48DE	;@raw=0x0A,0x81,0x67,0x10,0x48,0xDE
	call LABEL_463B	;@raw=0x04,0x46,0x3B
	video type=1, offset=CINEMATIC_072, x=[0x21], y=[0x22], zoom=0x40	;@raw=0x54,0x0F,0x0B,0x21,0x22
	break	;@raw=0x06
	djnz [0x29], LABEL_4883	;@raw=0x09,0x29,0x48,0x83
	jne [HACK_VAR_67], [0x10], LABEL_48DE	;@raw=0x0A,0x81,0x67,0x10,0x48,0xDE
	call LABEL_463B	;@raw=0x04,0x46,0x3B
	mov [0x96], [0x21]	;@raw=0x01,0x96,0x21
	mov [0x97], [0x22]	;@raw=0x01,0x97,0x22
	mov [0x8B], 0x0064	;@raw=0x00,0x8B,0x00,0x64
	or [0x8B], 0x8000	;@raw=0x15,0x8B,0x80,0x00
	or [0x97], 0x4000	;@raw=0x15,0x97,0x40,0x00

LABEL_48DE:
	jmp LABEL_4AA8	;@raw=0x07,0x4A,0xA8
LABEL_48E1:
	db 0x11

LABEL_48E2:
	mov [0xF8], [0x11]	;@raw=0x01,0xF8,0x11
	and [0xF8], 0x1000	;@raw=0x14,0xF8,0x10,0x00
	jne [0xF8], 0x00, LABEL_496D	;@raw=0x0A,0x01,0xF8,0x00,0x49,0x6D
	call LABEL_463B	;@raw=0x04,0x46,0x3B
	video type=1, offset=CINEMATIC_058, x=[0x21], y=[0x22], zoom=0x40	;@raw=0x54,0x09,0xB5,0x21,0x22
	break	;@raw=0x06
	jne [HACK_VAR_67], [0x10], LABEL_48DE	;@raw=0x0A,0x81,0x67,0x10,0x48,0xDE
	call LABEL_463B	;@raw=0x04,0x46,0x3B
	video type=1, offset=CINEMATIC_059, x=[0x21], y=[0x22], zoom=0x40	;@raw=0x54,0x09,0xBF,0x21,0x22
	break	;@raw=0x06
	jne [HACK_VAR_67], [0x10], LABEL_48DE	;@raw=0x0A,0x81,0x67,0x10,0x48,0xDE
	call LABEL_463B	;@raw=0x04,0x46,0x3B
	video type=1, offset=CINEMATIC_060, x=[0x21], y=[0x22], zoom=0x40	;@raw=0x54,0x09,0xC9,0x21,0x22
	break	;@raw=0x06
	jne [HACK_VAR_67], [0x10], LABEL_48DE	;@raw=0x0A,0x81,0x67,0x10,0x48,0xDE
	call LABEL_463B	;@raw=0x04,0x46,0x3B
	video type=1, offset=CINEMATIC_061, x=[0x21], y=[0x22], zoom=0x40	;@raw=0x54,0x0A,0x06,0x21,0x22
	break	;@raw=0x06
	mov [0x29], 0x0001	;@raw=0x00,0x29,0x00,0x01

LABEL_4929:
	jne [HACK_VAR_67], [0x10], LABEL_48DE	;@raw=0x0A,0x81,0x67,0x10,0x48,0xDE
	call LABEL_463B	;@raw=0x04,0x46,0x3B
	video type=1, offset=CINEMATIC_064, x=[0x21], y=[0x22], zoom=0x40	;@raw=0x54,0x0E,0x6F,0x21,0x22
	break	;@raw=0x06
	jne [HACK_VAR_67], [0x10], LABEL_48DE	;@raw=0x0A,0x81,0x67,0x10,0x48,0xDE
	call LABEL_463B	;@raw=0x04,0x46,0x3B
	video type=1, offset=CINEMATIC_065, x=[0x21], y=[0x22], zoom=0x40	;@raw=0x54,0x0E,0x85,0x21,0x22
	break	;@raw=0x06
	jne [HACK_VAR_67], [0x10], LABEL_48DE	;@raw=0x0A,0x81,0x67,0x10,0x48,0xDE
	call LABEL_463B	;@raw=0x04,0x46,0x3B
	video type=1, offset=CINEMATIC_066, x=[0x21], y=[0x22], zoom=0x40	;@raw=0x54,0x0E,0x9D,0x21,0x22
	break	;@raw=0x06
	jne [HACK_VAR_67], [0x10], LABEL_48DE	;@raw=0x0A,0x81,0x67,0x10,0x48,0xDE
	call LABEL_463B	;@raw=0x04,0x46,0x3B
	video type=1, offset=CINEMATIC_065, x=[0x21], y=[0x22], zoom=0x40	;@raw=0x54,0x0E,0x85,0x21,0x22
	break	;@raw=0x06
	djnz [0x29], LABEL_4929	;@raw=0x09,0x29,0x49,0x29
	jmp LABEL_4861	;@raw=0x07,0x48,0x61
LABEL_496C:
	db 0x11

LABEL_496D:
	call LABEL_464D	;@raw=0x04,0x46,0x4D
	video type=1, offset=CINEMATIC_058, x=[0x21], y=[0x22], zoom=0x40	;@raw=0x54,0x09,0xB5,0x21,0x22
	break	;@raw=0x06
	jne [HACK_VAR_67], [0x10], LABEL_4A66	;@raw=0x0A,0x81,0x67,0x10,0x4A,0x66
	call LABEL_464D	;@raw=0x04,0x46,0x4D
	video type=1, offset=CINEMATIC_059, x=[0x21], y=[0x22], zoom=0x40	;@raw=0x54,0x09,0xBF,0x21,0x22
	break	;@raw=0x06
	jne [HACK_VAR_67], [0x10], LABEL_4A66	;@raw=0x0A,0x81,0x67,0x10,0x4A,0x66
	call LABEL_464D	;@raw=0x04,0x46,0x4D
	video type=1, offset=CINEMATIC_060, x=[0x21], y=[0x22], zoom=0x40	;@raw=0x54,0x09,0xC9,0x21,0x22
	break	;@raw=0x06
	jne [HACK_VAR_67], [0x10], LABEL_4A66	;@raw=0x0A,0x81,0x67,0x10,0x4A,0x66
	call LABEL_464D	;@raw=0x04,0x46,0x4D
	video type=1, offset=CINEMATIC_061, x=[0x21], y=[0x22], zoom=0x40	;@raw=0x54,0x0A,0x06,0x21,0x22
	break	;@raw=0x06
	call LABEL_30C6	;@raw=0x04,0x30,0xC6
	mov [0x29], [0x38]	;@raw=0x01,0x29,0x38
	add [0x29], 0x0001	;@raw=0x03,0x29,0x00,0x01

LABEL_49AD:
	jne [HACK_VAR_67], [0x10], LABEL_4A66	;@raw=0x0A,0x81,0x67,0x10,0x4A,0x66
	call LABEL_464D	;@raw=0x04,0x46,0x4D
	video type=1, offset=CINEMATIC_064, x=[0x21], y=[0x22], zoom=0x40	;@raw=0x54,0x0E,0x6F,0x21,0x22
	break	;@raw=0x06
	jne [HACK_VAR_67], [0x10], LABEL_4A66	;@raw=0x0A,0x81,0x67,0x10,0x4A,0x66
	call LABEL_464D	;@raw=0x04,0x46,0x4D
	video type=1, offset=CINEMATIC_065, x=[0x21], y=[0x22], zoom=0x40	;@raw=0x54,0x0E,0x85,0x21,0x22
	break	;@raw=0x06
	jne [HACK_VAR_67], [0x10], LABEL_4A66	;@raw=0x0A,0x81,0x67,0x10,0x4A,0x66
	call LABEL_464D	;@raw=0x04,0x46,0x4D
	video type=1, offset=CINEMATIC_066, x=[0x21], y=[0x22], zoom=0x40	;@raw=0x54,0x0E,0x9D,0x21,0x22
	break	;@raw=0x06
	jne [HACK_VAR_67], [0x10], LABEL_4A66	;@raw=0x0A,0x81,0x67,0x10,0x4A,0x66
	call LABEL_464D	;@raw=0x04,0x46,0x4D
	video type=1, offset=CINEMATIC_065, x=[0x21], y=[0x22], zoom=0x40	;@raw=0x54,0x0E,0x85,0x21,0x22
	break	;@raw=0x06
	djnz [0x29], LABEL_49AD	;@raw=0x09,0x29,0x49,0xAD
	jne [HACK_VAR_67], [0x10], LABEL_4A66	;@raw=0x0A,0x81,0x67,0x10,0x4A,0x66
	call LABEL_464D	;@raw=0x04,0x46,0x4D
	video type=1, offset=CINEMATIC_067, x=[0x21], y=[0x22], zoom=0x40	;@raw=0x54,0x0E,0xA3,0x21,0x22
	break	;@raw=0x06
	jne [HACK_VAR_67], [0x10], LABEL_4A66	;@raw=0x0A,0x81,0x67,0x10,0x4A,0x66
	call LABEL_464D	;@raw=0x04,0x46,0x4D
	video type=1, offset=CINEMATIC_068, x=[0x21], y=[0x22], zoom=0x40	;@raw=0x54,0x0E,0xB9,0x21,0x22
	break	;@raw=0x06
	mov [0x29], 0x0001	;@raw=0x00,0x29,0x00,0x01

LABEL_4A0F:
	jne [HACK_VAR_67], [0x10], LABEL_4A66	;@raw=0x0A,0x81,0x67,0x10,0x4A,0x66
	call LABEL_464D	;@raw=0x04,0x46,0x4D
	video type=1, offset=CINEMATIC_069, x=[0x21], y=[0x22], zoom=0x40	;@raw=0x54,0x0E,0xD1,0x21,0x22
	break	;@raw=0x06
	jne [HACK_VAR_67], [0x10], LABEL_4A66	;@raw=0x0A,0x81,0x67,0x10,0x4A,0x66
	call LABEL_464D	;@raw=0x04,0x46,0x4D
	video type=1, offset=CINEMATIC_070, x=[0x21], y=[0x22], zoom=0x40	;@raw=0x54,0x0E,0xEB,0x21,0x22
	break	;@raw=0x06
	jne [HACK_VAR_67], [0x10], LABEL_4A66	;@raw=0x0A,0x81,0x67,0x10,0x4A,0x66
	call LABEL_464D	;@raw=0x04,0x46,0x4D
	video type=1, offset=CINEMATIC_071, x=[0x21], y=[0x22], zoom=0x40	;@raw=0x54,0x0F,0x05,0x21,0x22
	break	;@raw=0x06
	jne [HACK_VAR_67], [0x10], LABEL_4A66	;@raw=0x0A,0x81,0x67,0x10,0x4A,0x66
	call LABEL_464D	;@raw=0x04,0x46,0x4D
	video type=1, offset=CINEMATIC_072, x=[0x21], y=[0x22], zoom=0x40	;@raw=0x54,0x0F,0x0B,0x21,0x22
	break	;@raw=0x06
	djnz [0x29], LABEL_4A0F	;@raw=0x09,0x29,0x4A,0x0F
	jne [HACK_VAR_67], [0x10], LABEL_4A66	;@raw=0x0A,0x81,0x67,0x10,0x4A,0x66
	call LABEL_464D	;@raw=0x04,0x46,0x4D
	mov [0x96], [0x21]	;@raw=0x01,0x96,0x21
	mov [0x97], [0x22]	;@raw=0x01,0x97,0x22
	mov [0x8B], 0x0064	;@raw=0x00,0x8B,0x00,0x64
	or [0x8B], 0x8000	;@raw=0x15,0x8B,0x80,0x00

LABEL_4A66:
	jmp LABEL_4AC8	;@raw=0x07,0x4A,0xC8
LABEL_4A69:
	db 0x11

LABEL_4A6A:
	mov [0xF8], [0x11]	;@raw=0x01,0xF8,0x11
	jl [0xF8], 0x2000, LABEL_4A78	;@raw=0x0A,0x44,0xF8,0x20,0x00,0x4A,0x78
	sub [0xF8], 0x2000	;@raw=0x03,0xF8,0xE0,0x00

LABEL_4A78:
	jl [0xF8], 0x1000, LABEL_4A8C	;@raw=0x0A,0x44,0xF8,0x10,0x00,0x4A,0x8C
	je [0x2F], 0x05, LABEL_4AB9	;@raw=0x0A,0x00,0x2F,0x05,0x4A,0xB9
	je [0x2F], 0x0F, LABEL_4B1B	;@raw=0x0A,0x00,0x2F,0x0F,0x4B,0x1B
	killChannel	;@raw=0x11

LABEL_4A8C:
	je [0x2F], 0x05, LABEL_4A99	;@raw=0x0A,0x00,0x2F,0x05,0x4A,0x99
	je [0x2F], 0x0F, LABEL_4AD9	;@raw=0x0A,0x00,0x2F,0x0F,0x4A,0xD9
	killChannel	;@raw=0x11

LABEL_4A99:
	jl [0x11], 0x2000, LABEL_4AA8	;@raw=0x0A,0x44,0x11,0x20,0x00,0x4A,0xA8
	sub [0x11], 0x2000	;@raw=0x03,0x11,0xE0,0x00
	call LABEL_8A6A	;@raw=0x04,0x8A,0x6A
	break	;@raw=0x06

LABEL_4AA8:
	call LABEL_8A3F	;@raw=0x04,0x8A,0x3F
	break	;@raw=0x06
	call LABEL_51D8	;@raw=0x04,0x51,0xD8
	jne [0x2F], 0x00, LABEL_4F94	;@raw=0x0A,0x01,0x2F,0x00,0x4F,0x94
	jmp LABEL_4AA8	;@raw=0x07,0x4A,0xA8
LABEL_4AB8:
	db 0x11

LABEL_4AB9:
	jl [0x11], 0x2000, LABEL_4AC8	;@raw=0x0A,0x44,0x11,0x20,0x00,0x4A,0xC8
	sub [0x11], 0x2000	;@raw=0x03,0x11,0xE0,0x00
	call LABEL_8CFB	;@raw=0x04,0x8C,0xFB
	break	;@raw=0x06

LABEL_4AC8:
	call LABEL_8CD5	;@raw=0x04,0x8C,0xD5
	break	;@raw=0x06
	call LABEL_51D8	;@raw=0x04,0x51,0xD8
	jne [0x2F], 0x00, LABEL_4F94	;@raw=0x0A,0x01,0x2F,0x00,0x4F,0x94
	jmp LABEL_4AC8	;@raw=0x07,0x4A,0xC8
LABEL_4AD8:
	db 0x11

LABEL_4AD9:
	jge [0x11], 0x2000, LABEL_4AE8	;@raw=0x0A,0x43,0x11,0x20,0x00,0x4A,0xE8
	add [0x11], 0x2000	;@raw=0x03,0x11,0x20,0x00
	call LABEL_8A6A	;@raw=0x04,0x8A,0x6A
	break	;@raw=0x06

LABEL_4AE8:
	call LABEL_7CBC	;@raw=0x04,0x7C,0xBC
	break	;@raw=0x06
	call LABEL_51D8	;@raw=0x04,0x51,0xD8
	jne [0x2F], 0x00, LABEL_4F94	;@raw=0x0A,0x01,0x2F,0x00,0x4F,0x94
	jmp LABEL_4AE8	;@raw=0x07,0x4A,0xE8
LABEL_4AF8:
	db 0x11

LABEL_4AF9:
	jne [0x2F], 0x00, LABEL_4F94	;@raw=0x0A,0x01,0x2F,0x00,0x4F,0x94
	call LABEL_7CBC	;@raw=0x04,0x7C,0xBC
	break	;@raw=0x06
	call LABEL_51D8	;@raw=0x04,0x51,0xD8
	jmp LABEL_4AF9	;@raw=0x07,0x4A,0xF9
LABEL_4B09:
	db 0x11

LABEL_4B0A:
	jne [0x2F], 0x00, LABEL_4F94	;@raw=0x0A,0x01,0x2F,0x00,0x4F,0x94
	call LABEL_7CBC	;@raw=0x04,0x7C,0xBC
	break	;@raw=0x06
	call LABEL_51D8	;@raw=0x04,0x51,0xD8
	jmp LABEL_4B0A	;@raw=0x07,0x4B,0x0A
LABEL_4B1A:
	db 0x11

LABEL_4B1B:
	jge [0x11], 0x2000, LABEL_4B2A	;@raw=0x0A,0x43,0x11,0x20,0x00,0x4B,0x2A
	add [0x11], 0x2000	;@raw=0x03,0x11,0x20,0x00
	call LABEL_8CFB	;@raw=0x04,0x8C,0xFB
	break	;@raw=0x06

LABEL_4B2A:
	call LABEL_88B0	;@raw=0x04,0x88,0xB0
	break	;@raw=0x06
	call LABEL_51D8	;@raw=0x04,0x51,0xD8
	jne [0x2F], 0x00, LABEL_4F94	;@raw=0x0A,0x01,0x2F,0x00,0x4F,0x94
	jmp LABEL_4B2A	;@raw=0x07,0x4B,0x2A
LABEL_4B3A:
	db 0x11

LABEL_4B3B:
	jne [0x2F], 0x00, LABEL_4F94	;@raw=0x0A,0x01,0x2F,0x00,0x4F,0x94
	call LABEL_88B0	;@raw=0x04,0x88,0xB0
	break	;@raw=0x06
	call LABEL_51D8	;@raw=0x04,0x51,0xD8
	jmp LABEL_4B3B	;@raw=0x07,0x4B,0x3B
LABEL_4B4B:
	db 0x11

LABEL_4B4C:
	jne [0x2F], 0x00, LABEL_4F94	;@raw=0x0A,0x01,0x2F,0x00,0x4F,0x94
	call LABEL_88B0	;@raw=0x04,0x88,0xB0
	break	;@raw=0x06
	call LABEL_51D8	;@raw=0x04,0x51,0xD8
	jmp LABEL_4B4C	;@raw=0x07,0x4B,0x4C
LABEL_4B5C:
	db 0x11

LABEL_4B5D:
	mov [0xF8], [0x11]	;@raw=0x01,0xF8,0x11
	and [0xF8], 0x1FFF	;@raw=0x14,0xF8,0x1F,0xFF
	jl [0xF8], 0x1000, LABEL_4B74	;@raw=0x0A,0x44,0xF8,0x10,0x00,0x4B,0x74
	je [0x2F], 0x10, LABEL_8F6A	;@raw=0x0A,0x00,0x2F,0x10,0x8F,0x6A
	jmp LABEL_8E78	;@raw=0x07,0x8E,0x78

LABEL_4B74:
	je [0x2F], 0x10, LABEL_7DAC	;@raw=0x0A,0x00,0x2F,0x10,0x7D,0xAC
	jmp LABEL_80C2	;@raw=0x07,0x80,0xC2
LABEL_4B7D:
	db 0x11

LABEL_4B7E:
	mov [0xF8], [0x11]	;@raw=0x01,0xF8,0x11
	and [0xF8], 0x1FFF	;@raw=0x14,0xF8,0x1F,0xFF
	jl [0xF8], 0x1000, LABEL_4B95	;@raw=0x0A,0x44,0xF8,0x10,0x00,0x4B,0x95
	je [0x2F], 0x01, LABEL_8F6A	;@raw=0x0A,0x00,0x2F,0x01,0x8F,0x6A
	jmp LABEL_4F34	;@raw=0x07,0x4F,0x34

LABEL_4B95:
	je [0x2F], 0x02, LABEL_7DAC	;@raw=0x0A,0x00,0x2F,0x02,0x7D,0xAC
	jmp LABEL_4F5F	;@raw=0x07,0x4F,0x5F
LABEL_4B9E:
	db 0x11

LABEL_4B9F:
	mov [0x2F], 0x0001	;@raw=0x00,0x2F,0x00,0x01
	jg [0x29], [0x07], LABEL_4B7E	;@raw=0x0A,0x82,0x29,0x07,0x4B,0x7E
	mov [0x2F], 0x0002	;@raw=0x00,0x2F,0x00,0x02
	jmp LABEL_4B7E	;@raw=0x07,0x4B,0x7E

LABEL_4BB0:
	jg [0x29], [0x07], LABEL_8E78	;@raw=0x0A,0x82,0x29,0x07,0x8E,0x78
	jmp LABEL_80C2	;@raw=0x07,0x80,0xC2
LABEL_4BB9:
	db 0x11

LABEL_4BBA:
	mov [0xF8], [0x11]	;@raw=0x01,0xF8,0x11
	and [0xF8], 0x1000	;@raw=0x14,0xF8,0x10,0x00
	jl [0xF8], 0x2000, LABEL_4BD6	;@raw=0x0A,0x44,0xF8,0x20,0x00,0x4B,0xD6
	sub [0xF8], 0x2000	;@raw=0x03,0xF8,0xE0,0x00
	jl [0xF8], 0x1000, LABEL_4A99	;@raw=0x0A,0x44,0xF8,0x10,0x00,0x4A,0x99
	jmp LABEL_4AB9	;@raw=0x07,0x4A,0xB9

LABEL_4BD6:
	jl [0xF8], 0x1000, LABEL_4BE1	;@raw=0x0A,0x44,0xF8,0x10,0x00,0x4B,0xE1
	jmp LABEL_4C34	;@raw=0x07,0x4C,0x34
LABEL_4BE0:
	db 0x11

LABEL_4BE1:
	call LABEL_8AC7	;@raw=0x04,0x8A,0xC7
	mov [0x29], 0x0005	;@raw=0x00,0x29,0x00,0x05
	mov [0x0E], 0x0004	;@raw=0x00,0x0E,0x00,0x04

LABEL_4BEC:
	break	;@raw=0x06
	call LABEL_8AF6	;@raw=0x04,0x8A,0xF6
	djnz [0x29], LABEL_4BEC	;@raw=0x09,0x29,0x4B,0xEC
	mov [0x21], [0x07]	;@raw=0x01,0x21,0x07
	mov [0x27], [0x08]	;@raw=0x01,0x27,0x08
	mov [0x22], 0x4008	;@raw=0x00,0x22,0x40,0x08
	jne [HACK_VAR_67], [0x10], LABEL_4C07	;@raw=0x0A,0x81,0x67,0x10,0x4C,0x07
	call LABEL_5877	;@raw=0x04,0x58,0x77

LABEL_4C07:
	break	;@raw=0x06
	call LABEL_8B37	;@raw=0x04,0x8B,0x37
	break	;@raw=0x06
	call LABEL_8B37	;@raw=0x04,0x8B,0x37
	break	;@raw=0x06
	call LABEL_8B10	;@raw=0x04,0x8B,0x10
	mov [0x29], 0x0005	;@raw=0x00,0x29,0x00,0x05

LABEL_4C17:
	break	;@raw=0x06
	call LABEL_8AF6	;@raw=0x04,0x8A,0xF6
	djnz [0x29], LABEL_4C17	;@raw=0x09,0x29,0x4C,0x17
	mov [0x0E], 0x0000	;@raw=0x00,0x0E,0x00,0x00

LABEL_4C23:
	break	;@raw=0x06
	call LABEL_51D8	;@raw=0x04,0x51,0xD8
	jne [0x2F], 0x00, LABEL_4F94	;@raw=0x0A,0x01,0x2F,0x00,0x4F,0x94
	call LABEL_8A3F	;@raw=0x04,0x8A,0x3F
	jmp LABEL_4C23	;@raw=0x07,0x4C,0x23
LABEL_4C33:
	db 0x11

LABEL_4C34:
	call LABEL_8D3E	;@raw=0x04,0x8D,0x3E
	mov [0x29], 0x0005	;@raw=0x00,0x29,0x00,0x05
	mov [0x0E], 0x0004	;@raw=0x00,0x0E,0x00,0x04

LABEL_4C3F:
	break	;@raw=0x06
	call LABEL_8D6D	;@raw=0x04,0x8D,0x6D
	djnz [0x29], LABEL_4C3F	;@raw=0x09,0x29,0x4C,0x3F
	mov [0x21], [0x07]	;@raw=0x01,0x21,0x07
	mov [0x27], [0x08]	;@raw=0x01,0x27,0x08
	mov [0x22], 0x0008	;@raw=0x00,0x22,0x00,0x08
	jne [HACK_VAR_67], [0x10], LABEL_4C5A	;@raw=0x0A,0x81,0x67,0x10,0x4C,0x5A
	call LABEL_5877	;@raw=0x04,0x58,0x77

LABEL_4C5A:
	break	;@raw=0x06
	call LABEL_8DAE	;@raw=0x04,0x8D,0xAE
	break	;@raw=0x06
	call LABEL_8DAE	;@raw=0x04,0x8D,0xAE
	break	;@raw=0x06
	call LABEL_8D87	;@raw=0x04,0x8D,0x87
	mov [0x29], 0x0005	;@raw=0x00,0x29,0x00,0x05

LABEL_4C6A:
	break	;@raw=0x06
	call LABEL_8D6D	;@raw=0x04,0x8D,0x6D
	djnz [0x29], LABEL_4C6A	;@raw=0x09,0x29,0x4C,0x6A
	mov [0x0E], 0x0000	;@raw=0x00,0x0E,0x00,0x00

LABEL_4C76:
	break	;@raw=0x06
	call LABEL_51D8	;@raw=0x04,0x51,0xD8
	jne [0x2F], 0x00, LABEL_4F94	;@raw=0x0A,0x01,0x2F,0x00,0x4F,0x94
	call LABEL_8CD5	;@raw=0x04,0x8C,0xD5
	jmp LABEL_4C76	;@raw=0x07,0x4C,0x76
LABEL_4C86:
	db 0x11

LABEL_4C87:
	mov [0xF8], [0x11]	;@raw=0x01,0xF8,0x11
	jl [0xF8], 0x2000, LABEL_4CAE	;@raw=0x0A,0x44,0xF8,0x20,0x00,0x4C,0xAE
	sub [0xF8], 0x2000	;@raw=0x03,0xF8,0xE0,0x00
	jl [0xF8], 0x1000, LABEL_4CA5	;@raw=0x0A,0x44,0xF8,0x10,0x00,0x4C,0xA5
	je [0x2F], 0x07, LABEL_4E60	;@raw=0x0A,0x00,0x2F,0x07,0x4E,0x60
	jmp LABEL_4AB9	;@raw=0x07,0x4A,0xB9

LABEL_4CA5:
	je [0x2F], 0x07, LABEL_4CD4	;@raw=0x0A,0x00,0x2F,0x07,0x4C,0xD4
	jmp LABEL_4A99	;@raw=0x07,0x4A,0x99

LABEL_4CAE:
	jl [0xF8], 0x1000, LABEL_4CC4	;@raw=0x0A,0x44,0xF8,0x10,0x00,0x4C,0xC4
	je [0x2F], 0x08, LABEL_4E91	;@raw=0x0A,0x00,0x2F,0x08,0x4E,0x91
	je [0x2F], 0x09, LABEL_4EC2	;@raw=0x0A,0x00,0x2F,0x09,0x4E,0xC2
	jmp LABEL_4B1B	;@raw=0x07,0x4B,0x1B

LABEL_4CC4:
	je [0x2F], 0x08, LABEL_4D05	;@raw=0x0A,0x00,0x2F,0x08,0x4D,0x05
	je [0x2F], 0x09, LABEL_4D44	;@raw=0x0A,0x00,0x2F,0x09,0x4D,0x44
	jmp LABEL_4AD9	;@raw=0x07,0x4A,0xD9
LABEL_4CD3:
	db 0x11

LABEL_4CD4:
	call LABEL_8B87	;@raw=0x04,0x8B,0x87
	mov [0x21], [0x07]	;@raw=0x01,0x21,0x07
	mov [0x27], [0x08]	;@raw=0x01,0x27,0x08
	sub [0x21], 0x0028	;@raw=0x03,0x21,0xFF,0xD8
	sub [0x27], 0x0036	;@raw=0x03,0x27,0xFF,0xCA
	call LABEL_5B5C	;@raw=0x04,0x5B,0x5C
	break	;@raw=0x06
	call LABEL_8BA4	;@raw=0x04,0x8B,0xA4
	break	;@raw=0x06
	call LABEL_8BEA	;@raw=0x04,0x8B,0xEA
	break	;@raw=0x06
	call LABEL_8B87	;@raw=0x04,0x8B,0x87

LABEL_4CF4:
	break	;@raw=0x06
	call LABEL_51D8	;@raw=0x04,0x51,0xD8
	jne [0x2F], 0x00, LABEL_4F94	;@raw=0x0A,0x01,0x2F,0x00,0x4F,0x94
	call LABEL_7CBC	;@raw=0x04,0x7C,0xBC
	jmp LABEL_4CF4	;@raw=0x07,0x4C,0xF4
LABEL_4D04:
	db 0x11

LABEL_4D05:
	call LABEL_89BB	;@raw=0x04,0x89,0xBB
	je [0x29], 0x00, LABEL_4D16	;@raw=0x0A,0x00,0x29,0x00,0x4D,0x16
	break	;@raw=0x06
	sub [0x29], 0x0001	;@raw=0x03,0x29,0xFF,0xFF
	jmp LABEL_4D05	;@raw=0x07,0x4D,0x05

LABEL_4D16:
	mov [0x21], [0x07]	;@raw=0x01,0x21,0x07
	mov [0x27], [0x08]	;@raw=0x01,0x27,0x08
	sub [0x21], 0x0028	;@raw=0x03,0x21,0xFF,0xD8
	sub [0x27], 0x0029	;@raw=0x03,0x27,0xFF,0xD7
	call LABEL_5B5C	;@raw=0x04,0x5B,0x5C
	break	;@raw=0x06
	call LABEL_89D8	;@raw=0x04,0x89,0xD8
	break	;@raw=0x06
	call LABEL_8A22	;@raw=0x04,0x8A,0x22
	break	;@raw=0x06
	call LABEL_89BB	;@raw=0x04,0x89,0xBB

LABEL_4D33:
	break	;@raw=0x06
	call LABEL_51D8	;@raw=0x04,0x51,0xD8
	jne [0x2F], 0x00, LABEL_4F94	;@raw=0x0A,0x01,0x2F,0x00,0x4F,0x94
	call LABEL_8A3F	;@raw=0x04,0x8A,0x3F
	jmp LABEL_4D33	;@raw=0x07,0x4D,0x33
LABEL_4D43:
	db 0x11

LABEL_4D44:
	call LABEL_8A05	;@raw=0x04,0x8A,0x05
	je [0x29], 0x00, LABEL_4D55	;@raw=0x0A,0x00,0x29,0x00,0x4D,0x55
	break	;@raw=0x06
	sub [0x29], 0x0001	;@raw=0x03,0x29,0xFF,0xFF
	jmp LABEL_4D44	;@raw=0x07,0x4D,0x44

LABEL_4D55:
	mov [0x21], [0x07]	;@raw=0x01,0x21,0x07
	mov [0x27], [0x08]	;@raw=0x01,0x27,0x08
	sub [0x21], 0x0019	;@raw=0x03,0x21,0xFF,0xE7
	sub [0x27], 0x001E	;@raw=0x03,0x27,0xFF,0xE2
	call LABEL_5B5C	;@raw=0x04,0x5B,0x5C
	break	;@raw=0x06
	call LABEL_8A79	;@raw=0x04,0x8A,0x79
	break	;@raw=0x06
	call LABEL_8AA8	;@raw=0x04,0x8A,0xA8
	break	;@raw=0x06
	call LABEL_8A05	;@raw=0x04,0x8A,0x05

LABEL_4D72:
	break	;@raw=0x06
	call LABEL_51D8	;@raw=0x04,0x51,0xD8
	jne [0x2F], 0x00, LABEL_4F94	;@raw=0x0A,0x01,0x2F,0x00,0x4F,0x94
	call LABEL_8A3F	;@raw=0x04,0x8A,0x3F
	jmp LABEL_4D72	;@raw=0x07,0x4D,0x72
	killChannel	;@raw=0x11
	call LABEL_88F2	;@raw=0x04,0x88,0xF2
	add [0x07], 0x0002	;@raw=0x03,0x07,0x00,0x02
	deleteChannels first=0x14, last=0x16	;@raw=0x0C,0x14,0x16,0x02
	setup channel=0x15, address=LABEL_6051	;@raw=0x08,0x15,0x60,0x51
	mov [0x01], [0x07]	;@raw=0x01,0x01,0x07
	add [0x01], 0x0010	;@raw=0x03,0x01,0x00,0x10
	break	;@raw=0x06
	call JUNK__8913	;@raw=0x04,0x89,0x13
	add [0x07], 0x0002	;@raw=0x03,0x07,0x00,0x02
	break	;@raw=0x06
	call LABEL_8952	;@raw=0x04,0x89,0x52
	add [0x07], 0x0002	;@raw=0x03,0x07,0x00,0x02
	break	;@raw=0x06
	call LABEL_8952	;@raw=0x04,0x89,0x52
	add [0x07], 0x0001	;@raw=0x03,0x07,0x00,0x01
	break	;@raw=0x06
	call LABEL_8952	;@raw=0x04,0x89,0x52
	add [0x07], 0x0001	;@raw=0x03,0x07,0x00,0x01
	break	;@raw=0x06
	call LABEL_8952	;@raw=0x04,0x89,0x52
	sub [0x07], 0x0002	;@raw=0x03,0x07,0xFF,0xFE
	break	;@raw=0x06
	call LABEL_893D	;@raw=0x04,0x89,0x3D
	sub [0x07], 0x0003	;@raw=0x03,0x07,0xFF,0xFD
	break	;@raw=0x06
	call LABEL_8928	;@raw=0x04,0x89,0x28
	break	;@raw=0x06
	mov [0x29], [0x07]	;@raw=0x01,0x29,0x07
	add [0x29], 0x003C	;@raw=0x03,0x29,0x00,0x3C
	mov [0x2F], 0x0019	;@raw=0x00,0x2F,0x00,0x19
	jmp LABEL_4F94	;@raw=0x07,0x4F,0x94
LABEL_4DDC:
	db 0x11

LABEL_4DDD:
	jg [0x01], 0x07, LABEL_4E21	;@raw=0x0A,0x02,0x01,0x07,0x4E,0x21
	call LABEL_89BB	;@raw=0x04,0x89,0xBB
	deleteChannels first=0x14, last=0x16	;@raw=0x0C,0x14,0x16,0x02
	setup channel=0x3F, address=LABEL_1392	;@raw=0x08,0x3F,0x13,0x92
	or [0x04], 0x4000	;@raw=0x15,0x04,0x40,0x00
	mov [0x29], 0x0001	;@raw=0x00,0x29,0x00,0x01

LABEL_4DF6:
	break	;@raw=0x06
	video type=1, offset=CINEMATIC_267, x=[0x07], y=[0x08], zoom=0x40	;@raw=0x54,0x25,0x8D,0x07,0x08
	djnz [0x29], LABEL_4DF6	;@raw=0x09,0x29,0x4D,0xF6
	break	;@raw=0x06
	video type=1, offset=CINEMATIC_268, x=[0x07], y=[0x08], zoom=0x40	;@raw=0x54,0x25,0x98,0x07,0x08
	play id=0x005E, freq=0x14, vol=0x40, channel=0x00	;@raw=0x18,0x00,0x5E,0x14,0x40,0x00
	mov [0x29], 0x0003	;@raw=0x00,0x29,0x00,0x03

LABEL_4E10:
	break	;@raw=0x06
	video type=1, offset=CINEMATIC_268, x=[0x07], y=[0x08], zoom=0x40	;@raw=0x54,0x25,0x98,0x07,0x08
	djnz [0x29], LABEL_4E10	;@raw=0x09,0x29,0x4E,0x10
	mov [0x29], 0x0002	;@raw=0x00,0x29,0x00,0x02
	jmp LABEL_4DF6	;@raw=0x07,0x4D,0xF6

LABEL_4E21:
	call LABEL_8C7D	;@raw=0x04,0x8C,0x7D

LABEL_4E24:
	deleteChannels first=0x14, last=0x16	;@raw=0x0C,0x14,0x16,0x02
	setup channel=0x3F, address=LABEL_1392	;@raw=0x08,0x3F,0x13,0x92
	or [0x04], 0x4000	;@raw=0x15,0x04,0x40,0x00
	mov [0x29], 0x0001	;@raw=0x00,0x29,0x00,0x01

LABEL_4E34:
	break	;@raw=0x06
	video type=1, offset=CINEMATIC_265, x=[0x07], y=[0x08], zoom=0x40	;@raw=0x54,0x7A,0xEA,0x07,0x08
	djnz [0x29], LABEL_4E34	;@raw=0x09,0x29,0x4E,0x34
	break	;@raw=0x06
	video type=1, offset=CINEMATIC_266, x=[0x07], y=[0x08], zoom=0x40	;@raw=0x54,0x7A,0xDE,0x07,0x08
	play id=0x005E, freq=0x14, vol=0x40, channel=0x00	;@raw=0x18,0x00,0x5E,0x14,0x40,0x00
	mov [0x29], 0x0003	;@raw=0x00,0x29,0x00,0x03

LABEL_4E4E:
	break	;@raw=0x06
	video type=1, offset=CINEMATIC_266, x=[0x07], y=[0x08], zoom=0x40	;@raw=0x54,0x7A,0xDE,0x07,0x08
	djnz [0x29], LABEL_4E4E	;@raw=0x09,0x29,0x4E,0x4E
	mov [0x29], 0x0002	;@raw=0x00,0x29,0x00,0x02
	jmp LABEL_4E34	;@raw=0x07,0x4E,0x34
LABEL_4E5F:
	db 0x11

LABEL_4E60:
	call LABEL_8DDD	;@raw=0x04,0x8D,0xDD
	mov [0x21], [0x07]	;@raw=0x01,0x21,0x07
	mov [0x27], [0x08]	;@raw=0x01,0x27,0x08
	add [0x21], 0x0028	;@raw=0x03,0x21,0x00,0x28
	sub [0x27], 0x0036	;@raw=0x03,0x27,0xFF,0xCA
	call LABEL_5B75	;@raw=0x04,0x5B,0x75
	break	;@raw=0x06
	call LABEL_8DF7	;@raw=0x04,0x8D,0xF7
	break	;@raw=0x06
	call LABEL_8E33	;@raw=0x04,0x8E,0x33
	break	;@raw=0x06
	call LABEL_8DDD	;@raw=0x04,0x8D,0xDD

LABEL_4E80:
	break	;@raw=0x06
	call LABEL_51D8	;@raw=0x04,0x51,0xD8
	jne [0x2F], 0x00, LABEL_4F94	;@raw=0x0A,0x01,0x2F,0x00,0x4F,0x94
	call LABEL_88B0	;@raw=0x04,0x88,0xB0
	jmp LABEL_4E80	;@raw=0x07,0x4E,0x80
LABEL_4E90:
	db 0x11

LABEL_4E91:
	call LABEL_8C7D	;@raw=0x04,0x8C,0x7D
	mov [0x21], [0x07]	;@raw=0x01,0x21,0x07
	mov [0x27], [0x08]	;@raw=0x01,0x27,0x08
	add [0x21], 0x0028	;@raw=0x03,0x21,0x00,0x28
	sub [0x27], 0x0029	;@raw=0x03,0x27,0xFF,0xD7
	call LABEL_5B75	;@raw=0x04,0x5B,0x75
	break	;@raw=0x06
	call LABEL_8C8F	;@raw=0x04,0x8C,0x8F
	break	;@raw=0x06
	call LABEL_8CC3	;@raw=0x04,0x8C,0xC3
	break	;@raw=0x06
	call LABEL_8C7D	;@raw=0x04,0x8C,0x7D

LABEL_4EB1:
	break	;@raw=0x06
	call LABEL_51D8	;@raw=0x04,0x51,0xD8
	jne [0x2F], 0x00, LABEL_4F94	;@raw=0x0A,0x01,0x2F,0x00,0x4F,0x94
	call LABEL_8CD5	;@raw=0x04,0x8C,0xD5
	jmp LABEL_4EB1	;@raw=0x07,0x4E,0xB1
LABEL_4EC1:
	db 0x11

LABEL_4EC2:
	call LABEL_8CB1	;@raw=0x04,0x8C,0xB1
	je [0x29], 0x00, LABEL_4ED3	;@raw=0x0A,0x00,0x29,0x00,0x4E,0xD3
	break	;@raw=0x06
	sub [0x29], 0x0001	;@raw=0x03,0x29,0xFF,0xFF
	jmp LABEL_4EC2	;@raw=0x07,0x4E,0xC2

LABEL_4ED3:
	mov [0x21], [0x07]	;@raw=0x01,0x21,0x07
	mov [0x27], [0x08]	;@raw=0x01,0x27,0x08
	add [0x21], 0x0019	;@raw=0x03,0x21,0x00,0x19
	sub [0x27], 0x001E	;@raw=0x03,0x27,0xFF,0xE2
	call LABEL_5B75	;@raw=0x04,0x5B,0x75
	break	;@raw=0x06
	call LABEL_8D0A	;@raw=0x04,0x8D,0x0A
	break	;@raw=0x06
	call LABEL_8D2C	;@raw=0x04,0x8D,0x2C
	break	;@raw=0x06
	call LABEL_8CB1	;@raw=0x04,0x8C,0xB1

LABEL_4EF0:
	break	;@raw=0x06
	call LABEL_51D8	;@raw=0x04,0x51,0xD8
	jne [0x2F], 0x00, LABEL_4F94	;@raw=0x0A,0x01,0x2F,0x00,0x4F,0x94
	call LABEL_8CD5	;@raw=0x04,0x8C,0xD5
	jmp LABEL_4EF0	;@raw=0x07,0x4E,0xF0
LABEL_4F00:
	db 0x11

LABEL_4F01:
	mov [0xF8], [0x11]	;@raw=0x01,0xF8,0x11
	and [0xF8], 0x1FFF	;@raw=0x14,0xF8,0x1F,0xFF
	jl [0xF8], 0x1000, LABEL_4F5F	;@raw=0x0A,0x44,0xF8,0x10,0x00,0x4F,0x5F
	jmp LABEL_4F34	;@raw=0x07,0x4F,0x34
LABEL_4F12:
	db 0x11

LABEL_4F13:
	mov [0xF8], [0x11]	;@raw=0x01,0xF8,0x11
	and [0xF8], 0x1FFF	;@raw=0x14,0xF8,0x1F,0xFF
	jl [0xF8], 0x1000, LABEL_4F2A	;@raw=0x0A,0x44,0xF8,0x10,0x00,0x4F,0x2A
	je [0x2F], 0x13, LABEL_4F34	;@raw=0x0A,0x00,0x2F,0x13,0x4F,0x34
	jmp LABEL_4B2A	;@raw=0x07,0x4B,0x2A

LABEL_4F2A:
	je [0x2F], 0x12, LABEL_4F5F	;@raw=0x0A,0x00,0x2F,0x12,0x4F,0x5F
	jmp LABEL_4AE8	;@raw=0x07,0x4A,0xE8
LABEL_4F33:
	db 0x11

LABEL_4F34:
	call LABEL_88F2	;@raw=0x04,0x88,0xF2
	add [0x07], 0x0001	;@raw=0x03,0x07,0x00,0x01
	break	;@raw=0x06
	call LABEL_8C2A	;@raw=0x04,0x8C,0x2A
	sub [0x07], 0x0001	;@raw=0x03,0x07,0xFF,0xFF
	break	;@raw=0x06
	call LABEL_7CDA	;@raw=0x04,0x7C,0xDA
	call LABEL_4F8A	;@raw=0x04,0x4F,0x8A
	sub [0x07], 0x0001	;@raw=0x03,0x07,0xFF,0xFF

LABEL_4F4E:
	break	;@raw=0x06
	call LABEL_51D8	;@raw=0x04,0x51,0xD8
	jne [0x2F], 0x00, LABEL_4F94	;@raw=0x0A,0x01,0x2F,0x00,0x4F,0x94
	call LABEL_7CBC	;@raw=0x04,0x7C,0xBC
	jmp LABEL_4F4E	;@raw=0x07,0x4F,0x4E
LABEL_4F5E:
	db 0x11

LABEL_4F5F:
	call LABEL_7CF8	;@raw=0x04,0x7C,0xF8
	sub [0x07], 0x0001	;@raw=0x03,0x07,0xFF,0xFF
	break	;@raw=0x06
	call LABEL_8C2A	;@raw=0x04,0x8C,0x2A
	add [0x07], 0x0001	;@raw=0x03,0x07,0x00,0x01
	break	;@raw=0x06
	call LABEL_88D1	;@raw=0x04,0x88,0xD1
	call LABEL_4F8F	;@raw=0x04,0x4F,0x8F
	add [0x07], 0x0001	;@raw=0x03,0x07,0x00,0x01

LABEL_4F79:
	break	;@raw=0x06
	call LABEL_51D8	;@raw=0x04,0x51,0xD8
	jne [0x2F], 0x00, LABEL_4F94	;@raw=0x0A,0x01,0x2F,0x00,0x4F,0x94
	call LABEL_88B0	;@raw=0x04,0x88,0xB0
	jmp LABEL_4F79	;@raw=0x07,0x4F,0x79
LABEL_4F89:
	db 0x11

LABEL_4F8A:
	and [0x11], 0xEFFF	;@raw=0x14,0x11,0xEF,0xFF
	ret	;@raw=0x05

LABEL_4F8F:
	or [0x11], 0x1000	;@raw=0x15,0x11,0x10,0x00
	ret	;@raw=0x05

LABEL_4F94:
	je [0x2F], 0x01, LABEL_4B7E	;@raw=0x0A,0x00,0x2F,0x01,0x4B,0x7E
	je [0x2F], 0x02, LABEL_4B7E	;@raw=0x0A,0x00,0x2F,0x02,0x4B,0x7E
	je [0x2F], 0x03, LABEL_8E78	;@raw=0x0A,0x00,0x2F,0x03,0x8E,0x78
	je [0x2F], 0x04, LABEL_80C2	;@raw=0x0A,0x00,0x2F,0x04,0x80,0xC2
	je [0x2F], 0x06, LABEL_4F01	;@raw=0x0A,0x00,0x2F,0x06,0x4F,0x01
	je [0x2F], 0x07, LABEL_4C87	;@raw=0x0A,0x00,0x2F,0x07,0x4C,0x87
	je [0x2F], 0x08, LABEL_4C87	;@raw=0x0A,0x00,0x2F,0x08,0x4C,0x87
	je [0x2F], 0x09, LABEL_4C87	;@raw=0x0A,0x00,0x2F,0x09,0x4C,0x87
	je [0x2F], 0x12, LABEL_4F13	;@raw=0x0A,0x00,0x2F,0x12,0x4F,0x13
	je [0x2F], 0x13, LABEL_4F13	;@raw=0x0A,0x00,0x2F,0x13,0x4F,0x13
	je [0x2F], 0x05, LABEL_4A6A	;@raw=0x0A,0x00,0x2F,0x05,0x4A,0x6A
	je [0x2F], 0x0F, LABEL_4A6A	;@raw=0x0A,0x00,0x2F,0x0F,0x4A,0x6A
	je [0x2F], 0x18, LABEL_4B9F	;@raw=0x0A,0x00,0x2F,0x18,0x4B,0x9F
	je [0x2F], 0x19, LABEL_4BB0	;@raw=0x0A,0x00,0x2F,0x19,0x4B,0xB0
	je [0x2F], 0x0B, LABEL_465F	;@raw=0x0A,0x00,0x2F,0x0B,0x46,0x5F
	je [0x2F], 0x0C, LABEL_47E7	;@raw=0x0A,0x00,0x2F,0x0C,0x47,0xE7
	je [0x2F], 0x1D, LABEL_48E2	;@raw=0x0A,0x00,0x2F,0x1D,0x48,0xE2
	je [0x2F], 0x0D, LABEL_4BBA	;@raw=0x0A,0x00,0x2F,0x0D,0x4B,0xBA
	je [0x2F], 0x10, LABEL_4B5D	;@raw=0x0A,0x00,0x2F,0x10,0x4B,0x5D
	je [0x2F], 0x11, LABEL_4B5D	;@raw=0x0A,0x00,0x2F,0x11,0x4B,0x5D
	je [0x2F], 0x14, LABEL_463B	;@raw=0x0A,0x00,0x2F,0x14,0x46,0x3B
	je [0x2F], 0x15, LABEL_463B	;@raw=0x0A,0x00,0x2F,0x15,0x46,0x3B
	je [0x2F], 0x16, LABEL_463B	;@raw=0x0A,0x00,0x2F,0x16,0x46,0x3B
	je [0x2F], 0x17, LABEL_47A4	;@raw=0x0A,0x00,0x2F,0x17,0x47,0xA4
	je [0x2F], 0x1A, LABEL_26FD	;@raw=0x0A,0x00,0x2F,0x1A,0x26,0xFD
	je [0x2F], 0x1B, LABEL_26FD	;@raw=0x0A,0x00,0x2F,0x1B,0x26,0xFD
	je [0x2F], 0x1C, LABEL_463B	;@raw=0x0A,0x00,0x2F,0x1C,0x46,0x3B
	je [0x2F], 0x0A, LABEL_4DDD	;@raw=0x0A,0x00,0x2F,0x0A,0x4D,0xDD
	je [0x2F], 0x1E, LABEL_36F3	;@raw=0x0A,0x00,0x2F,0x1E,0x36,0xF3
	je [0x2F], 0x1F, LABEL_37ED	;@raw=0x0A,0x00,0x2F,0x1F,0x37,0xED
	je [0x2F], 0x20, LABEL_0FBE	;@raw=0x0A,0x00,0x2F,0x20,0x0F,0xBE
	je [0x2F], 0x21, LABEL_0DE4	;@raw=0x0A,0x00,0x2F,0x21,0x0D,0xE4
	je [0x2F], 0x22, LABEL_0F75	;@raw=0x0A,0x00,0x2F,0x22,0x0F,0x75
	je [0x2F], 0x23, LABEL_013B	;@raw=0x0A,0x00,0x2F,0x23,0x01,0x3B
	killChannel	;@raw=0x11
	mov [0xF8], [0x11]	;@raw=0x01,0xF8,0x11
	jl [0xF8], 0x4000, LABEL_506F	;@raw=0x0A,0x44,0xF8,0x40,0x00,0x50,0x6F
	sub [0xF8], 0x4000	;@raw=0x03,0xF8,0xC0,0x00

LABEL_506F:
	mov [0x2D], 0x0000	;@raw=0x00,0x2D,0x00,0x00
	jl [0xF8], 0x2000, LABEL_5082	;@raw=0x0A,0x44,0xF8,0x20,0x00,0x50,0x82
	mov [0x2D], 0x0001	;@raw=0x00,0x2D,0x00,0x01
	sub [0xF8], 0x2000	;@raw=0x03,0xF8,0xE0,0x00

LABEL_5082:
	mov [0x2E], 0x0000	;@raw=0x00,0x2E,0x00,0x00
	jl [0xF8], 0x1000, LABEL_5091	;@raw=0x0A,0x44,0xF8,0x10,0x00,0x50,0x91
	mov [0x2E], 0x0001	;@raw=0x00,0x2E,0x00,0x01

LABEL_5091:
	ret	;@raw=0x05
LABEL_5092:
	db 0x11

LABEL_5093:
	mov [0x2B], [0x12]	;@raw=0x01,0x2B,0x12
	and [0x2B], 0x1FFF	;@raw=0x14,0x2B,0x1F,0xFF
	shr [0x2B], 0x0003	;@raw=0x17,0x2B,0x00,0x03
	jne [0x2B], 0x01, LABEL_50A5	;@raw=0x0A,0x01,0x2B,0x01,0x50,0xA5
	ret	;@raw=0x05

LABEL_50A5:
	ret	;@raw=0x05

LABEL_50A6:
	mov [0x2F], 0x0000	;@raw=0x00,0x2F,0x00,0x00
	ret	;@raw=0x05
	and [0x12], 0x1FFF	;@raw=0x14,0x12,0x1F,0xFF
	jl [0x12], 0x08, LABEL_50EE	;@raw=0x0A,0x04,0x12,0x08,0x50,0xEE
	mov [0x2B], [0x12]	;@raw=0x01,0x2B,0x12
	shr [0x2B], 0x0003	;@raw=0x17,0x2B,0x00,0x03
	jne [0xB0], 0x00, LABEL_50EE	;@raw=0x0A,0x01,0xB0,0x00,0x50,0xEE
	jl [HACK_VAR_67], 0x03, LABEL_50EE	;@raw=0x0A,0x04,0x67,0x03,0x50,0xEE
	mov [0x10], 0x0001	;@raw=0x00,0x10,0x00,0x01
	call LABEL_30C3	;@raw=0x04,0x30,0xC3
	mov [0x07], [0x3F]	;@raw=0x01,0x07,0x3F
	mov [0x12], 0x6010	;@raw=0x00,0x12,0x60,0x10
	mov [0x0E], 0x0000	;@raw=0x00,0x0E,0x00,0x00
	mov [0x0D], 0x0001	;@raw=0x00,0x0D,0x00,0x01
	mov [0x13], 0x03E8	;@raw=0x00,0x13,0x03,0xE8
	mov [0x11], 0x3000	;@raw=0x00,0x11,0x30,0x00
	mov [0x2F], 0x000F	;@raw=0x00,0x2F,0x00,0x0F
	mov [0x09], 0x0021	;@raw=0x00,0x09,0x00,0x21

LABEL_50EE:
	ret	;@raw=0x05

LABEL_50EF:
	je [0x12], 0x01, LABEL_2478	;@raw=0x0A,0x00,0x12,0x01,0x24,0x78
	je [0x12], 0x02, LABEL_3EC9	;@raw=0x0A,0x00,0x12,0x02,0x3E,0xC9
	je [0x12], 0x03, LABEL_24A3	;@raw=0x0A,0x00,0x12,0x03,0x24,0xA3
	je [0x12], 0x04, LABEL_24B6	;@raw=0x0A,0x00,0x12,0x04,0x24,0xB6
	je [0x12], 0x05, LABEL_24F5	;@raw=0x0A,0x00,0x12,0x05,0x24,0xF5
	je [0x12], 0x06, LABEL_2490	;@raw=0x0A,0x00,0x12,0x06,0x24,0x90
	jne [0x10], [HACK_VAR_67], LABEL_517C	;@raw=0x0A,0x81,0x10,0x67,0x51,0x7C
	mov [0xF8], [0x10]	;@raw=0x01,0xF8,0x10
	and [0xF8], 0x001F	;@raw=0x14,0xF8,0x00,0x1F
	je [0x08], [0x02], LABEL_5126	;@raw=0x0A,0x80,0x08,0x02,0x51,0x26

LABEL_5126:
	call LABEL_565E	;@raw=0x04,0x56,0x5E
	je [0x1D], 0x1E, LABEL_516B	;@raw=0x0A,0x00,0x1D,0x1E,0x51,0x6B
	mov [0x21], [0x01]	;@raw=0x01,0x21,0x01
	mov [0x22], [0x07]	;@raw=0x01,0x22,0x07
	call LABEL_564A	;@raw=0x04,0x56,0x4A
	mov [0x29], [0x01]	;@raw=0x01,0x29,0x01
	jg [0x01], [0x07], LABEL_5156	;@raw=0x0A,0x82,0x01,0x07,0x51,0x56
	mov [0x2F], 0x0004	;@raw=0x00,0x2F,0x00,0x04
	add [0x29], 0x0014	;@raw=0x03,0x29,0x00,0x14
	jg [0x26], 0x64, LABEL_51D6	;@raw=0x0A,0x02,0x26,0x64,0x51,0xD6
	mov [0x2F], 0x0002	;@raw=0x00,0x2F,0x00,0x02
	jmp LABEL_51D6	;@raw=0x07,0x51,0xD6

LABEL_5156:
	mov [0x2F], 0x0004	;@raw=0x00,0x2F,0x00,0x04
	sub [0x29], 0x0014	;@raw=0x03,0x29,0xFF,0xEC
	jg [0x26], 0x64, LABEL_51D6	;@raw=0x0A,0x02,0x26,0x64,0x51,0xD6
	mov [0x2F], 0x0001	;@raw=0x00,0x2F,0x00,0x01
	jmp LABEL_51D6	;@raw=0x07,0x51,0xD6

LABEL_516B:
	mov [0x2F], 0x0012	;@raw=0x00,0x2F,0x00,0x12
	jg [0x01], [0x07], LABEL_51D6	;@raw=0x0A,0x82,0x01,0x07,0x51,0xD6
	mov [0x2F], 0x0013	;@raw=0x00,0x2F,0x00,0x13
	jmp LABEL_51D6	;@raw=0x07,0x51,0xD6

LABEL_517C:
	mov [0xF8], [0x10]	;@raw=0x01,0xF8,0x10
	mov [0x2B], [HACK_VAR_67]	;@raw=0x01,0x2B,0x67
	and [0xF8], 0x00E0	;@raw=0x14,0xF8,0x00,0xE0
	and [0x2B], 0x00E0	;@raw=0x14,0x2B,0x00,0xE0
	jne [0xF8], [0x2B], LABEL_51D6	;@raw=0x0A,0x81,0xF8,0x2B,0x51,0xD6
	jg [HACK_VAR_67], [0x10], LABEL_51AF	;@raw=0x0A,0x82,0x67,0x10,0x51,0xAF
	jne [0x10], 0x24, LABEL_51A4	;@raw=0x0A,0x01,0x10,0x24,0x51,0xA4
	mov [0x07], 0x00A0	;@raw=0x00,0x07,0x00,0xA0
	mov [0x08], 0x00B6	;@raw=0x00,0x08,0x00,0xB6

LABEL_51A4:
	mov [0x2F], 0x0004	;@raw=0x00,0x2F,0x00,0x04
	mov [0x29], 0xFFF0	;@raw=0x00,0x29,0xFF,0xF0
	jmp LABEL_51D6	;@raw=0x07,0x51,0xD6

LABEL_51AF:
	jne [0x10], 0x23, LABEL_51BD	;@raw=0x0A,0x01,0x10,0x23,0x51,0xBD
	mov [0x07], 0x00FA	;@raw=0x00,0x07,0x00,0xFA
	mov [0x08], 0x00B6	;@raw=0x00,0x08,0x00,0xB6

LABEL_51BD:
	jne [0x10], 0x24, LABEL_51CB	;@raw=0x0A,0x01,0x10,0x24,0x51,0xCB
	mov [0x07], 0x0078	;@raw=0x00,0x07,0x00,0x78
	mov [0x08], 0x005D	;@raw=0x00,0x08,0x00,0x5D

LABEL_51CB:
	mov [0x2F], 0x0003	;@raw=0x00,0x2F,0x00,0x03
	mov [0x29], 0x0150	;@raw=0x00,0x29,0x01,0x50
	jmp LABEL_51D6	;@raw=0x07,0x51,0xD6

LABEL_51D6:
	ret	;@raw=0x05
LABEL_51D7:
	db 0x11

LABEL_51D8:
	mov [0x2F], 0x0000	;@raw=0x00,0x2F,0x00,0x00
	jl [0x12], 0x08, LABEL_50EF	;@raw=0x0A,0x04,0x12,0x08,0x50,0xEF
	mov [0xF8], [0x12]	;@raw=0x01,0xF8,0x12
	and [0xF8], 0x1FFF	;@raw=0x14,0xF8,0x1F,0xFF
	jne [0x10], [HACK_VAR_67], LABEL_529D	;@raw=0x0A,0x81,0x10,0x67,0x52,0x9D
	je [0xF8], 0x08, LABEL_55D9	;@raw=0x0A,0x00,0xF8,0x08,0x55,0xD9
	je [0xF8], 0x10, LABEL_5237	;@raw=0x0A,0x00,0xF8,0x10,0x52,0x37
	je [0xF8], 0x18, LABEL_5540	;@raw=0x0A,0x00,0xF8,0x18,0x55,0x40
	je [0xF8], 0x20, LABEL_54D1	;@raw=0x0A,0x00,0xF8,0x20,0x54,0xD1
	je [0xF8], 0x40, LABEL_54FA	;@raw=0x0A,0x00,0xF8,0x40,0x54,0xFA
	je [0xF8], 0x48, LABEL_548D	;@raw=0x0A,0x00,0xF8,0x48,0x54,0x8D
	je [0xF8], 0x50, LABEL_549C	;@raw=0x0A,0x00,0xF8,0x50,0x54,0x9C
	je [0xF8], 0x60, LABEL_5549	;@raw=0x0A,0x00,0xF8,0x60,0x55,0x49
	je [0xF8], 0x68, LABEL_5552	;@raw=0x0A,0x00,0xF8,0x68,0x55,0x52
	je [0xF8], 0x28, LABEL_19D8	;@raw=0x0A,0x00,0xF8,0x28,0x19,0xD8
	je [0xF8], 0x30, LABEL_1A46	;@raw=0x0A,0x00,0xF8,0x30,0x1A,0x46
	je [0xF8], 0x38, LABEL_12B5	;@raw=0x0A,0x00,0xF8,0x38,0x12,0xB5

LABEL_5237:
	mov [0x2B], [0x11]	;@raw=0x01,0x2B,0x11
	and [0x2B], 0xDFFF	;@raw=0x14,0x2B,0xDF,0xFF
	jg [0x08], [0x02], LABEL_535B	;@raw=0x0A,0x82,0x08,0x02,0x53,0x5B
	jl [0x01], [0x07], LABEL_5258	;@raw=0x0A,0x84,0x01,0x07,0x52,0x58
	jge [0x2B], 0x1000, LABEL_5266	;@raw=0x0A,0x43,0x2B,0x10,0x00,0x52,0x66
	mov [0x2F], 0x0006	;@raw=0x00,0x2F,0x00,0x06
	jmp LABEL_535B	;@raw=0x07,0x53,0x5B

LABEL_5258:
	jl [0x2B], 0x1000, LABEL_5266	;@raw=0x0A,0x44,0x2B,0x10,0x00,0x52,0x66
	mov [0x2F], 0x0006	;@raw=0x00,0x2F,0x00,0x06
	jmp LABEL_535B	;@raw=0x07,0x53,0x5B

LABEL_5266:
	call LABEL_567B	;@raw=0x04,0x56,0x7B
	mov [0x2C], [0x1D]	;@raw=0x01,0x2C,0x1D
	mov [0x21], [0x07]	;@raw=0x01,0x21,0x07
	mov [0x22], [0x01]	;@raw=0x01,0x22,0x01
	call LABEL_564A	;@raw=0x04,0x56,0x4A
	jge [0x04], 0x4000, LABEL_535D	;@raw=0x0A,0x43,0x04,0x40,0x00,0x53,0x5D
	jl [0x26], 0x46, LABEL_5374	;@raw=0x0A,0x04,0x26,0x46,0x53,0x74
	jl [0x2C], 0x0A, LABEL_5387	;@raw=0x0A,0x04,0x2C,0x0A,0x53,0x87
	jl [0x2C], 0x14, LABEL_538C	;@raw=0x0A,0x04,0x2C,0x14,0x53,0x8C
	jl [0x2C], 0x1E, LABEL_53A1	;@raw=0x0A,0x04,0x2C,0x1E,0x53,0xA1
	jl [0x2C], 0x29, LABEL_55D9	;@raw=0x0A,0x04,0x2C,0x29,0x55,0xD9
	jmp LABEL_535B	;@raw=0x07,0x53,0x5B

LABEL_529D:
	mov [0xF8], [0x10]	;@raw=0x01,0xF8,0x10
	mov [0x2B], [HACK_VAR_67]	;@raw=0x01,0x2B,0x67
	and [0xF8], 0x00E0	;@raw=0x14,0xF8,0x00,0xE0
	and [0x2B], 0x00E0	;@raw=0x14,0x2B,0x00,0xE0
	jne [0xF8], [0x2B], LABEL_535B	;@raw=0x0A,0x81,0xF8,0x2B,0x53,0x5B
	mov [0xF8], [HACK_VAR_67]	;@raw=0x01,0xF8,0x67
	and [0xF8], 0x001F	;@raw=0x14,0xF8,0x00,0x1F
	je [0xF8], 0x05, LABEL_535B	;@raw=0x0A,0x00,0xF8,0x05,0x53,0x5B
	jl [0x12], 0x4000, LABEL_535B	;@raw=0x0A,0x44,0x12,0x40,0x00,0x53,0x5B
	mov [0xF8], [0x12]	;@raw=0x01,0xF8,0x12
	and [0xF8], 0x3FFF	;@raw=0x14,0xF8,0x3F,0xFF
	jge [0xF8], 0x2000, LABEL_52EA	;@raw=0x0A,0x43,0xF8,0x20,0x00,0x52,0xEA
	mov [0xF8], [0x10]	;@raw=0x01,0xF8,0x10
	add [0xF8], 0x0001	;@raw=0x03,0xF8,0x00,0x01
	je [0xF8], [HACK_VAR_67], LABEL_52EA	;@raw=0x0A,0x80,0xF8,0x67,0x52,0xEA
	sub [0xF8], 0x0002	;@raw=0x03,0xF8,0xFF,0xFE
	jne [0xF8], [HACK_VAR_67], LABEL_535B	;@raw=0x0A,0x81,0xF8,0x67,0x53,0x5B

LABEL_52EA:
	mov [0x2B], [0x12]	;@raw=0x01,0x2B,0x12
	and [0x2B], 0x1FF0	;@raw=0x14,0x2B,0x1F,0xF0
	mov [0xF8], [0x10]	;@raw=0x01,0xF8,0x10
	add [0xF8], 0x0001	;@raw=0x03,0xF8,0x00,0x01
	je [0xF8], [HACK_VAR_67], LABEL_5302	;@raw=0x0A,0x80,0xF8,0x67,0x53,0x02
	sub [0xF8], 0x0002	;@raw=0x03,0xF8,0xFF,0xFE

LABEL_5302:
	mov [0x29], [0x07]	;@raw=0x01,0x29,0x07
	jg [HACK_VAR_67], [0x10], LABEL_5332	;@raw=0x0A,0x82,0x67,0x10,0x53,0x32
	mov [0x2F], 0x0004	;@raw=0x00,0x2F,0x00,0x04
	sub [0x29], 0x0010	;@raw=0x03,0x29,0xFF,0xF0
	jne [0xF8], [HACK_VAR_67], LABEL_535B	;@raw=0x0A,0x81,0xF8,0x67,0x53,0x5B
	jne [0x2B], 0x10, LABEL_535B	;@raw=0x0A,0x01,0x2B,0x10,0x53,0x5B
	jl [0x29], 0x0F, LABEL_535B	;@raw=0x0A,0x04,0x29,0x0F,0x53,0x5B
	jg [0x29], 0x1E, LABEL_535B	;@raw=0x0A,0x02,0x29,0x1E,0x53,0x5B
	setup channel=0x34, address=LABEL_69E6	;@raw=0x08,0x34,0x69,0xE6
	jmp LABEL_535B	;@raw=0x07,0x53,0x5B

LABEL_5332:
	mov [0x2F], 0x0003	;@raw=0x00,0x2F,0x00,0x03
	add [0x29], 0x0010	;@raw=0x03,0x29,0x00,0x10
	jne [0xF8], [HACK_VAR_67], LABEL_535B	;@raw=0x0A,0x81,0xF8,0x67,0x53,0x5B
	jne [0x2B], 0x10, LABEL_535B	;@raw=0x0A,0x01,0x2B,0x10,0x53,0x5B
	jg [0x29], 0x0131, LABEL_535B	;@raw=0x0A,0x42,0x29,0x01,0x31,0x53,0x5B
	jl [0x29], 0x0122, LABEL_535B	;@raw=0x0A,0x44,0x29,0x01,0x22,0x53,0x5B
	setup channel=0x33, address=LABEL_69B2	;@raw=0x08,0x33,0x69,0xB2
	jmp LABEL_535B	;@raw=0x07,0x53,0x5B

LABEL_535B:
	ret	;@raw=0x05
LABEL_535C:
	db 0x11

LABEL_535D:
	jl [0x26], 0x1E, LABEL_78B5	;@raw=0x0A,0x04,0x26,0x1E,0x78,0xB5
	mov [0x2F], 0x0018	;@raw=0x00,0x2F,0x00,0x18
	mov [0x29], [0x01]	;@raw=0x01,0x29,0x01
	sub [0x29], 0x000A	;@raw=0x03,0x29,0xFF,0xF6
	ret	;@raw=0x05
	mov [0x2F], 0x0005	;@raw=0x00,0x2F,0x00,0x05
	ret	;@raw=0x05

LABEL_5374:
	mov [0x2F], 0x0009	;@raw=0x00,0x2F,0x00,0x09
	mov [0x29], 0x0000	;@raw=0x00,0x29,0x00,0x00
	jg [0x26], 0x14, LABEL_78B5	;@raw=0x0A,0x02,0x26,0x14,0x78,0xB5
	mov [0x2F], 0x000A	;@raw=0x00,0x2F,0x00,0x0A
	ret	;@raw=0x05

LABEL_5387:
	mov [0x2F], 0x000F	;@raw=0x00,0x2F,0x00,0x0F
	ret	;@raw=0x05

LABEL_538C:
	je [0x12], 0x58, LABEL_5397	;@raw=0x0A,0x00,0x12,0x58,0x53,0x97
	mov [0x2F], 0x000F	;@raw=0x00,0x2F,0x00,0x0F
	ret	;@raw=0x05

LABEL_5397:
	mov [0x2F], 0x001D	;@raw=0x00,0x2F,0x00,0x1D
	ret	;@raw=0x05

LABEL_539C:
	mov [0x2F], 0x000D	;@raw=0x00,0x2F,0x00,0x0D
	ret	;@raw=0x05

LABEL_53A1:
	call LABEL_56B8	;@raw=0x04,0x56,0xB8
	jg [0x1D], 0x1D, LABEL_53E3	;@raw=0x0A,0x02,0x1D,0x1D,0x53,0xE3
	je [0x12], 0x58, LABEL_539C	;@raw=0x0A,0x00,0x12,0x58,0x53,0x9C
	mov [0x21], [0x07]	;@raw=0x01,0x21,0x07
	call LABEL_564A	;@raw=0x04,0x56,0x4A
	mov [0x25], [0x26]	;@raw=0x01,0x25,0x26
	mov [0x21], [0x01]	;@raw=0x01,0x21,0x01
	call LABEL_564A	;@raw=0x04,0x56,0x4A
	mov [0x24], [0x26]	;@raw=0x01,0x24,0x26
	jle [0x24], [0x25], LABEL_53E3	;@raw=0x0A,0x85,0x24,0x25,0x53,0xE3
	mov [0x29], [0x22]	;@raw=0x01,0x29,0x22
	jl [0x07], [0x01], LABEL_53DA	;@raw=0x0A,0x84,0x07,0x01,0x53,0xDA
	add [0x29], 0x000A	;@raw=0x03,0x29,0x00,0x0A
	mov [0x2F], 0x0011	;@raw=0x00,0x2F,0x00,0x11
	ret	;@raw=0x05

LABEL_53DA:
	sub [0x29], 0x000A	;@raw=0x03,0x29,0xFF,0xF6
	mov [0x2F], 0x0011	;@raw=0x00,0x2F,0x00,0x11
	ret	;@raw=0x05

LABEL_53E3:
	mov [0x2F], 0x000B	;@raw=0x00,0x2F,0x00,0x0B
	jmp LABEL_53F4	;@raw=0x07,0x53,0xF4
	call JUNK__5688	;@raw=0x04,0x56,0x88
	jne [0x1D], 0x00, LABEL_540A	;@raw=0x0A,0x01,0x1D,0x00,0x54,0x0A
	ret	;@raw=0x05

LABEL_53F4:
	jg [0xAA], 0x00, LABEL_53FF	;@raw=0x0A,0x02,0xAA,0x00,0x53,0xFF
	mov [0x2F], 0x000B	;@raw=0x00,0x2F,0x00,0x0B
	ret	;@raw=0x05

LABEL_53FF:
	jg [0xAD], 0x00, LABEL_540A	;@raw=0x0A,0x02,0xAD,0x00,0x54,0x0A
	mov [0x2F], 0x000B	;@raw=0x00,0x2F,0x00,0x0B
	ret	;@raw=0x05

LABEL_540A:
	mov [0x2F], 0x0008	;@raw=0x00,0x2F,0x00,0x08
	call LABEL_30B6	;@raw=0x04,0x30,0xB6
	mov [0x29], [0x38]	;@raw=0x01,0x29,0x38
	and [0x29], 0x0003	;@raw=0x14,0x29,0x00,0x03
	jl [0x38], 0x64, LABEL_78B5	;@raw=0x0A,0x04,0x38,0x64,0x78,0xB5
	mov [0x2F], 0x0009	;@raw=0x00,0x2F,0x00,0x09
	ret	;@raw=0x05

LABEL_5423:
	mov [0x21], 0x0000	;@raw=0x00,0x21,0x00,0x00
	jne [0x88], 0xFFFF, LABEL_543C	;@raw=0x0A,0x41,0x88,0xFF,0xFF,0x54,0x3C
	jne [0x89], 0xFFFF, LABEL_543C	;@raw=0x0A,0x41,0x89,0xFF,0xFF,0x54,0x3C
	je [0x8A], 0xFFFF, LABEL_78B5	;@raw=0x0A,0x40,0x8A,0xFF,0xFF,0x78,0xB5

LABEL_543C:
	mov [0x21], 0x0001	;@raw=0x00,0x21,0x00,0x01
	ret	;@raw=0x05
	mov [0x2F], 0x0018	;@raw=0x00,0x2F,0x00,0x18
	mov [0x29], 0x00FF	;@raw=0x00,0x29,0x00,0xFF
	jg [0x07], [0x29], LABEL_78B5	;@raw=0x0A,0x82,0x07,0x29,0x78,0xB5
	mov [0x2F], 0x0005	;@raw=0x00,0x2F,0x00,0x05
	jge [0x11], 0x2000, LABEL_78B5	;@raw=0x0A,0x43,0x11,0x20,0x00,0x78,0xB5
	mov [0x2F], 0x001A	;@raw=0x00,0x2F,0x00,0x1A
	mov [0x12], 0x0008	;@raw=0x00,0x12,0x00,0x08
	ret	;@raw=0x05
	mov [0x2F], 0x0018	;@raw=0x00,0x2F,0x00,0x18
	mov [0x29], 0x00FA	;@raw=0x00,0x29,0x00,0xFA
	jg [0x07], [0x29], LABEL_78B5	;@raw=0x0A,0x82,0x07,0x29,0x78,0xB5
	mov [0x2F], 0x001B	;@raw=0x00,0x2F,0x00,0x1B
	ret	;@raw=0x05
	mov [0x2F], 0x0019	;@raw=0x00,0x2F,0x00,0x19
	mov [0x29], 0x010E	;@raw=0x00,0x29,0x01,0x0E
	jg [0x07], [0x29], LABEL_78B5	;@raw=0x0A,0x82,0x07,0x29,0x78,0xB5
	mov [0x2F], 0x001D	;@raw=0x00,0x2F,0x00,0x1D
	mov [0x12], 0x0048	;@raw=0x00,0x12,0x00,0x48
	ret	;@raw=0x05

LABEL_548D:
	jg [0x01], 0xB4, LABEL_549C	;@raw=0x0A,0x02,0x01,0xB4,0x54,0x9C
	mov [0x2F], 0x000D	;@raw=0x00,0x2F,0x00,0x0D
	mov [0x12], 0x0050	;@raw=0x00,0x12,0x00,0x50
	ret	;@raw=0x05

LABEL_549C:
	mov [0x2F], 0x0009	;@raw=0x00,0x2F,0x00,0x09
	mov [0x29], 0x0000	;@raw=0x00,0x29,0x00,0x00
	mov [0x12], 0x0010	;@raw=0x00,0x12,0x00,0x10
	jg [0x01], 0x32, LABEL_78B5	;@raw=0x0A,0x02,0x01,0x32,0x78,0xB5
	mov [0x12], 0x0048	;@raw=0x00,0x12,0x00,0x48
	ret	;@raw=0x05
	jne [0x10], 0x4D, LABEL_54C8	;@raw=0x0A,0x01,0x10,0x4D,0x54,0xC8
	jne [HACK_VAR_67], [0x10], LABEL_78B5	;@raw=0x0A,0x81,0x67,0x10,0x78,0xB5
	mov [0x29], 0x0168	;@raw=0x00,0x29,0x01,0x68
	mov [0x2F], 0x0019	;@raw=0x00,0x2F,0x00,0x19
	ret	;@raw=0x05

LABEL_54C8:
	setup channel=0x23, address=LABEL_1470	;@raw=0x08,0x23,0x14,0x70
	mov [0x10], 0x0000	;@raw=0x00,0x10,0x00,0x00
	ret	;@raw=0x05

LABEL_54D1:
	mov [0x2F], 0x0000	;@raw=0x00,0x2F,0x00,0x00
	call LABEL_567B	;@raw=0x04,0x56,0x7B
	jl [0x1D], 0x14, LABEL_78B5	;@raw=0x0A,0x04,0x1D,0x14,0x78,0xB5
	mov [0x2F], 0x000D	;@raw=0x00,0x2F,0x00,0x0D
	jl [0x1D], 0x1E, LABEL_78B5	;@raw=0x0A,0x04,0x1D,0x1E,0x78,0xB5
	call LABEL_30C6	;@raw=0x04,0x30,0xC6
	jl [0x3A], 0x03, LABEL_78B5	;@raw=0x0A,0x04,0x3A,0x03,0x78,0xB5
	mov [0x29], 0x0003	;@raw=0x00,0x29,0x00,0x03
	mov [0x2F], 0x0008	;@raw=0x00,0x2F,0x00,0x08
	ret	;@raw=0x05

LABEL_54FA:
	mov [0x2F], 0x0000	;@raw=0x00,0x2F,0x00,0x00
	mov [0xF8], [0x49]	;@raw=0x01,0xF8,0x49
	and [0xF8], 0x0060	;@raw=0x14,0xF8,0x00,0x60
	je [0xF8], 0x40, LABEL_5533	;@raw=0x0A,0x00,0xF8,0x40,0x55,0x33
	call LABEL_56AB	;@raw=0x04,0x56,0xAB
	jl [0x1D], 0x0A, LABEL_78B5	;@raw=0x0A,0x04,0x1D,0x0A,0x78,0xB5
	mov [0x2F], 0x000C	;@raw=0x00,0x2F,0x00,0x0C
	jl [0x1D], 0x14, LABEL_78B5	;@raw=0x0A,0x04,0x1D,0x14,0x78,0xB5
	jg [0x01], 0xA0, LABEL_552A	;@raw=0x0A,0x02,0x01,0xA0,0x55,0x2A
	jl [0x1D], 0x1E, LABEL_78B5	;@raw=0x0A,0x04,0x1D,0x1E,0x78,0xB5

LABEL_552A:
	mov [0x29], 0x0002	;@raw=0x00,0x29,0x00,0x02
	mov [0x2F], 0x0009	;@raw=0x00,0x2F,0x00,0x09
	ret	;@raw=0x05

LABEL_5533:
	mov [0x29], 0x0002	;@raw=0x00,0x29,0x00,0x02
	mov [0x2F], 0x0009	;@raw=0x00,0x2F,0x00,0x09
	setup channel=0x01, address=LABEL_289B	;@raw=0x08,0x01,0x28,0x9B
	ret	;@raw=0x05

LABEL_5540:
	mov [0x2F], 0x0009	;@raw=0x00,0x2F,0x00,0x09
	mov [0x29], 0x0003	;@raw=0x00,0x29,0x00,0x03
	ret	;@raw=0x05

LABEL_5549:
	mov [0x2F], 0x0007	;@raw=0x00,0x2F,0x00,0x07
	mov [0x29], 0x0002	;@raw=0x00,0x29,0x00,0x02
	ret	;@raw=0x05

LABEL_5552:
	mov [0x2F], 0x0021	;@raw=0x00,0x2F,0x00,0x21
	jl [0x12], 0x2000, LABEL_78B5	;@raw=0x0A,0x44,0x12,0x20,0x00,0x78,0xB5
	jg [0x07], 0x64, LABEL_78B5	;@raw=0x0A,0x02,0x07,0x64,0x78,0xB5
	mov [0x2F], 0x0000	;@raw=0x00,0x2F,0x00,0x00
	jg [0x01], 0x32, LABEL_78B5	;@raw=0x0A,0x02,0x01,0x32,0x78,0xB5
	mov [0x2F], 0x0022	;@raw=0x00,0x2F,0x00,0x22
	ret	;@raw=0x05
	jge [0x04], 0x4000, LABEL_78B5	;@raw=0x0A,0x43,0x04,0x40,0x00,0x78,0xB5
	jg [0xAA], 0x00, LABEL_558F	;@raw=0x0A,0x02,0xAA,0x00,0x55,0x8F
	mov [0x2F], 0x000B	;@raw=0x00,0x2F,0x00,0x0B
	ret	;@raw=0x05
	jg [0xAD], 0x00, LABEL_558F	;@raw=0x0A,0x02,0xAD,0x00,0x55,0x8F
	mov [0x2F], 0x000B	;@raw=0x00,0x2F,0x00,0x0B
	ret	;@raw=0x05

LABEL_558F:
	jg [0x01], 0x7A, LABEL_55AA	;@raw=0x0A,0x02,0x01,0x7A,0x55,0xAA
	jg [0x49], 0x03FF, LABEL_55AA	;@raw=0x0A,0x42,0x49,0x03,0xFF,0x55,0xAA
	mov [0xF8], [0x49]	;@raw=0x01,0xF8,0x49
	and [0xF8], 0x0380	;@raw=0x14,0xF8,0x03,0x80
	je [0xF8], 0x00, LABEL_55AA	;@raw=0x0A,0x00,0xF8,0x00,0x55,0xAA
	ret	;@raw=0x05

LABEL_55AA:
	call LABEL_56AB	;@raw=0x04,0x56,0xAB
	mov [0x29], 0x0000	;@raw=0x00,0x29,0x00,0x00
	mov [0x2F], 0x0009	;@raw=0x00,0x2F,0x00,0x09
	jg [0x01], 0xA0, LABEL_55CC	;@raw=0x0A,0x02,0x01,0xA0,0x55,0xCC
	jl [0x1D], 0x14, LABEL_78B5	;@raw=0x0A,0x04,0x1D,0x14,0x78,0xB5
	jg [0x1D], 0x18, LABEL_78B5	;@raw=0x0A,0x02,0x1D,0x18,0x78,0xB5
	mov [0x2F], 0x000D	;@raw=0x00,0x2F,0x00,0x0D
	ret	;@raw=0x05

LABEL_55CC:
	mov [0x2F], 0x0009	;@raw=0x00,0x2F,0x00,0x09
	mov [0x29], 0x0000	;@raw=0x00,0x29,0x00,0x00
	mov [0x12], 0x0010	;@raw=0x00,0x12,0x00,0x10
	ret	;@raw=0x05

LABEL_55D9:
	mov [0x2B], [0x12]	;@raw=0x01,0x2B,0x12
	and [0x2B], 0x1FFF	;@raw=0x14,0x2B,0x1F,0xFF
	shr [0x2B], 0x0003	;@raw=0x17,0x2B,0x00,0x03
	jne [0x2B], 0x01, LABEL_5637	;@raw=0x0A,0x01,0x2B,0x01,0x56,0x37
	or [0x12], 0x6000	;@raw=0x15,0x12,0x60,0x00
	mov [0x21], [0x07]	;@raw=0x01,0x21,0x07
	mov [0x22], [0x01]	;@raw=0x01,0x22,0x01
	call LABEL_564A	;@raw=0x04,0x56,0x4A
	jle [0x26], 0x46, LABEL_562A	;@raw=0x0A,0x05,0x26,0x46,0x56,0x2A
	sub [0x26], 0x0046	;@raw=0x03,0x26,0xFF,0xBA
	mov [0x29], [0x07]	;@raw=0x01,0x29,0x07
	jg [0x07], [0x01], LABEL_561A	;@raw=0x0A,0x82,0x07,0x01,0x56,0x1A
	add [0x29], [0x26]	;@raw=0x02,0x29,0x26
	mov [0x2F], 0x0018	;@raw=0x00,0x2F,0x00,0x18
	mov [0x2F], 0x0001	;@raw=0x00,0x2F,0x00,0x01
	mov [0x29], 0x0000	;@raw=0x00,0x29,0x00,0x00
	ret	;@raw=0x05

LABEL_561A:
	sub [0x29], [0x26]	;@raw=0x13,0x29,0x26
	mov [0x2F], 0x0018	;@raw=0x00,0x2F,0x00,0x18
	mov [0x2F], 0x0002	;@raw=0x00,0x2F,0x00,0x02
	mov [0x29], 0x012C	;@raw=0x00,0x29,0x01,0x2C
	ret	;@raw=0x05

LABEL_562A:
	mov [0x2F], 0x0009	;@raw=0x00,0x2F,0x00,0x09
	mov [0x29], 0x0000	;@raw=0x00,0x29,0x00,0x00
	mov [0x12], 0x4010	;@raw=0x00,0x12,0x40,0x10
	ret	;@raw=0x05

LABEL_5637:
	mov [0x2F], 0x000B	;@raw=0x00,0x2F,0x00,0x0B
	jne [0x0F], 0x00, LABEL_78B5	;@raw=0x0A,0x01,0x0F,0x00,0x78,0xB5
	mov [0x29], 0x0000	;@raw=0x00,0x29,0x00,0x00
	mov [0x2F], 0x0009	;@raw=0x00,0x2F,0x00,0x09
	ret	;@raw=0x05

LABEL_564A:
	jg [0x21], [0x22], LABEL_5657	;@raw=0x0A,0x82,0x21,0x22,0x56,0x57
	mov [0x26], [0x22]	;@raw=0x01,0x26,0x22
	sub [0x26], [0x21]	;@raw=0x13,0x26,0x21
	ret	;@raw=0x05

LABEL_5657:
	mov [0x26], [0x21]	;@raw=0x01,0x26,0x21
	sub [0x26], [0x22]	;@raw=0x13,0x26,0x22
	ret	;@raw=0x05

LABEL_565E:
	mov [0x21], [0x07]	;@raw=0x01,0x21,0x07
	mov [0x27], [0x08]	;@raw=0x01,0x27,0x08
	sub [0x27], 0x000B	;@raw=0x03,0x27,0xFF,0xF5
	mov [0x22], [0x21]	;@raw=0x01,0x22,0x21
	add [0x21], 0x0028	;@raw=0x03,0x21,0x00,0x28
	sub [0x22], 0x0028	;@raw=0x03,0x22,0xFF,0xD8
	mov [0x1D], 0x0000	;@raw=0x00,0x1D,0x00,0x00
	call LABEL_6D7D	;@raw=0x04,0x6D,0x7D
	ret	;@raw=0x05

LABEL_567B:
	mov [0x21], [0x07]	;@raw=0x01,0x21,0x07
	mov [0x22], [0x01]	;@raw=0x01,0x22,0x01
	mov [0x27], [0x08]	;@raw=0x01,0x27,0x08
	call LABEL_6D64	;@raw=0x04,0x6D,0x64
	ret	;@raw=0x05

JUNK__5688:
	call LABEL_56CE	;@raw=0x04,0x56,0xCE
	mov [0x22], [0x07]	;@raw=0x01,0x22,0x07
	mov [0x27], [0x08]	;@raw=0x01,0x27,0x08
	call LABEL_6D64	;@raw=0x04,0x6D,0x64
	ret	;@raw=0x05
	mov [0x21], [0x07]	;@raw=0x01,0x21,0x07
	call LABEL_56E2	;@raw=0x04,0x56,0xE2
	mov [0x29], [0x01]	;@raw=0x01,0x29,0x01
	mov [0x01], [0x22]	;@raw=0x01,0x01,0x22
	mov [0x27], [0x08]	;@raw=0x01,0x27,0x08
	call LABEL_6D64	;@raw=0x04,0x6D,0x64
	mov [0x01], [0x29]	;@raw=0x01,0x01,0x29
	ret	;@raw=0x05

LABEL_56AB:
	call LABEL_56CE	;@raw=0x04,0x56,0xCE
	mov [0x22], [0x01]	;@raw=0x01,0x22,0x01
	mov [0x27], [0x08]	;@raw=0x01,0x27,0x08
	call LABEL_6D64	;@raw=0x04,0x6D,0x64
	ret	;@raw=0x05

LABEL_56B8:
	call LABEL_56CE	;@raw=0x04,0x56,0xCE
	call LABEL_56E2	;@raw=0x04,0x56,0xE2
	mov [0x29], [0x01]	;@raw=0x01,0x29,0x01
	mov [0x01], [0x22]	;@raw=0x01,0x01,0x22
	mov [0x27], [0x08]	;@raw=0x01,0x27,0x08
	call LABEL_6D64	;@raw=0x04,0x6D,0x64
	mov [0x01], [0x29]	;@raw=0x01,0x01,0x29
	ret	;@raw=0x05

LABEL_56CE:
	mov [0x21], [0x07]	;@raw=0x01,0x21,0x07
	jge [0x2B], 0x1000, LABEL_56DD	;@raw=0x0A,0x43,0x2B,0x10,0x00,0x56,0xDD
	sub [0x21], 0x000F	;@raw=0x03,0x21,0xFF,0xF1
	ret	;@raw=0x05

LABEL_56DD:
	add [0x21], 0x000F	;@raw=0x03,0x21,0x00,0x0F
	ret	;@raw=0x05

LABEL_56E2:
	mov [0x22], [0x01]	;@raw=0x01,0x22,0x01
	mov [0xF8], [0x04]	;@raw=0x01,0xF8,0x04
	jge [0xF8], 0x4000, LABEL_5708	;@raw=0x0A,0x43,0xF8,0x40,0x00,0x57,0x08
	jl [0xF8], 0x20, LABEL_56F9	;@raw=0x0A,0x04,0xF8,0x20,0x56,0xF9
	sub [0xF8], 0x0020	;@raw=0x03,0xF8,0xFF,0xE0

LABEL_56F9:
	jl [0xF8], 0x10, LABEL_5704	;@raw=0x0A,0x04,0xF8,0x10,0x57,0x04
	add [0x22], 0x0023	;@raw=0x03,0x22,0x00,0x23
	ret	;@raw=0x05

LABEL_5704:
	sub [0x22], 0x0023	;@raw=0x03,0x22,0xFF,0xDD

LABEL_5708:
	ret	;@raw=0x05
LABEL_5709:
	db 0x11

LABEL_570A:
	call LABEL_591A	;@raw=0x04,0x59,0x1A
	sub [0x08], 0x000A	;@raw=0x03,0x08,0xFF,0xF6
	video type=1, offset=CINEMATIC_250, x=[0x07], y=[0x08], zoom=0x40	;@raw=0x54,0x1A,0xA0,0x07,0x08
	break	;@raw=0x06
	call LABEL_591A	;@raw=0x04,0x59,0x1A
	sub [0x08], 0x0006	;@raw=0x03,0x08,0xFF,0xFA
	video type=1, offset=CINEMATIC_251, x=[0x07], y=[0x08], zoom=0x40	;@raw=0x54,0x1A,0xF9,0x07,0x08
	break	;@raw=0x06
	call LABEL_591A	;@raw=0x04,0x59,0x1A
	video type=1, offset=CINEMATIC_252, x=[0x07], y=[0x08], zoom=0x40	;@raw=0x54,0x1B,0x04,0x07,0x08
	break	;@raw=0x06
	call LABEL_591A	;@raw=0x04,0x59,0x1A
	sub [0x08], 0x0001	;@raw=0x03,0x08,0xFF,0xFF
	video type=1, offset=CINEMATIC_253, x=[0x07], y=[0x08], zoom=0x40	;@raw=0x54,0x1B,0x10,0x07,0x08
	break	;@raw=0x06
	call LABEL_591A	;@raw=0x04,0x59,0x1A
	sub [0x08], 0x0002	;@raw=0x03,0x08,0xFF,0xFE
	video type=1, offset=CINEMATIC_252, x=[0x07], y=[0x08], zoom=0x40	;@raw=0x54,0x1B,0x04,0x07,0x08
	mov [0x29], 0x0001	;@raw=0x00,0x29,0x00,0x01

LABEL_574A:
	call LABEL_58F3	;@raw=0x04,0x58,0xF3
	break	;@raw=0x06
	call LABEL_591A	;@raw=0x04,0x59,0x1A
	video type=1, offset=CINEMATIC_251, x=[0x07], y=[0x08], zoom=0x40	;@raw=0x54,0x1A,0xF9,0x07,0x08
	break	;@raw=0x06
	call LABEL_591A	;@raw=0x04,0x59,0x1A
	video type=1, offset=CINEMATIC_252, x=[0x07], y=[0x08], zoom=0x40	;@raw=0x54,0x1B,0x04,0x07,0x08
	break	;@raw=0x06
	call LABEL_591A	;@raw=0x04,0x59,0x1A
	video type=1, offset=CINEMATIC_253, x=[0x07], y=[0x08], zoom=0x40	;@raw=0x54,0x1B,0x10,0x07,0x08
	break	;@raw=0x06
	call LABEL_591A	;@raw=0x04,0x59,0x1A
	video type=1, offset=CINEMATIC_250, x=[0x07], y=[0x08], zoom=0x40	;@raw=0x54,0x1A,0xA0,0x07,0x08
	djnz [0x29], LABEL_574A	;@raw=0x09,0x29,0x57,0x4A
	break	;@raw=0x06
	play id=0x0059, freq=0x14, vol=0x20, channel=0x02	;@raw=0x18,0x00,0x59,0x14,0x20,0x02
	call LABEL_5969	;@raw=0x04,0x59,0x69
	video type=1, offset=CINEMATIC_254, x=[0x07], y=[0x08], zoom=0x40	;@raw=0x54,0x1A,0xB7,0x07,0x08
	break	;@raw=0x06
	call LABEL_5969	;@raw=0x04,0x59,0x69
	video type=1, offset=CINEMATIC_255, x=[0x07], y=[0x08], zoom=0x40	;@raw=0x54,0x1A,0xE3,0x07,0x08
	break	;@raw=0x06
	call LABEL_5969	;@raw=0x04,0x59,0x69
	video type=1, offset=CINEMATIC_256, x=[0x07], y=[0x08], zoom=0x40	;@raw=0x54,0x1A,0xCD,0x07,0x08
	break	;@raw=0x06
	call LABEL_5969	;@raw=0x04,0x59,0x69
	sub [0x08], 0x0003	;@raw=0x03,0x08,0xFF,0xFD
	video type=1, offset=CINEMATIC_257, x=[0x07], y=[0x08], zoom=0x40	;@raw=0x54,0x1B,0x40,0x07,0x08
	break	;@raw=0x06
	call LABEL_5969	;@raw=0x04,0x59,0x69
	video type=1, offset=CINEMATIC_256, x=[0x07], y=[0x08], zoom=0x40	;@raw=0x54,0x1A,0xCD,0x07,0x08
	mov [0x29], 0x000A	;@raw=0x00,0x29,0x00,0x0A

LABEL_57B0:
	mov [0xF8], [0x2B]	;@raw=0x01,0xF8,0x2B
	and [0xF8], 0x00FF	;@raw=0x14,0xF8,0x00,0xFF
	jl [0xF8], 0x02, LABEL_57CE	;@raw=0x0A,0x04,0xF8,0x02,0x57,0xCE
	mov [0xF8], [0x29]	;@raw=0x01,0xF8,0x29
	and [0xF8], 0x0001	;@raw=0x14,0xF8,0x00,0x01
	je [0xF8], 0x01, LABEL_57CE	;@raw=0x0A,0x00,0xF8,0x01,0x57,0xCE
	sub [0x2B], 0x0001	;@raw=0x03,0x2B,0xFF,0xFF

LABEL_57CE:
	call LABEL_58F3	;@raw=0x04,0x58,0xF3
	break	;@raw=0x06
	call LABEL_5969	;@raw=0x04,0x59,0x69
	je [0x09], 0x01, LABEL_5837	;@raw=0x0A,0x00,0x09,0x01,0x58,0x37
	video type=1, offset=CINEMATIC_259, x=[0x07], y=[0x08], zoom=0x40	;@raw=0x54,0x1B,0x1C,0x07,0x08
	break	;@raw=0x06
	call LABEL_5969	;@raw=0x04,0x59,0x69
	je [0x09], 0x01, LABEL_5837	;@raw=0x0A,0x00,0x09,0x01,0x58,0x37
	video type=1, offset=CINEMATIC_260, x=[0x07], y=[0x08], zoom=0x40	;@raw=0x54,0x1B,0x32,0x07,0x08
	break	;@raw=0x06
	call LABEL_5969	;@raw=0x04,0x59,0x69
	je [0x09], 0x01, LABEL_5837	;@raw=0x0A,0x00,0x09,0x01,0x58,0x37
	video type=1, offset=CINEMATIC_257, x=[0x07], y=[0x08], zoom=0x40	;@raw=0x54,0x1B,0x40,0x07,0x08
	break	;@raw=0x06
	call LABEL_5969	;@raw=0x04,0x59,0x69
	je [0x09], 0x01, LABEL_5837	;@raw=0x0A,0x00,0x09,0x01,0x58,0x37
	sub [0x08], 0x0001	;@raw=0x03,0x08,0xFF,0xFF
	video type=1, offset=CINEMATIC_257, x=[0x07], y=[0x08], zoom=0x40	;@raw=0x54,0x1B,0x40,0x07,0x08
	break	;@raw=0x06
	call LABEL_5969	;@raw=0x04,0x59,0x69
	je [0x09], 0x01, LABEL_5837	;@raw=0x0A,0x00,0x09,0x01,0x58,0x37
	video type=1, offset=CINEMATIC_260, x=[0x07], y=[0x08], zoom=0x40	;@raw=0x54,0x1B,0x32,0x07,0x08
	break	;@raw=0x06
	call LABEL_5969	;@raw=0x04,0x59,0x69
	je [0x09], 0x01, LABEL_5837	;@raw=0x0A,0x00,0x09,0x01,0x58,0x37
	video type=1, offset=CINEMATIC_259, x=[0x07], y=[0x08], zoom=0x40	;@raw=0x54,0x1B,0x1C,0x07,0x08
	djnz [0x29], LABEL_57B0	;@raw=0x09,0x29,0x57,0xB0
	break	;@raw=0x06
	call LABEL_5969	;@raw=0x04,0x59,0x69

LABEL_5837:
	video type=1, offset=CINEMATIC_258, x=[0x07], y=[0x08], zoom=[0x96]	;@raw=0x56,0x1B,0xF0,0x07,0x08,0x96
	play id=0x005B, freq=0x02, vol=0x40, channel=0x03	;@raw=0x18,0x00,0x5B,0x02,0x40,0x03
	play id=0x005B, freq=0x14, vol=0x40, channel=0x02	;@raw=0x18,0x00,0x5B,0x14,0x40,0x02
	play id=0x005B, freq=0x02, vol=0x40, channel=0x01	;@raw=0x18,0x00,0x5B,0x02,0x40,0x01
	play id=0x005B, freq=0x14, vol=0x40, channel=0x00	;@raw=0x18,0x00,0x5B,0x14,0x40,0x00
	call LABEL_5864	;@raw=0x04,0x58,0x64
	mov [0x2B], 0x0FA0	;@raw=0x00,0x2B,0x0F,0xA0
	call LABEL_58F3	;@raw=0x04,0x58,0xF3
	break	;@raw=0x06
	jmp LABEL_58EA	;@raw=0x07,0x58,0xEA
LABEL_5863:
	db 0x11

LABEL_5864:
	mov [0xF8], [0xB9]	;@raw=0x01,0xF8,0xB9
	and [0xF8], 0x0700	;@raw=0x14,0xF8,0x07,0x00
	jge [0xF8], 0x0400, LABEL_78B5	;@raw=0x0A,0x43,0xF8,0x04,0x00,0x78,0xB5
	add [0xB9], 0x0100	;@raw=0x03,0xB9,0x01,0x00
	ret	;@raw=0x05

LABEL_5877:
	jg [0x27], [0x44], LABEL_5881	;@raw=0x0A,0x82,0x27,0x44,0x58,0x81
	or [0x22], 0x1000	;@raw=0x15,0x22,0x10,0x00

LABEL_5881:
	jne [0x5B], 0x0FA0, LABEL_58A2	;@raw=0x0A,0x41,0x5B,0x0F,0xA0,0x58,0xA2
	jne [0x5E], 0x0FA0, LABEL_58A2	;@raw=0x0A,0x41,0x5E,0x0F,0xA0,0x58,0xA2
	jne [0x61], 0x0FA0, LABEL_58A2	;@raw=0x0A,0x41,0x61,0x0F,0xA0,0x58,0xA2
	setup channel=0x30, address=LABEL_58E1	;@raw=0x08,0x30,0x58,0xE1
	setup channel=0x31, address=LABEL_58EA	;@raw=0x08,0x31,0x58,0xEA
	setup channel=0x32, address=LABEL_58EA	;@raw=0x08,0x32,0x58,0xEA

LABEL_58A2:
	jne [0x5B], 0x0FA0, LABEL_58B7	;@raw=0x0A,0x41,0x5B,0x0F,0xA0,0x58,0xB7
	mov [0x5A], [0x21]	;@raw=0x01,0x5A,0x21
	mov [0x5B], [0x22]	;@raw=0x01,0x5B,0x22
	mov [0x5C], [0x29]	;@raw=0x01,0x5C,0x29
	setup channel=0x31, address=LABEL_570A	;@raw=0x08,0x31,0x57,0x0A
	ret	;@raw=0x05

LABEL_58B7:
	jne [0x5E], 0x0FA0, LABEL_58CC	;@raw=0x0A,0x41,0x5E,0x0F,0xA0,0x58,0xCC
	mov [0x5D], [0x21]	;@raw=0x01,0x5D,0x21
	mov [0x5E], [0x22]	;@raw=0x01,0x5E,0x22
	mov [0x5F], [0x29]	;@raw=0x01,0x5F,0x29
	setup channel=0x32, address=LABEL_570A	;@raw=0x08,0x32,0x57,0x0A
	ret	;@raw=0x05

LABEL_58CC:
	jne [0x61], 0x0FA0, LABEL_58E0	;@raw=0x0A,0x41,0x61,0x0F,0xA0,0x58,0xE0
	mov [0x60], [0x21]	;@raw=0x01,0x60,0x21
	mov [0x61], [0x22]	;@raw=0x01,0x61,0x22
	mov [0x62], [0x29]	;@raw=0x01,0x62,0x29
	setup channel=0x33, address=LABEL_570A	;@raw=0x08,0x33,0x57,0x0A

LABEL_58E0:
	ret	;@raw=0x05

LABEL_58E1:
	mov [0x0D], 0x0000	;@raw=0x00,0x0D,0x00,0x00
	break	;@raw=0x06
	jmp LABEL_58E1	;@raw=0x07,0x58,0xE1
LABEL_58E9:
	db 0x11

LABEL_58EA:
	add [0x0D], 0x0001	;@raw=0x03,0x0D,0x00,0x01
	break	;@raw=0x06
	jmp LABEL_58EA	;@raw=0x07,0x58,0xEA
LABEL_58F2:
	db 0x11

LABEL_58F3:
	jne [0x0D], 0x01, LABEL_5900	;@raw=0x0A,0x01,0x0D,0x01,0x59,0x00
	mov [0x5C], [0x29]	;@raw=0x01,0x5C,0x29
	mov [0x5B], [0x2B]	;@raw=0x01,0x5B,0x2B
	ret	;@raw=0x05

LABEL_5900:
	jne [0x0D], 0x02, LABEL_590D	;@raw=0x0A,0x01,0x0D,0x02,0x59,0x0D
	mov [0x5F], [0x29]	;@raw=0x01,0x5F,0x29
	mov [0x5E], [0x2B]	;@raw=0x01,0x5E,0x2B
	ret	;@raw=0x05

LABEL_590D:
	jne [0x0D], 0x03, LABEL_5919	;@raw=0x0A,0x01,0x0D,0x03,0x59,0x19
	mov [0x62], [0x29]	;@raw=0x01,0x62,0x29
	mov [0x61], [0x2B]	;@raw=0x01,0x61,0x2B

LABEL_5919:
	ret	;@raw=0x05

LABEL_591A:
	add [0x0D], 0x0001	;@raw=0x03,0x0D,0x00,0x01
	jne [0x0D], 0x01, LABEL_5937	;@raw=0x0A,0x01,0x0D,0x01,0x59,0x37
	mov [0x21], [0x5A]	;@raw=0x01,0x21,0x5A
	mov [0x2B], [0x5B]	;@raw=0x01,0x2B,0x5B
	mov [0x29], [0x5C]	;@raw=0x01,0x29,0x5C
	call LABEL_59C1	;@raw=0x04,0x59,0xC1
	mov [0x5A], [0x07]	;@raw=0x01,0x5A,0x07
	mov [0x5B], [0x2B]	;@raw=0x01,0x5B,0x2B
	ret	;@raw=0x05

LABEL_5937:
	jne [0x0D], 0x02, LABEL_5950	;@raw=0x0A,0x01,0x0D,0x02,0x59,0x50
	mov [0x21], [0x5D]	;@raw=0x01,0x21,0x5D
	mov [0x2B], [0x5E]	;@raw=0x01,0x2B,0x5E
	mov [0x29], [0x5F]	;@raw=0x01,0x29,0x5F
	call LABEL_59C1	;@raw=0x04,0x59,0xC1
	mov [0x5D], [0x07]	;@raw=0x01,0x5D,0x07
	mov [0x5E], [0x2B]	;@raw=0x01,0x5E,0x2B
	ret	;@raw=0x05

LABEL_5950:
	jne [0x0D], 0x03, LABEL_5968	;@raw=0x0A,0x01,0x0D,0x03,0x59,0x68
	mov [0x21], [0x60]	;@raw=0x01,0x21,0x60
	mov [0x2B], [0x61]	;@raw=0x01,0x2B,0x61
	mov [0x29], [0x62]	;@raw=0x01,0x29,0x62
	call LABEL_59C1	;@raw=0x04,0x59,0xC1
	mov [0x60], [0x07]	;@raw=0x01,0x60,0x07
	mov [0x61], [0x2B]	;@raw=0x01,0x61,0x2B

LABEL_5968:
	ret	;@raw=0x05

LABEL_5969:
	add [0x0D], 0x0001	;@raw=0x03,0x0D,0x00,0x01
	jne [0x0D], 0x01, LABEL_5989	;@raw=0x0A,0x01,0x0D,0x01,0x59,0x89
	mov [0x21], [0x5A]	;@raw=0x01,0x21,0x5A
	mov [0x2B], [0x5B]	;@raw=0x01,0x2B,0x5B
	mov [0x29], [0x5C]	;@raw=0x01,0x29,0x5C
	call LABEL_59EB	;@raw=0x04,0x59,0xEB
	mov [0x5A], [0x07]	;@raw=0x01,0x5A,0x07
	mov [0x5B], [0x2B]	;@raw=0x01,0x5B,0x2B
	call LABEL_7345	;@raw=0x04,0x73,0x45
	ret	;@raw=0x05

LABEL_5989:
	jne [0x0D], 0x02, LABEL_59A5	;@raw=0x0A,0x01,0x0D,0x02,0x59,0xA5
	mov [0x21], [0x5D]	;@raw=0x01,0x21,0x5D
	mov [0x2B], [0x5E]	;@raw=0x01,0x2B,0x5E
	mov [0x29], [0x5F]	;@raw=0x01,0x29,0x5F
	call LABEL_59EB	;@raw=0x04,0x59,0xEB
	mov [0x5D], [0x07]	;@raw=0x01,0x5D,0x07
	mov [0x5E], [0x2B]	;@raw=0x01,0x5E,0x2B
	call LABEL_7345	;@raw=0x04,0x73,0x45
	ret	;@raw=0x05

LABEL_59A5:
	jne [0x0D], 0x03, LABEL_59C0	;@raw=0x0A,0x01,0x0D,0x03,0x59,0xC0
	mov [0x21], [0x60]	;@raw=0x01,0x21,0x60
	mov [0x2B], [0x61]	;@raw=0x01,0x2B,0x61
	mov [0x29], [0x62]	;@raw=0x01,0x29,0x62
	call LABEL_59EB	;@raw=0x04,0x59,0xEB
	mov [0x60], [0x07]	;@raw=0x01,0x60,0x07
	mov [0x61], [0x2B]	;@raw=0x01,0x61,0x2B
	call LABEL_7345	;@raw=0x04,0x73,0x45

LABEL_59C0:
	ret	;@raw=0x05

LABEL_59C1:
	call LABEL_5A52	;@raw=0x04,0x5A,0x52
	mov [0x1D], 0x0000	;@raw=0x00,0x1D,0x00,0x00
	call LABEL_74AB	;@raw=0x04,0x74,0xAB
	je [0x1D], 0x00, LABEL_59E3	;@raw=0x0A,0x00,0x1D,0x00,0x59,0xE3
	jl [0x2B], 0x4000, LABEL_59DF	;@raw=0x0A,0x44,0x2B,0x40,0x00,0x59,0xDF
	and [0x2B], 0x3FFF	;@raw=0x14,0x2B,0x3F,0xFF
	jmp LABEL_59E3	;@raw=0x07,0x59,0xE3

LABEL_59DF:
	or [0x2B], 0x4000	;@raw=0x15,0x2B,0x40,0x00

LABEL_59E3:
	mov [0x07], [0x22]	;@raw=0x01,0x07,0x22
	mov [0x08], [0x40]	;@raw=0x01,0x08,0x40
	ret	;@raw=0x05
LABEL_59EA:
	db 0x11

LABEL_59EB:
	mov [0x09], 0x0000	;@raw=0x00,0x09,0x00,0x00
	call LABEL_5A52	;@raw=0x04,0x5A,0x52
	mov [0x1D], 0x0000	;@raw=0x00,0x1D,0x00,0x00
	call LABEL_74AB	;@raw=0x04,0x74,0xAB
	je [0x1D], 0x00, LABEL_5A14	;@raw=0x0A,0x00,0x1D,0x00,0x5A,0x14
	jl [0x2B], 0x4000, LABEL_5A0D	;@raw=0x0A,0x44,0x2B,0x40,0x00,0x5A,0x0D
	and [0x2B], 0x3FFF	;@raw=0x14,0x2B,0x3F,0xFF
	jmp LABEL_5A14	;@raw=0x07,0x5A,0x14

LABEL_5A0D:
	or [0x2B], 0x4000	;@raw=0x15,0x2B,0x40,0x00
	jmp LABEL_5A14	;@raw=0x07,0x5A,0x14

LABEL_5A14:
	mov [0x07], [0x22]	;@raw=0x01,0x07,0x22
	mov [0x08], [0x40]	;@raw=0x01,0x08,0x40
	mov [0x22], [0x21]	;@raw=0x01,0x22,0x21
	add [0x21], 0x000C	;@raw=0x03,0x21,0x00,0x0C
	sub [0x22], 0x000C	;@raw=0x03,0x22,0xFF,0xF4
	call LABEL_6DFD	;@raw=0x04,0x6D,0xFD
	call LABEL_6D67	;@raw=0x04,0x6D,0x67
	jl [0x1D], 0x1E, LABEL_5A50	;@raw=0x0A,0x04,0x1D,0x1E,0x5A,0x50
	mov [0x09], 0x0001	;@raw=0x00,0x09,0x00,0x01
	mov [0x07], [0x22]	;@raw=0x01,0x07,0x22
	jne [0x1D], 0x1E, LABEL_5A47	;@raw=0x0A,0x01,0x1D,0x1E,0x5A,0x47
	jg [0x07], 0xC3, LABEL_5A50	;@raw=0x0A,0x02,0x07,0xC3,0x5A,0x50
	call LABEL_5F5A	;@raw=0x04,0x5F,0x5A

LABEL_5A47:
	jl [0x1D], 0x28, LABEL_5A50	;@raw=0x0A,0x04,0x1D,0x28,0x5A,0x50
	call LABEL_5F9F	;@raw=0x04,0x5F,0x9F

LABEL_5A50:
	ret	;@raw=0x05
LABEL_5A51:
	db 0x11

LABEL_5A52:
	mov [0x22], [0x21]	;@raw=0x01,0x22,0x21
	mov [0x2C], [0x2B]	;@raw=0x01,0x2C,0x2B
	mov [0xF8], [0x2B]	;@raw=0x01,0xF8,0x2B
	and [0x2C], 0x00FF	;@raw=0x14,0x2C,0x00,0xFF
	jl [0xF8], 0x4000, LABEL_5A6C	;@raw=0x0A,0x44,0xF8,0x40,0x00,0x5A,0x6C
	sub [0x22], [0x2C]	;@raw=0x13,0x22,0x2C
	jmp LABEL_5A6F	;@raw=0x07,0x5A,0x6F

LABEL_5A6C:
	add [0x22], [0x2C]	;@raw=0x02,0x22,0x2C

LABEL_5A6F:
	and [0xF8], 0x1000	;@raw=0x14,0xF8,0x10,0x00
	mov [0x27], [0x44]	;@raw=0x01,0x27,0x44
	jne [0xF8], 0x00, LABEL_5A7F	;@raw=0x0A,0x01,0xF8,0x00,0x5A,0x7F
	mov [0x27], [0x40]	;@raw=0x01,0x27,0x40

LABEL_5A7F:
	mov [0x07], [0x27]	;@raw=0x01,0x07,0x27
	ret	;@raw=0x05
LABEL_5A83:
	db 0x11

LABEL_5A84:
	mov [0x26], [0x21]	;@raw=0x01,0x26,0x21
	mov [0x21], [0x22]	;@raw=0x01,0x21,0x22
	mov [0x22], [0x26]	;@raw=0x01,0x22,0x26
	call LABEL_5A9B	;@raw=0x04,0x5A,0x9B
	mov [0x26], [0x21]	;@raw=0x01,0x26,0x21
	mov [0x21], [0x22]	;@raw=0x01,0x21,0x22
	mov [0x22], [0x26]	;@raw=0x01,0x22,0x26
	ret	;@raw=0x05
LABEL_5A9A:
	db 0x11

LABEL_5A9B:
	mov [0x26], [0x22]	;@raw=0x01,0x26,0x22
	sub [0x26], [0x21]	;@raw=0x13,0x26,0x21
	jl [0x26], 0x7E, LABEL_5AC8	;@raw=0x0A,0x04,0x26,0x7E,0x5A,0xC8
	jge [0x12], 0x2000, LABEL_5ABB	;@raw=0x0A,0x43,0x12,0x20,0x00,0x5A,0xBB
	video type=1, offset=CINEMATIC_675, x=[0x21], y=[0x27], zoom=0x40	;@raw=0x54,0x09,0xAA,0x21,0x27
	video type=1, offset=CINEMATIC_676, x=[0x22], y=[0x27], zoom=0x40	;@raw=0x54,0x1A,0x49,0x22,0x27
	jmp LABEL_5B53	;@raw=0x07,0x5B,0x53

LABEL_5ABB:
	video type=1, offset=CINEMATIC_673, x=[0x21], y=[0x27], zoom=0x40	;@raw=0x54,0x1F,0x5A,0x21,0x27
	video type=1, offset=CINEMATIC_674, x=[0x22], y=[0x27], zoom=0x40	;@raw=0x54,0x1F,0x5E,0x22,0x27
	jmp LABEL_5B53	;@raw=0x07,0x5B,0x53

LABEL_5AC8:
	jl [0x26], 0x64, LABEL_5AEF	;@raw=0x0A,0x04,0x26,0x64,0x5A,0xEF
	jge [0x12], 0x2000, LABEL_5AE2	;@raw=0x0A,0x43,0x12,0x20,0x00,0x5A,0xE2
	video type=1, offset=CINEMATIC_669, x=[0x21], y=[0x27], zoom=0x40	;@raw=0x54,0x09,0xA0,0x21,0x27
	video type=1, offset=CINEMATIC_670, x=[0x22], y=[0x27], zoom=0x40	;@raw=0x54,0x1A,0x45,0x22,0x27
	jmp LABEL_5B53	;@raw=0x07,0x5B,0x53

LABEL_5AE2:
	video type=1, offset=CINEMATIC_671, x=[0x21], y=[0x27], zoom=0x40	;@raw=0x54,0x1A,0x53,0x21,0x27
	video type=1, offset=CINEMATIC_672, x=[0x22], y=[0x27], zoom=0x40	;@raw=0x54,0x1A,0x4E,0x22,0x27
	jmp LABEL_5B53	;@raw=0x07,0x5B,0x53

LABEL_5AEF:
	jl [0x26], 0x3E, LABEL_5B02	;@raw=0x0A,0x04,0x26,0x3E,0x5B,0x02
	video type=1, offset=CINEMATIC_669, x=[0x21], y=[0x27], zoom=0x40	;@raw=0x54,0x09,0xA0,0x21,0x27
	video type=1, offset=CINEMATIC_670, x=[0x22], y=[0x27], zoom=0x40	;@raw=0x54,0x1A,0x45,0x22,0x27
	jmp LABEL_5B53	;@raw=0x07,0x5B,0x53

LABEL_5B02:
	jl [0x26], 0x1E, LABEL_5B15	;@raw=0x0A,0x04,0x26,0x1E,0x5B,0x15
	video type=1, offset=CINEMATIC_667, x=[0x21], y=[0x27], zoom=0x40	;@raw=0x54,0x09,0x96,0x21,0x27
	video type=1, offset=CINEMATIC_668, x=[0x22], y=[0x27], zoom=0x40	;@raw=0x54,0x1A,0x41,0x22,0x27
	jmp LABEL_5B53	;@raw=0x07,0x5B,0x53

LABEL_5B15:
	jl [0x26], 0x0E, LABEL_5B28	;@raw=0x0A,0x04,0x26,0x0E,0x5B,0x28
	video type=1, offset=CINEMATIC_665, x=[0x21], y=[0x27], zoom=0x40	;@raw=0x54,0x09,0x8C,0x21,0x27
	video type=1, offset=CINEMATIC_666, x=[0x22], y=[0x27], zoom=0x40	;@raw=0x54,0x1A,0x3D,0x22,0x27
	jmp LABEL_5B53	;@raw=0x07,0x5B,0x53

LABEL_5B28:
	jl [0x26], 0x06, LABEL_5B3B	;@raw=0x0A,0x04,0x26,0x06,0x5B,0x3B
	video type=1, offset=CINEMATIC_663, x=[0x21], y=[0x27], zoom=0x40	;@raw=0x54,0x09,0x82,0x21,0x27
	video type=1, offset=CINEMATIC_664, x=[0x22], y=[0x27], zoom=0x40	;@raw=0x54,0x1A,0x39,0x22,0x27
	jmp LABEL_5B53	;@raw=0x07,0x5B,0x53

LABEL_5B3B:
	jl [0x26], 0x02, LABEL_5B4E	;@raw=0x0A,0x04,0x26,0x02,0x5B,0x4E
	video type=1, offset=CINEMATIC_661, x=[0x21], y=[0x27], zoom=0x40	;@raw=0x54,0x09,0x78,0x21,0x27
	video type=1, offset=CINEMATIC_662, x=[0x22], y=[0x27], zoom=0x40	;@raw=0x54,0x1A,0x35,0x22,0x27
	jmp LABEL_5B53	;@raw=0x07,0x5B,0x53

LABEL_5B4E:
	video type=1, offset=CINEMATIC_660, x=[0x21], y=[0x27], zoom=0x40	;@raw=0x54,0x09,0x6E,0x21,0x27

LABEL_5B53:
	ret	;@raw=0x05

JUNK__5B54:
	or [0x27], 0x4000	;@raw=0x15,0x27,0x40,0x00
	jmp LABEL_5BED	;@raw=0x07,0x5B,0xED
LABEL_5B5B:
	db 0x11

LABEL_5B5C:
	or [0x27], 0x4000	;@raw=0x15,0x27,0x40,0x00
	jmp LABEL_5B75	;@raw=0x07,0x5B,0x75
LABEL_5B63:
	db 0x11

LABEL_5B64:
	jle [0x06], 0x00, LABEL_78B5	;@raw=0x0A,0x05,0x06,0x00,0x78,0xB5
	sub [0x06], 0x0001	;@raw=0x03,0x06,0xFF,0xFF
	or [0x27], 0x4000	;@raw=0x15,0x27,0x40,0x00
	jmp LABEL_5BED	;@raw=0x07,0x5B,0xED

LABEL_5B75:
	call LABEL_30C6	;@raw=0x04,0x30,0xC6
	add [0xB8], 0x000A	;@raw=0x03,0xB8,0x00,0x0A
	sub [0x26], 0x0002	;@raw=0x03,0x26,0xFF,0xFE
	add [0x27], [0x39]	;@raw=0x02,0x27,0x39
	or [0x27], 0x0C00	;@raw=0x15,0x27,0x0C,0x00
	mov [0x22], [0x21]	;@raw=0x01,0x22,0x21
	jne [0x8B], 0xFFFF, LABEL_5BA7	;@raw=0x0A,0x41,0x8B,0xFF,0xFF,0x5B,0xA7
	play id=0x0052, freq=0x1E, vol=0x40, channel=0x00	;@raw=0x18,0x00,0x52,0x1E,0x40,0x00
	mov [0x8B], 0x0001	;@raw=0x00,0x8B,0x00,0x01
	mov [0x96], [0x21]	;@raw=0x01,0x96,0x21
	mov [0x97], [0x27]	;@raw=0x01,0x97,0x27
	mov [0x9F], [0x22]	;@raw=0x01,0x9F,0x22
	jmp LABEL_5BDE	;@raw=0x07,0x5B,0xDE

LABEL_5BA7:
	jne [0x8C], 0xFFFF, LABEL_5BC4	;@raw=0x0A,0x41,0x8C,0xFF,0xFF,0x5B,0xC4
	play id=0x0052, freq=0x1E, vol=0x40, channel=0x00	;@raw=0x18,0x00,0x52,0x1E,0x40,0x00
	mov [0x8C], 0x0001	;@raw=0x00,0x8C,0x00,0x01
	mov [0x98], [0x21]	;@raw=0x01,0x98,0x21
	mov [0x99], [0x27]	;@raw=0x01,0x99,0x27
	mov [0x8E], [0x22]	;@raw=0x01,0x8E,0x22
	jmp LABEL_5BDE	;@raw=0x07,0x5B,0xDE

LABEL_5BC4:
	jne [0x8D], 0xFFFF, LABEL_5BDE	;@raw=0x0A,0x41,0x8D,0xFF,0xFF,0x5B,0xDE
	play id=0x0052, freq=0x1E, vol=0x40, channel=0x00	;@raw=0x18,0x00,0x52,0x1E,0x40,0x00
	mov [0x8D], 0x0001	;@raw=0x00,0x8D,0x00,0x01
	mov [0x9A], [0x21]	;@raw=0x01,0x9A,0x21
	mov [0x9B], [0x27]	;@raw=0x01,0x9B,0x27
	mov [0x8F], [0x22]	;@raw=0x01,0x8F,0x22

LABEL_5BDE:
	ret	;@raw=0x05
LABEL_5BDF:
	db 0x11

LABEL_5BE0:
	jle [0x06], 0x00, LABEL_78B5	;@raw=0x0A,0x05,0x06,0x00,0x78,0xB5
	sub [0x06], 0x0001	;@raw=0x03,0x06,0xFF,0xFF
	jmp LABEL_5BED	;@raw=0x07,0x5B,0xED

LABEL_5BED:
	call LABEL_30C3	;@raw=0x04,0x30,0xC3
	add [0xB8], 0x000A	;@raw=0x03,0xB8,0x00,0x0A
	sub [0x27], 0x0002	;@raw=0x03,0x27,0xFF,0xFE
	add [0x27], [0x39]	;@raw=0x02,0x27,0x39
	or [0x27], 0x0C00	;@raw=0x15,0x27,0x0C,0x00
	mov [0x22], [0x21]	;@raw=0x01,0x22,0x21
	jne [0x88], 0xFFFF, LABEL_5C1F	;@raw=0x0A,0x41,0x88,0xFF,0xFF,0x5C,0x1F
	play id=0x0052, freq=0x1C, vol=0x40, channel=0x01	;@raw=0x18,0x00,0x52,0x1C,0x40,0x01
	mov [0x88], 0x0001	;@raw=0x00,0x88,0x00,0x01
	mov [0x90], [0x21]	;@raw=0x01,0x90,0x21
	mov [0x91], [0x27]	;@raw=0x01,0x91,0x27
	mov [0x9C], [0x22]	;@raw=0x01,0x9C,0x22
	jmp LABEL_5C56	;@raw=0x07,0x5C,0x56

LABEL_5C1F:
	jne [0x89], 0xFFFF, LABEL_5C3C	;@raw=0x0A,0x41,0x89,0xFF,0xFF,0x5C,0x3C
	play id=0x0052, freq=0x1C, vol=0x40, channel=0x01	;@raw=0x18,0x00,0x52,0x1C,0x40,0x01
	mov [0x89], 0x0001	;@raw=0x00,0x89,0x00,0x01
	mov [0x92], [0x21]	;@raw=0x01,0x92,0x21
	mov [0x93], [0x27]	;@raw=0x01,0x93,0x27
	mov [0x9D], [0x22]	;@raw=0x01,0x9D,0x22
	jmp LABEL_5C56	;@raw=0x07,0x5C,0x56

LABEL_5C3C:
	jne [0x8A], 0xFFFF, LABEL_5C56	;@raw=0x0A,0x41,0x8A,0xFF,0xFF,0x5C,0x56
	play id=0x0052, freq=0x1C, vol=0x40, channel=0x01	;@raw=0x18,0x00,0x52,0x1C,0x40,0x01
	mov [0x8A], 0x0001	;@raw=0x00,0x8A,0x00,0x01
	mov [0x94], [0x21]	;@raw=0x01,0x94,0x21
	mov [0x95], [0x27]	;@raw=0x01,0x95,0x27
	mov [0x9E], [0x22]	;@raw=0x01,0x9E,0x22

LABEL_5C56:
	ret	;@raw=0x05
LABEL_5C57:
	db 0x11

LABEL_5C58:
	mov [0x29], 0x0000	;@raw=0x00,0x29,0x00,0x00
	je [0x88], 0xFFFF, LABEL_5C7B	;@raw=0x0A,0x40,0x88,0xFF,0xFF,0x5C,0x7B
	mov [0x09], [0x9C]	;@raw=0x01,0x09,0x9C
	mov [0x13], [0x88]	;@raw=0x01,0x13,0x88
	mov [0x21], [0x90]	;@raw=0x01,0x21,0x90
	mov [0x27], [0x91]	;@raw=0x01,0x27,0x91
	call LABEL_5D80	;@raw=0x04,0x5D,0x80
	mov [0x88], [0x13]	;@raw=0x01,0x88,0x13
	mov [0x90], [0x21]	;@raw=0x01,0x90,0x21
	mov [0x91], [0x27]	;@raw=0x01,0x91,0x27

LABEL_5C7B:
	je [0x89], 0xFFFF, LABEL_5C9A	;@raw=0x0A,0x40,0x89,0xFF,0xFF,0x5C,0x9A
	mov [0x09], [0x9D]	;@raw=0x01,0x09,0x9D
	mov [0x13], [0x89]	;@raw=0x01,0x13,0x89
	mov [0x21], [0x92]	;@raw=0x01,0x21,0x92
	mov [0x27], [0x93]	;@raw=0x01,0x27,0x93
	call LABEL_5D80	;@raw=0x04,0x5D,0x80
	mov [0x89], [0x13]	;@raw=0x01,0x89,0x13
	mov [0x92], [0x21]	;@raw=0x01,0x92,0x21
	mov [0x93], [0x27]	;@raw=0x01,0x93,0x27

LABEL_5C9A:
	je [0x8A], 0xFFFF, LABEL_5CB9	;@raw=0x0A,0x40,0x8A,0xFF,0xFF,0x5C,0xB9
	mov [0x09], [0x9E]	;@raw=0x01,0x09,0x9E
	mov [0x13], [0x8A]	;@raw=0x01,0x13,0x8A
	mov [0x21], [0x94]	;@raw=0x01,0x21,0x94
	mov [0x27], [0x95]	;@raw=0x01,0x27,0x95
	call LABEL_5D80	;@raw=0x04,0x5D,0x80
	mov [0x8A], [0x13]	;@raw=0x01,0x8A,0x13
	mov [0x94], [0x21]	;@raw=0x01,0x94,0x21
	mov [0x95], [0x27]	;@raw=0x01,0x95,0x27

LABEL_5CB9:
	mov [0x29], 0x0001	;@raw=0x00,0x29,0x00,0x01
	je [0x8B], 0xFFFF, LABEL_5CDC	;@raw=0x0A,0x40,0x8B,0xFF,0xFF,0x5C,0xDC
	mov [0x09], [0x9F]	;@raw=0x01,0x09,0x9F
	mov [0x13], [0x8B]	;@raw=0x01,0x13,0x8B
	mov [0x21], [0x96]	;@raw=0x01,0x21,0x96
	mov [0x27], [0x97]	;@raw=0x01,0x27,0x97
	call LABEL_5D80	;@raw=0x04,0x5D,0x80
	mov [0x8B], [0x13]	;@raw=0x01,0x8B,0x13
	mov [0x96], [0x21]	;@raw=0x01,0x96,0x21
	mov [0x97], [0x27]	;@raw=0x01,0x97,0x27

LABEL_5CDC:
	je [0x8C], 0xFFFF, LABEL_5CFB	;@raw=0x0A,0x40,0x8C,0xFF,0xFF,0x5C,0xFB
	mov [0x09], [0x8E]	;@raw=0x01,0x09,0x8E
	mov [0x13], [0x8C]	;@raw=0x01,0x13,0x8C
	mov [0x21], [0x98]	;@raw=0x01,0x21,0x98
	mov [0x27], [0x99]	;@raw=0x01,0x27,0x99
	call LABEL_5D80	;@raw=0x04,0x5D,0x80
	mov [0x8C], [0x13]	;@raw=0x01,0x8C,0x13
	mov [0x98], [0x21]	;@raw=0x01,0x98,0x21
	mov [0x99], [0x27]	;@raw=0x01,0x99,0x27

LABEL_5CFB:
	je [0x8D], 0xFFFF, LABEL_5D1A	;@raw=0x0A,0x40,0x8D,0xFF,0xFF,0x5D,0x1A
	mov [0x09], [0x8F]	;@raw=0x01,0x09,0x8F
	mov [0x13], [0x8D]	;@raw=0x01,0x13,0x8D
	mov [0x21], [0x9A]	;@raw=0x01,0x21,0x9A
	mov [0x27], [0x9B]	;@raw=0x01,0x27,0x9B
	call LABEL_5D80	;@raw=0x04,0x5D,0x80
	mov [0x8D], [0x13]	;@raw=0x01,0x8D,0x13
	mov [0x9A], [0x21]	;@raw=0x01,0x9A,0x21
	mov [0x9B], [0x27]	;@raw=0x01,0x9B,0x27

LABEL_5D1A:
	break	;@raw=0x06
	jmp LABEL_5C58	;@raw=0x07,0x5C,0x58
LABEL_5D1E:
	db 0x11

LABEL_5D1F:
	and [0x27], 0x00FF	;@raw=0x14,0x27,0x00,0xFF
	jl [0x13], 0x00, LABEL_60DE	;@raw=0x0A,0x04,0x13,0x00,0x60,0xDE
	mov [0x22], [0x21]	;@raw=0x01,0x22,0x21
	je [0x13], 0x00, LABEL_5D43	;@raw=0x0A,0x00,0x13,0x00,0x5D,0x43
	mov [0x13], 0x0000	;@raw=0x00,0x13,0x00,0x00
	sub [0x22], 0x0028	;@raw=0x03,0x22,0xFF,0xD8
	call LABEL_6D08	;@raw=0x04,0x6D,0x08
	call LABEL_5A84	;@raw=0x04,0x5A,0x84
	jmp LABEL_5D72	;@raw=0x07,0x5D,0x72

LABEL_5D43:
	sub [0x22], [0x11]	;@raw=0x13,0x22,0x11
	sub [0x22], 0x003C	;@raw=0x03,0x22,0xFF,0xC4
	call LABEL_6D08	;@raw=0x04,0x6D,0x08
	call LABEL_5A84	;@raw=0x04,0x5A,0x84
	add [0x22], 0x003C	;@raw=0x03,0x22,0x00,0x3C
	jle [0x22], [0x21], LABEL_5D5D	;@raw=0x0A,0x85,0x22,0x21,0x5D,0x5D
	mov [0x21], [0x22]	;@raw=0x01,0x21,0x22

LABEL_5D5D:
	sub [0x22], 0x003C	;@raw=0x03,0x22,0xFF,0xC4
	sub [0x21], 0x003C	;@raw=0x03,0x21,0xFF,0xC4
	jl [0x21], 0xFFEC, LABEL_5DF6	;@raw=0x0A,0x44,0x21,0xFF,0xEC,0x5D,0xF6
	je [0x21], [0x22], LABEL_60CB	;@raw=0x0A,0x80,0x21,0x22,0x60,0xCB

LABEL_5D72:
	jne [0x1D], 0x00, LABEL_60CB	;@raw=0x0A,0x01,0x1D,0x00,0x60,0xCB
	or [0x27], 0x4000	;@raw=0x15,0x27,0x40,0x00
	add [0x27], [0x12]	;@raw=0x02,0x27,0x12
	ret	;@raw=0x05

LABEL_5D80:
	mov [0x12], [0x27]	;@raw=0x01,0x12,0x27
	and [0x12], 0x3C00	;@raw=0x14,0x12,0x3C,0x00
	mov [0x11], [0x27]	;@raw=0x01,0x11,0x27
	and [0x11], 0x1C00	;@raw=0x14,0x11,0x1C,0x00
	shr [0x11], 0x0006	;@raw=0x17,0x11,0x00,0x06
	jge [0x27], 0x4000, LABEL_5D1F	;@raw=0x0A,0x43,0x27,0x40,0x00,0x5D,0x1F
	and [0x27], 0x00FF	;@raw=0x14,0x27,0x00,0xFF
	jl [0x13], 0x00, LABEL_60AC	;@raw=0x0A,0x04,0x13,0x00,0x60,0xAC
	mov [0x22], [0x21]	;@raw=0x01,0x22,0x21
	je [0x13], 0x00, LABEL_5DBD	;@raw=0x0A,0x00,0x13,0x00,0x5D,0xBD
	mov [0x13], 0x0000	;@raw=0x00,0x13,0x00,0x00
	add [0x22], 0x0028	;@raw=0x03,0x22,0x00,0x28
	call LABEL_6D08	;@raw=0x04,0x6D,0x08
	call LABEL_5A9B	;@raw=0x04,0x5A,0x9B
	jmp LABEL_5DEC	;@raw=0x07,0x5D,0xEC

LABEL_5DBD:
	add [0x22], [0x11]	;@raw=0x02,0x22,0x11
	add [0x22], 0x003C	;@raw=0x03,0x22,0x00,0x3C
	call LABEL_6D08	;@raw=0x04,0x6D,0x08
	call LABEL_5A9B	;@raw=0x04,0x5A,0x9B
	sub [0x22], 0x003C	;@raw=0x03,0x22,0xFF,0xC4
	jge [0x22], [0x21], LABEL_5DD7	;@raw=0x0A,0x83,0x22,0x21,0x5D,0xD7
	mov [0x21], [0x22]	;@raw=0x01,0x21,0x22

LABEL_5DD7:
	add [0x22], 0x003C	;@raw=0x03,0x22,0x00,0x3C
	add [0x21], 0x003C	;@raw=0x03,0x21,0x00,0x3C
	jg [0x21], 0x0154, LABEL_5DF6	;@raw=0x0A,0x42,0x21,0x01,0x54,0x5D,0xF6
	je [0x21], [0x22], LABEL_609A	;@raw=0x0A,0x80,0x21,0x22,0x60,0x9A

LABEL_5DEC:
	jne [0x1D], 0x00, LABEL_609A	;@raw=0x0A,0x01,0x1D,0x00,0x60,0x9A
	add [0x27], [0x12]	;@raw=0x02,0x27,0x12
	ret	;@raw=0x05

LABEL_5DF6:
	mov [0x13], 0xFFFF	;@raw=0x00,0x13,0xFF,0xFF
	ret	;@raw=0x05
LABEL_5DFB:
	db 0x11

LABEL_5DFC:
	jl [0x1D], 0x0A, LABEL_5EB3	;@raw=0x0A,0x04,0x1D,0x0A,0x5E,0xB3
	jl [0x1D], 0x14, LABEL_5E1C	;@raw=0x0A,0x04,0x1D,0x14,0x5E,0x1C
	jl [0x1D], 0x1E, LABEL_5F3C	;@raw=0x0A,0x04,0x1D,0x1E,0x5F,0x3C
	je [0x1D], 0x1E, LABEL_5F5A	;@raw=0x0A,0x00,0x1D,0x1E,0x5F,0x5A
	jge [0x1D], 0x28, LABEL_5F9F	;@raw=0x0A,0x03,0x1D,0x28,0x5F,0x9F
	ret	;@raw=0x05
LABEL_5E1B:
	db 0x11

LABEL_5E1C:
	jne [HACK_VAR_67], 0xCC, LABEL_5E5B	;@raw=0x0A,0x01,0x67,0xCC,0x5E,0x5B
	jne [0x1D], 0x0A, LABEL_5E35	;@raw=0x0A,0x01,0x1D,0x0A,0x5E,0x35
	setup channel=0x28, address=LABEL_2E27	;@raw=0x08,0x28,0x2E,0x27
	or [0x49], 0x4000	;@raw=0x15,0x49,0x40,0x00
	and [0x49], 0xFFF8	;@raw=0x14,0x49,0xFF,0xF8
	ret	;@raw=0x05

LABEL_5E35:
	jne [0x1D], 0x0B, LABEL_5E48	;@raw=0x0A,0x01,0x1D,0x0B,0x5E,0x48
	setup channel=0x2A, address=LABEL_2E27	;@raw=0x08,0x2A,0x2E,0x27
	or [0x4B], 0x4000	;@raw=0x15,0x4B,0x40,0x00
	and [0x4B], 0xFFF8	;@raw=0x14,0x4B,0xFF,0xF8
	ret	;@raw=0x05

LABEL_5E48:
	jne [0x1D], 0x0C, LABEL_78B5	;@raw=0x0A,0x01,0x1D,0x0C,0x78,0xB5
	setup channel=0x2C, address=LABEL_2E27	;@raw=0x08,0x2C,0x2E,0x27
	or [0x4D], 0x4000	;@raw=0x15,0x4D,0x40,0x00
	and [0x4D], 0xFFF8	;@raw=0x14,0x4D,0xFF,0xF8
	ret	;@raw=0x05

LABEL_5E5B:
	jne [HACK_VAR_67], 0xCA, LABEL_5E74	;@raw=0x0A,0x01,0x67,0xCA,0x5E,0x74
	jne [0x1D], 0x0A, LABEL_78B5	;@raw=0x0A,0x01,0x1D,0x0A,0x78,0xB5
	setup channel=0x22, address=LABEL_2E27	;@raw=0x08,0x22,0x2E,0x27
	or [0x49], 0x4000	;@raw=0x15,0x49,0x40,0x00
	and [0x49], 0xFFF8	;@raw=0x14,0x49,0xFF,0xF8
	ret	;@raw=0x05

LABEL_5E74:
	jne [HACK_VAR_67], 0xCB, LABEL_78B5	;@raw=0x0A,0x01,0x67,0xCB,0x78,0xB5
	jne [0x1D], 0x0A, LABEL_5E8D	;@raw=0x0A,0x01,0x1D,0x0A,0x5E,0x8D
	setup channel=0x28, address=LABEL_2E27	;@raw=0x08,0x28,0x2E,0x27
	or [0x49], 0x4000	;@raw=0x15,0x49,0x40,0x00
	and [0x49], 0xFFF8	;@raw=0x14,0x49,0xFF,0xF8
	ret	;@raw=0x05

LABEL_5E8D:
	jne [0x1D], 0x0B, LABEL_5EA0	;@raw=0x0A,0x01,0x1D,0x0B,0x5E,0xA0
	setup channel=0x2A, address=LABEL_2E27	;@raw=0x08,0x2A,0x2E,0x27
	or [0x4B], 0x4000	;@raw=0x15,0x4B,0x40,0x00
	and [0x4B], 0xFFF8	;@raw=0x14,0x4B,0xFF,0xF8
	ret	;@raw=0x05

LABEL_5EA0:
	jne [0x1D], 0x0C, LABEL_78B5	;@raw=0x0A,0x01,0x1D,0x0C,0x78,0xB5
	setup channel=0x2C, address=LABEL_2E27	;@raw=0x08,0x2C,0x2E,0x27
	or [0x4D], 0x4000	;@raw=0x15,0x4D,0x40,0x00
	and [0x4D], 0xFFF8	;@raw=0x14,0x4D,0xFF,0xF8
	ret	;@raw=0x05

LABEL_5EB3:
	jne [HACK_VAR_67], 0xC8, LABEL_5EE5	;@raw=0x0A,0x01,0x67,0xC8,0x5E,0xE5
	jne [0x1D], 0x02, LABEL_78B5	;@raw=0x0A,0x01,0x1D,0x02,0x78,0xB5
	mov [0xF8], [0xB9]	;@raw=0x01,0xF8,0xB9
	and [0xF8], 0x0001	;@raw=0x14,0xF8,0x00,0x01
	jne [0xF8], 0x00, LABEL_78B5	;@raw=0x0A,0x01,0xF8,0x00,0x78,0xB5
	play id=0x005B, freq=0x14, vol=0x40, channel=0x00	;@raw=0x18,0x00,0x5B,0x14,0x40,0x00
	play id=0x005B, freq=0x02, vol=0x40, channel=0x01	;@raw=0x18,0x00,0x5B,0x02,0x40,0x01
	or [0xB9], 0x0001	;@raw=0x15,0xB9,0x00,0x01
	setup channel=0x3C, address=LABEL_2FE9	;@raw=0x08,0x3C,0x2F,0xE9
	setup channel=0x02, address=LABEL_1470	;@raw=0x08,0x02,0x14,0x70
	ret	;@raw=0x05

LABEL_5EE5:
	jne [HACK_VAR_67], 0xED, LABEL_5EFC	;@raw=0x0A,0x01,0x67,0xED,0x5E,0xFC
	mov [0x47], 0x0FA0	;@raw=0x00,0x47,0x0F,0xA0
	or [0xB1], 0x0004	;@raw=0x15,0xB1,0x00,0x04
	setup channel=0x02, address=LABEL_1470	;@raw=0x08,0x02,0x14,0x70
	setup channel=0x3C, address=LABEL_2FCB	;@raw=0x08,0x3C,0x2F,0xCB
	ret	;@raw=0x05

LABEL_5EFC:
	jne [HACK_VAR_67], 0x50, LABEL_78B5	;@raw=0x0A,0x01,0x67,0x50,0x78,0xB5
	jne [0x1D], 0x04, LABEL_78B5	;@raw=0x0A,0x01,0x1D,0x04,0x78,0xB5
	jl [0x21], 0x64, LABEL_78B5	;@raw=0x0A,0x04,0x21,0x64,0x78,0xB5
	mov [0xF8], [0xB1]	;@raw=0x01,0xF8,0xB1
	and [0xF8], 0x0002	;@raw=0x14,0xF8,0x00,0x02
	jne [0xF8], 0x00, LABEL_5F23	;@raw=0x0A,0x01,0xF8,0x00,0x5F,0x23
	setup channel=0x04, address=LABEL_B178	;@raw=0x08,0x04,0xB1,0x78
	or [0xB1], 0x0002	;@raw=0x15,0xB1,0x00,0x02

LABEL_5F23:
	jne [0xE6], 0x00, LABEL_78B5	;@raw=0x0A,0x01,0xE6,0x00,0x78,0xB5
	jne [0xE6], 0x00, LABEL_78B5	;@raw=0x0A,0x01,0xE6,0x00,0x78,0xB5
	setup channel=0x07, address=LABEL_1470	;@raw=0x08,0x07,0x14,0x70
	setup channel=0x05, address=LABEL_B178	;@raw=0x08,0x05,0xB1,0x78
	or [0xB2], 0x0002	;@raw=0x15,0xB2,0x00,0x02
	ret	;@raw=0x05

LABEL_5F3C:
	call LABEL_659F	;@raw=0x04,0x65,0x9F
	sub [0x11], 0x0004	;@raw=0x03,0x11,0xFF,0xFC
	call LABEL_65EE	;@raw=0x04,0x65,0xEE
	je [0x29], 0x01, LABEL_5F53	;@raw=0x0A,0x00,0x29,0x01,0x5F,0x53
	play id=0x005C, freq=0x19, vol=0x40, channel=0x01	;@raw=0x18,0x00,0x5C,0x19,0x40,0x01
	ret	;@raw=0x05

LABEL_5F53:
	play id=0x005C, freq=0x19, vol=0x40, channel=0x00	;@raw=0x18,0x00,0x5C,0x19,0x40,0x00
	ret	;@raw=0x05

LABEL_5F5A:
	or [0x04], 0x4000	;@raw=0x15,0x04,0x40,0x00
	deleteChannels first=0x14, last=0x16	;@raw=0x0C,0x14,0x16,0x02
	setup channel=0x3F, address=LABEL_1392	;@raw=0x08,0x3F,0x13,0x92
	mov [0x13], 0xFFFF	;@raw=0x00,0x13,0xFF,0xFF
	mov [0xF8], [0x04]	;@raw=0x01,0xF8,0x04
	and [0xF8], 0x00FF	;@raw=0x14,0xF8,0x00,0xFF
	play id=0x005D, freq=0x14, vol=0x40, channel=0x01	;@raw=0x18,0x00,0x5D,0x14,0x40,0x01
	jl [0xF8], 0x20, LABEL_5F90	;@raw=0x0A,0x04,0xF8,0x20,0x5F,0x90
	sub [0xF8], 0x0020	;@raw=0x03,0xF8,0xFF,0xE0
	setup channel=0x14, address=LABEL_40CD	;@raw=0x08,0x14,0x40,0xCD
	jl [0xF8], 0x10, LABEL_78B5	;@raw=0x0A,0x04,0xF8,0x10,0x78,0xB5
	setup channel=0x14, address=LABEL_40E8	;@raw=0x08,0x14,0x40,0xE8
	ret	;@raw=0x05

LABEL_5F90:
	setup channel=0x14, address=LABEL_4002	;@raw=0x08,0x14,0x40,0x02
	jl [0xF8], 0x10, LABEL_78B5	;@raw=0x0A,0x04,0xF8,0x10,0x78,0xB5
	setup channel=0x14, address=LABEL_4029	;@raw=0x08,0x14,0x40,0x29
	ret	;@raw=0x05

LABEL_5F9F:
	call LABEL_6013	;@raw=0x04,0x60,0x13
	mov [0xF8], [0x2B]	;@raw=0x01,0xF8,0x2B
	and [0xF8], 0x0800	;@raw=0x14,0xF8,0x08,0x00
	play id=0x005D, freq=0x14, vol=0x40, channel=0x00	;@raw=0x18,0x00,0x5D,0x14,0x40,0x00
	jne [0xF8], 0x00, LABEL_6007	;@raw=0x0A,0x01,0xF8,0x00,0x60,0x07
	call LABEL_2863	;@raw=0x04,0x28,0x63
	mov [0xF8], [0x2B]	;@raw=0x01,0xF8,0x2B
	and [0xF8], 0x1000	;@raw=0x14,0xF8,0x10,0x00
	jne [0x1D], 0x28, LABEL_5FD3	;@raw=0x0A,0x01,0x1D,0x28,0x5F,0xD3
	setup channel=0x23, address=LABEL_41EB	;@raw=0x08,0x23,0x41,0xEB
	je [0xF8], 0x00, LABEL_5FFB	;@raw=0x0A,0x00,0xF8,0x00,0x5F,0xFB
	setup channel=0x23, address=LABEL_4244	;@raw=0x08,0x23,0x42,0x44

LABEL_5FD3:
	jne [0x1D], 0x29, LABEL_5FE7	;@raw=0x0A,0x01,0x1D,0x29,0x5F,0xE7
	setup channel=0x25, address=LABEL_41EB	;@raw=0x08,0x25,0x41,0xEB
	je [0xF8], 0x00, LABEL_5FFB	;@raw=0x0A,0x00,0xF8,0x00,0x5F,0xFB
	setup channel=0x25, address=LABEL_4244	;@raw=0x08,0x25,0x42,0x44

LABEL_5FE7:
	jne [0x1D], 0x2A, LABEL_5FFB	;@raw=0x0A,0x01,0x1D,0x2A,0x5F,0xFB
	setup channel=0x27, address=LABEL_41EB	;@raw=0x08,0x27,0x41,0xEB
	je [0xF8], 0x00, LABEL_5FFB	;@raw=0x0A,0x00,0xF8,0x00,0x5F,0xFB
	setup channel=0x27, address=LABEL_4244	;@raw=0x08,0x27,0x42,0x44

LABEL_5FFB:
	or [0x2B], 0x0800	;@raw=0x15,0x2B,0x08,0x00
	call LABEL_6032	;@raw=0x04,0x60,0x32
	mov [0x13], 0xFFFF	;@raw=0x00,0x13,0xFF,0xFF
	ret	;@raw=0x05

LABEL_6007:
	or [0x2B], 0x4000	;@raw=0x15,0x2B,0x40,0x00
	call LABEL_6032	;@raw=0x04,0x60,0x32
	mov [0x13], 0xFFFF	;@raw=0x00,0x13,0xFF,0xFF
	ret	;@raw=0x05

LABEL_6013:
	jne [0x1D], 0x28, LABEL_601D	;@raw=0x0A,0x01,0x1D,0x28,0x60,0x1D
	mov [0x2B], [0x6B]	;@raw=0x01,0x2B,0x6B
	ret	;@raw=0x05

LABEL_601D:
	jne [0x1D], 0x29, LABEL_6027	;@raw=0x0A,0x01,0x1D,0x29,0x60,0x27
	mov [0x2B], [0x73]	;@raw=0x01,0x2B,0x73
	ret	;@raw=0x05

LABEL_6027:
	jne [0x1D], 0x2A, LABEL_6030	;@raw=0x0A,0x01,0x1D,0x2A,0x60,0x30
	mov [0x2B], [0x7B]	;@raw=0x01,0x2B,0x7B

LABEL_6030:
	ret	;@raw=0x05
LABEL_6031:
	db 0x11

LABEL_6032:
	jne [0x1D], 0x28, LABEL_603C	;@raw=0x0A,0x01,0x1D,0x28,0x60,0x3C
	mov [0x6B], [0x2B]	;@raw=0x01,0x6B,0x2B
	ret	;@raw=0x05

LABEL_603C:
	jne [0x1D], 0x29, LABEL_6046	;@raw=0x0A,0x01,0x1D,0x29,0x60,0x46
	mov [0x73], [0x2B]	;@raw=0x01,0x73,0x2B
	ret	;@raw=0x05

LABEL_6046:
	jne [0x1D], 0x2A, LABEL_604F	;@raw=0x0A,0x01,0x1D,0x2A,0x60,0x4F
	mov [0x7B], [0x2B]	;@raw=0x01,0x7B,0x2B

LABEL_604F:
	ret	;@raw=0x05
	killChannel	;@raw=0x11

LABEL_6051:
	video type=1, offset=CINEMATIC_703, x=[0x01], y=[0x02], zoom=0x40	;@raw=0x54,0x11,0x36,0x01,0x02
	add [0x01], 0x0001	;@raw=0x03,0x01,0x00,0x01
	break	;@raw=0x06
	video type=1, offset=CINEMATIC_704, x=[0x01], y=[0x02], zoom=0x40	;@raw=0x54,0x10,0xF8,0x01,0x02
	add [0x01], 0x0004	;@raw=0x03,0x01,0x00,0x04
	break	;@raw=0x06
	video type=1, offset=CINEMATIC_704, x=[0x01], y=[0x02], zoom=0x40	;@raw=0x54,0x10,0xF8,0x01,0x02
	add [0x01], 0x0003	;@raw=0x03,0x01,0x00,0x03
	break	;@raw=0x06
	video type=1, offset=CINEMATIC_705, x=[0x01], y=[0x02], zoom=0x40	;@raw=0x54,0x10,0xB8,0x01,0x02
	add [0x01], 0x0002	;@raw=0x03,0x01,0x00,0x02
	break	;@raw=0x06
	video type=1, offset=CINEMATIC_705, x=[0x01], y=[0x02], zoom=0x40	;@raw=0x54,0x10,0xB8,0x01,0x02
	add [0x01], 0x0001	;@raw=0x03,0x01,0x00,0x01
	break	;@raw=0x06
	video type=1, offset=CINEMATIC_704, x=[0x01], y=[0x02], zoom=0x40	;@raw=0x54,0x10,0xF8,0x01,0x02
	add [0x01], 0x0001	;@raw=0x03,0x01,0x00,0x01
	mov [0x03], 0x0028	;@raw=0x00,0x03,0x00,0x28

LABEL_6090:
	break	;@raw=0x06
	video type=1, offset=CINEMATIC_706, x=[0x01], y=[0x02], zoom=0x40	;@raw=0x54,0x10,0x48,0x01,0x02
	jmp LABEL_6090	;@raw=0x07,0x60,0x90
LABEL_6099:
	db 0x11

LABEL_609A:
	mov [0x21], [0x22]	;@raw=0x01,0x21,0x22
	mov [0x13], 0x0001	;@raw=0x00,0x13,0x00,0x01
	call LABEL_5DFC	;@raw=0x04,0x5D,0xFC
	jne [0x13], 0xFFFF, LABEL_60AC	;@raw=0x0A,0x41,0x13,0xFF,0xFF,0x60,0xAC
	ret	;@raw=0x05

LABEL_60AC:
	and [0x13], 0x7FFF	;@raw=0x14,0x13,0x7F,0xFF
	mov [0x0E], 0x0000	;@raw=0x00,0x0E,0x00,0x00
	call LABEL_60FC	;@raw=0x04,0x60,0xFC
	add [0x13], 0x0001	;@raw=0x03,0x13,0x00,0x01
	or [0x13], 0x8000	;@raw=0x15,0x13,0x80,0x00
	je [0x0E], 0x00, LABEL_78B5	;@raw=0x0A,0x00,0x0E,0x00,0x78,0xB5
	or [0x27], 0x4000	;@raw=0x15,0x27,0x40,0x00
	ret	;@raw=0x05
LABEL_60CA:
	db 0x11

LABEL_60CB:
	mov [0x21], [0x22]	;@raw=0x01,0x21,0x22
	mov [0x13], 0x0001	;@raw=0x00,0x13,0x00,0x01
	call LABEL_5DFC	;@raw=0x04,0x5D,0xFC
	jne [0x13], 0xFFFF, LABEL_60DE	;@raw=0x0A,0x41,0x13,0xFF,0xFF,0x60,0xDE
	ret	;@raw=0x05
LABEL_60DD:
	db 0x11

LABEL_60DE:
	and [0x13], 0x7FFF	;@raw=0x14,0x13,0x7F,0xFF
	mov [0x0E], 0x0001	;@raw=0x00,0x0E,0x00,0x01
	call LABEL_625D	;@raw=0x04,0x62,0x5D
	add [0x13], 0x0001	;@raw=0x03,0x13,0x00,0x01
	or [0x13], 0x8000	;@raw=0x15,0x13,0x80,0x00
	je [0x0E], 0x00, LABEL_78B5	;@raw=0x0A,0x00,0x0E,0x00,0x78,0xB5
	or [0x27], 0x4000	;@raw=0x15,0x27,0x40,0x00
	ret	;@raw=0x05

LABEL_60FC:
	jge [0x13], 0x64, LABEL_6148	;@raw=0x0A,0x03,0x13,0x64,0x61,0x48
	jle [0x13], 0x03, LABEL_612A	;@raw=0x0A,0x05,0x13,0x03,0x61,0x2A
	jle [0x13], 0x05, LABEL_6118	;@raw=0x0A,0x05,0x13,0x05,0x61,0x18
	video type=1, offset=CINEMATIC_643, x=[0x21], y=[0x27], zoom=0x40	;@raw=0x54,0x14,0x03,0x21,0x27
	mov [0x13], 0xFFFE	;@raw=0x00,0x13,0xFF,0xFE
	ret	;@raw=0x05

LABEL_6118:
	jle [0x13], 0x04, LABEL_6124	;@raw=0x0A,0x05,0x13,0x04,0x61,0x24
	video type=1, offset=CINEMATIC_642, x=[0x21], y=[0x27], zoom=0x40	;@raw=0x54,0x13,0xF9,0x21,0x27
	ret	;@raw=0x05

LABEL_6124:
	video type=1, offset=CINEMATIC_641, x=[0x21], y=[0x27], zoom=0x40	;@raw=0x54,0x13,0xEB,0x21,0x27
	ret	;@raw=0x05

LABEL_612A:
	jle [0x13], 0x02, LABEL_6136	;@raw=0x0A,0x05,0x13,0x02,0x61,0x36
	video type=1, offset=CINEMATIC_640, x=[0x21], y=[0x27], zoom=0x40	;@raw=0x54,0x13,0xDB,0x21,0x27
	ret	;@raw=0x05

LABEL_6136:
	jle [0x13], 0x01, LABEL_6142	;@raw=0x0A,0x05,0x13,0x01,0x61,0x42
	video type=1, offset=CINEMATIC_639, x=[0x21], y=[0x27], zoom=0x40	;@raw=0x54,0x13,0xCD,0x21,0x27
	ret	;@raw=0x05

LABEL_6142:
	video type=1, offset=CINEMATIC_638, x=[0x21], y=[0x27], zoom=0x40	;@raw=0x54,0x13,0xBF,0x21,0x27
	ret	;@raw=0x05

LABEL_6148:
	jge [0x13], 0xC8, LABEL_625B	;@raw=0x0A,0x03,0x13,0xC8,0x62,0x5B
	je [0x13], 0x64, LABEL_63F6	;@raw=0x0A,0x00,0x13,0x64,0x63,0xF6
	je [0x13], 0x65, LABEL_6416	;@raw=0x0A,0x00,0x13,0x65,0x64,0x16
	jge [0x13], 0x81, LABEL_61E5	;@raw=0x0A,0x03,0x13,0x81,0x61,0xE5
	jne [0x13], 0x6E, LABEL_617B	;@raw=0x0A,0x01,0x13,0x6E,0x61,0x7B
	play id=0x0056, freq=0x14, vol=0x40, channel=0x01	;@raw=0x18,0x00,0x56,0x14,0x40,0x01
	selectVideoPage 0x00	;@raw=0x0D,0x00
	video type=1, offset=CINEMATIC_496, x=[0x21], y=[0x27], zoom=0x40	;@raw=0x54,0x14,0x2F,0x21,0x27
	selectVideoPage 0xFF	;@raw=0x0D,0xFF
	video type=1, offset=CINEMATIC_637, x=[0x21], y=[0x27], zoom=0x40	;@raw=0x54,0x21,0x45,0x21,0x27
	ret	;@raw=0x05

LABEL_617B:
	jne [0x13], 0x6F, LABEL_6187	;@raw=0x0A,0x01,0x13,0x6F,0x61,0x87
	video type=1, offset=CINEMATIC_636, x=[0x21], y=[0x27], zoom=0x40	;@raw=0x54,0x14,0x59,0x21,0x27
	ret	;@raw=0x05

LABEL_6187:
	jne [0x13], 0x70, LABEL_6193	;@raw=0x0A,0x01,0x13,0x70,0x61,0x93
	video type=1, offset=CINEMATIC_635, x=[0x21], y=[0x27], zoom=0x40	;@raw=0x54,0x14,0x8A,0x21,0x27
	ret	;@raw=0x05

LABEL_6193:
	jne [0x13], 0x71, LABEL_619F	;@raw=0x0A,0x01,0x13,0x71,0x61,0x9F
	video type=1, offset=CINEMATIC_634, x=[0x21], y=[0x27], zoom=0x40	;@raw=0x54,0x14,0xC4,0x21,0x27
	ret	;@raw=0x05

LABEL_619F:
	jne [0x13], 0x72, LABEL_61AB	;@raw=0x0A,0x01,0x13,0x72,0x61,0xAB
	video type=1, offset=CINEMATIC_633, x=[0x21], y=[0x27], zoom=0x40	;@raw=0x54,0x14,0xEC,0x21,0x27
	ret	;@raw=0x05

LABEL_61AB:
	jne [0x13], 0x73, LABEL_61B7	;@raw=0x0A,0x01,0x13,0x73,0x61,0xB7
	video type=1, offset=CINEMATIC_632, x=[0x21], y=[0x27], zoom=0x40	;@raw=0x54,0x15,0x14,0x21,0x27
	ret	;@raw=0x05

LABEL_61B7:
	jne [0x13], 0x74, LABEL_61C3	;@raw=0x0A,0x01,0x13,0x74,0x61,0xC3
	video type=1, offset=CINEMATIC_631, x=[0x21], y=[0x27], zoom=0x40	;@raw=0x54,0x15,0x3F,0x21,0x27
	ret	;@raw=0x05

LABEL_61C3:
	jne [0x13], 0x75, LABEL_61CF	;@raw=0x0A,0x01,0x13,0x75,0x61,0xCF
	video type=1, offset=CINEMATIC_630, x=[0x21], y=[0x27], zoom=0x40	;@raw=0x54,0x15,0x75,0x21,0x27
	ret	;@raw=0x05

LABEL_61CF:
	jne [0x13], 0x76, LABEL_61DB	;@raw=0x0A,0x01,0x13,0x76,0x61,0xDB
	video type=1, offset=CINEMATIC_629, x=[0x21], y=[0x27], zoom=0x40	;@raw=0x54,0x15,0x98,0x21,0x27
	ret	;@raw=0x05

LABEL_61DB:
	video type=1, offset=CINEMATIC_628, x=[0x21], y=[0x27], zoom=0x40	;@raw=0x54,0x15,0xA8,0x21,0x27
	mov [0x13], 0xFFFE	;@raw=0x00,0x13,0xFF,0xFE
	ret	;@raw=0x05

LABEL_61E5:
	jne [0x13], 0x81, LABEL_61F7	;@raw=0x0A,0x01,0x13,0x81,0x61,0xF7
	play id=0x005A, freq=0x14, vol=0x40, channel=0x00	;@raw=0x18,0x00,0x5A,0x14,0x40,0x00
	video type=1, offset=CINEMATIC_627, x=[0x21], y=[0x27], zoom=0x40	;@raw=0x54,0x16,0x6B,0x21,0x27
	ret	;@raw=0x05

LABEL_61F7:
	jne [0x13], 0x82, LABEL_6203	;@raw=0x0A,0x01,0x13,0x82,0x62,0x03
	video type=1, offset=CINEMATIC_626, x=[0x21], y=[0x27], zoom=0x40	;@raw=0x54,0x1A,0x58,0x21,0x27
	ret	;@raw=0x05

LABEL_6203:
	jne [0x13], 0x83, LABEL_620F	;@raw=0x0A,0x01,0x13,0x83,0x62,0x0F
	video type=1, offset=CINEMATIC_625, x=[0x21], y=[0x27], zoom=0x40	;@raw=0x54,0x16,0x13,0x21,0x27
	ret	;@raw=0x05

LABEL_620F:
	jne [0x13], 0x84, LABEL_621B	;@raw=0x0A,0x01,0x13,0x84,0x62,0x1B
	video type=1, offset=CINEMATIC_624, x=[0x21], y=[0x27], zoom=0x40	;@raw=0x54,0x16,0x25,0x21,0x27
	ret	;@raw=0x05

LABEL_621B:
	jne [0x13], 0x85, LABEL_6227	;@raw=0x0A,0x01,0x13,0x85,0x62,0x27
	video type=1, offset=CINEMATIC_623, x=[0x21], y=[0x27], zoom=0x40	;@raw=0x54,0x16,0x39,0x21,0x27
	ret	;@raw=0x05

LABEL_6227:
	jne [0x13], 0x86, LABEL_6233	;@raw=0x0A,0x01,0x13,0x86,0x62,0x33
	video type=1, offset=CINEMATIC_622, x=[0x21], y=[0x27], zoom=0x40	;@raw=0x54,0x16,0x47,0x21,0x27
	ret	;@raw=0x05

LABEL_6233:
	jne [0x13], 0x87, LABEL_623F	;@raw=0x0A,0x01,0x13,0x87,0x62,0x3F
	video type=1, offset=CINEMATIC_621, x=[0x21], y=[0x27], zoom=0x40	;@raw=0x54,0x16,0x55,0x21,0x27
	ret	;@raw=0x05

LABEL_623F:
	jne [0x13], 0x88, LABEL_624B	;@raw=0x0A,0x01,0x13,0x88,0x62,0x4B
	video type=1, offset=CINEMATIC_620, x=[0x21], y=[0x27], zoom=0x40	;@raw=0x54,0x16,0x61,0x21,0x27
	ret	;@raw=0x05

LABEL_624B:
	jne [0x13], 0x89, LABEL_625B	;@raw=0x0A,0x01,0x13,0x89,0x62,0x5B
	video type=1, offset=CINEMATIC_619, x=[0x21], y=[0x27], zoom=0x40	;@raw=0x54,0x1A,0x23,0x21,0x27
	mov [0x13], 0xFFFE	;@raw=0x00,0x13,0xFF,0xFE
	ret	;@raw=0x05

LABEL_625B:
	ret	;@raw=0x05
LABEL_625C:
	db 0x11

LABEL_625D:
	jge [0x13], 0x64, LABEL_62A9	;@raw=0x0A,0x03,0x13,0x64,0x62,0xA9
	jle [0x13], 0x03, LABEL_628B	;@raw=0x0A,0x05,0x13,0x03,0x62,0x8B
	jle [0x13], 0x05, LABEL_6279	;@raw=0x0A,0x05,0x13,0x05,0x62,0x79
	video type=1, offset=CINEMATIC_659, x=[0x21], y=[0x27], zoom=0x40	;@raw=0x54,0x13,0x09,0x21,0x27
	mov [0x13], 0xFFFE	;@raw=0x00,0x13,0xFF,0xFE
	ret	;@raw=0x05

LABEL_6279:
	jle [0x13], 0x04, LABEL_6285	;@raw=0x0A,0x05,0x13,0x04,0x62,0x85
	video type=1, offset=CINEMATIC_658, x=[0x21], y=[0x27], zoom=0x40	;@raw=0x54,0x12,0xFF,0x21,0x27
	ret	;@raw=0x05

LABEL_6285:
	video type=1, offset=CINEMATIC_657, x=[0x21], y=[0x27], zoom=0x40	;@raw=0x54,0x12,0xF1,0x21,0x27
	ret	;@raw=0x05

LABEL_628B:
	jle [0x13], 0x02, LABEL_6297	;@raw=0x0A,0x05,0x13,0x02,0x62,0x97
	video type=1, offset=CINEMATIC_656, x=[0x21], y=[0x27], zoom=0x40	;@raw=0x54,0x12,0xE1,0x21,0x27
	ret	;@raw=0x05

LABEL_6297:
	jle [0x13], 0x01, LABEL_62A3	;@raw=0x0A,0x05,0x13,0x01,0x62,0xA3
	video type=1, offset=CINEMATIC_655, x=[0x21], y=[0x27], zoom=0x40	;@raw=0x54,0x12,0xD3,0x21,0x27
	ret	;@raw=0x05

LABEL_62A3:
	video type=1, offset=CINEMATIC_654, x=[0x21], y=[0x27], zoom=0x40	;@raw=0x54,0x12,0xB9,0x21,0x27
	ret	;@raw=0x05

LABEL_62A9:
	jge [0x13], 0xC8, LABEL_63BC	;@raw=0x0A,0x03,0x13,0xC8,0x63,0xBC
	je [0x13], 0x64, LABEL_63BE	;@raw=0x0A,0x00,0x13,0x64,0x63,0xBE
	je [0x13], 0x65, LABEL_63DE	;@raw=0x0A,0x00,0x13,0x65,0x63,0xDE
	jge [0x13], 0x81, LABEL_6346	;@raw=0x0A,0x03,0x13,0x81,0x63,0x46
	jne [0x13], 0x6E, LABEL_62DC	;@raw=0x0A,0x01,0x13,0x6E,0x62,0xDC
	play id=0x0056, freq=0x14, vol=0x40, channel=0x01	;@raw=0x18,0x00,0x56,0x14,0x40,0x01
	selectVideoPage 0x00	;@raw=0x0D,0x00
	video type=1, offset=CINEMATIC_496, x=[0x21], y=[0x27], zoom=0x40	;@raw=0x54,0x14,0x2F,0x21,0x27
	selectVideoPage 0xFF	;@raw=0x0D,0xFF
	video type=1, offset=CINEMATIC_637, x=[0x21], y=[0x27], zoom=0x40	;@raw=0x54,0x21,0x45,0x21,0x27
	ret	;@raw=0x05

LABEL_62DC:
	jne [0x13], 0x6F, LABEL_62E8	;@raw=0x0A,0x01,0x13,0x6F,0x62,0xE8
	video type=1, offset=CINEMATIC_653, x=[0x21], y=[0x27], zoom=0x40	;@raw=0x54,0x21,0x6B,0x21,0x27
	ret	;@raw=0x05

LABEL_62E8:
	jne [0x13], 0x70, LABEL_62F4	;@raw=0x0A,0x01,0x13,0x70,0x62,0xF4
	video type=1, offset=CINEMATIC_652, x=[0x21], y=[0x27], zoom=0x40	;@raw=0x54,0x21,0x7E,0x21,0x27
	ret	;@raw=0x05

LABEL_62F4:
	jne [0x13], 0x71, LABEL_6300	;@raw=0x0A,0x01,0x13,0x71,0x63,0x00
	video type=1, offset=CINEMATIC_651, x=[0x21], y=[0x27], zoom=0x40	;@raw=0x54,0x21,0xA6,0x21,0x27
	ret	;@raw=0x05

LABEL_6300:
	jne [0x13], 0x72, LABEL_630C	;@raw=0x0A,0x01,0x13,0x72,0x63,0x0C
	video type=1, offset=CINEMATIC_650, x=[0x21], y=[0x27], zoom=0x40	;@raw=0x54,0x21,0xCE,0x21,0x27
	ret	;@raw=0x05

LABEL_630C:
	jne [0x13], 0x73, LABEL_6318	;@raw=0x0A,0x01,0x13,0x73,0x63,0x18
	video type=1, offset=CINEMATIC_649, x=[0x21], y=[0x27], zoom=0x40	;@raw=0x54,0x21,0xF6,0x21,0x27
	ret	;@raw=0x05

LABEL_6318:
	jne [0x13], 0x74, LABEL_6324	;@raw=0x0A,0x01,0x13,0x74,0x63,0x24
	video type=1, offset=CINEMATIC_648, x=[0x21], y=[0x27], zoom=0x40	;@raw=0x54,0x22,0x21,0x21,0x27
	ret	;@raw=0x05

LABEL_6324:
	jne [0x13], 0x75, LABEL_6330	;@raw=0x0A,0x01,0x13,0x75,0x63,0x30
	video type=1, offset=CINEMATIC_647, x=[0x21], y=[0x27], zoom=0x40	;@raw=0x54,0x22,0x57,0x21,0x27
	ret	;@raw=0x05

LABEL_6330:
	jne [0x13], 0x76, LABEL_633C	;@raw=0x0A,0x01,0x13,0x76,0x63,0x3C
	video type=1, offset=CINEMATIC_646, x=[0x21], y=[0x27], zoom=0x40	;@raw=0x54,0x22,0x7A,0x21,0x27
	ret	;@raw=0x05

LABEL_633C:
	video type=1, offset=CINEMATIC_645, x=[0x21], y=[0x27], zoom=0x40	;@raw=0x54,0x22,0x8A,0x21,0x27
	mov [0x13], 0xFFFE	;@raw=0x00,0x13,0xFF,0xFE
	ret	;@raw=0x05

LABEL_6346:
	jne [0x13], 0x81, LABEL_6358	;@raw=0x0A,0x01,0x13,0x81,0x63,0x58
	play id=0x005A, freq=0x14, vol=0x40, channel=0x00	;@raw=0x18,0x00,0x5A,0x14,0x40,0x00
	video type=1, offset=CINEMATIC_627, x=[0x21], y=[0x27], zoom=0x40	;@raw=0x54,0x16,0x6B,0x21,0x27
	ret	;@raw=0x05

LABEL_6358:
	jne [0x13], 0x82, LABEL_6364	;@raw=0x0A,0x01,0x13,0x82,0x63,0x64
	video type=1, offset=CINEMATIC_626, x=[0x21], y=[0x27], zoom=0x40	;@raw=0x54,0x1A,0x58,0x21,0x27
	ret	;@raw=0x05

LABEL_6364:
	jne [0x13], 0x83, LABEL_6370	;@raw=0x0A,0x01,0x13,0x83,0x63,0x70
	video type=1, offset=CINEMATIC_625, x=[0x21], y=[0x27], zoom=0x40	;@raw=0x54,0x16,0x13,0x21,0x27
	ret	;@raw=0x05

LABEL_6370:
	jne [0x13], 0x84, LABEL_637C	;@raw=0x0A,0x01,0x13,0x84,0x63,0x7C
	video type=1, offset=CINEMATIC_624, x=[0x21], y=[0x27], zoom=0x40	;@raw=0x54,0x16,0x25,0x21,0x27
	ret	;@raw=0x05

LABEL_637C:
	jne [0x13], 0x85, LABEL_6388	;@raw=0x0A,0x01,0x13,0x85,0x63,0x88
	video type=1, offset=CINEMATIC_623, x=[0x21], y=[0x27], zoom=0x40	;@raw=0x54,0x16,0x39,0x21,0x27
	ret	;@raw=0x05

LABEL_6388:
	jne [0x13], 0x86, LABEL_6394	;@raw=0x0A,0x01,0x13,0x86,0x63,0x94
	video type=1, offset=CINEMATIC_622, x=[0x21], y=[0x27], zoom=0x40	;@raw=0x54,0x16,0x47,0x21,0x27
	ret	;@raw=0x05

LABEL_6394:
	jne [0x13], 0x87, LABEL_63A0	;@raw=0x0A,0x01,0x13,0x87,0x63,0xA0
	video type=1, offset=CINEMATIC_621, x=[0x21], y=[0x27], zoom=0x40	;@raw=0x54,0x16,0x55,0x21,0x27
	ret	;@raw=0x05

LABEL_63A0:
	jne [0x13], 0x88, LABEL_63AC	;@raw=0x0A,0x01,0x13,0x88,0x63,0xAC
	video type=1, offset=CINEMATIC_620, x=[0x21], y=[0x27], zoom=0x40	;@raw=0x54,0x16,0x61,0x21,0x27
	ret	;@raw=0x05

LABEL_63AC:
	jne [0x13], 0x89, LABEL_63BC	;@raw=0x0A,0x01,0x13,0x89,0x63,0xBC
	video type=1, offset=CINEMATIC_619, x=[0x21], y=[0x27], zoom=0x40	;@raw=0x54,0x1A,0x23,0x21,0x27
	mov [0x13], 0xFFFE	;@raw=0x00,0x13,0xFF,0xFE
	ret	;@raw=0x05

LABEL_63BC:
	ret	;@raw=0x05
LABEL_63BD:
	db 0x11

LABEL_63BE:
	mov [0x22], [0x21]	;@raw=0x01,0x22,0x21
	sub [0x22], 0x0064	;@raw=0x03,0x22,0xFF,0x9C
	mov [0x09], [0x22]	;@raw=0x01,0x09,0x22
	call LABEL_6D08	;@raw=0x04,0x6D,0x08
	call LABEL_652C	;@raw=0x04,0x65,0x2C
	mov [0x2C], 0x0001	;@raw=0x00,0x2C,0x00,0x01
	jne [0x1D], 0x00, LABEL_642E	;@raw=0x0A,0x01,0x1D,0x00,0x64,0x2E
	video type=1, offset=CINEMATIC_618, x=[0x22], y=[0x27], zoom=0x40	;@raw=0x54,0x12,0x7B,0x22,0x27
	ret	;@raw=0x05

LABEL_63DE:
	mov [0x22], [0x21]	;@raw=0x01,0x22,0x21
	sub [0x22], 0x0140	;@raw=0x03,0x22,0xFE,0xC0
	mov [0x09], [0x22]	;@raw=0x01,0x09,0x22
	call LABEL_6D08	;@raw=0x04,0x6D,0x08
	call LABEL_652C	;@raw=0x04,0x65,0x2C
	mov [0x2C], 0x0001	;@raw=0x00,0x2C,0x00,0x01
	jmp LABEL_642E	;@raw=0x07,0x64,0x2E
LABEL_63F5:
	db 0x11

LABEL_63F6:
	mov [0x22], [0x21]	;@raw=0x01,0x22,0x21
	add [0x22], 0x0064	;@raw=0x03,0x22,0x00,0x64
	mov [0x09], [0x22]	;@raw=0x01,0x09,0x22
	call LABEL_6D08	;@raw=0x04,0x6D,0x08
	call LABEL_652C	;@raw=0x04,0x65,0x2C
	mov [0x2C], 0x0000	;@raw=0x00,0x2C,0x00,0x00
	jne [0x1D], 0x00, LABEL_642E	;@raw=0x0A,0x01,0x1D,0x00,0x64,0x2E
	video type=1, offset=CINEMATIC_618, x=[0x22], y=[0x27], zoom=0x40	;@raw=0x54,0x12,0x7B,0x22,0x27
	ret	;@raw=0x05

LABEL_6416:
	mov [0x22], [0x21]	;@raw=0x01,0x22,0x21
	add [0x22], 0x0190	;@raw=0x03,0x22,0x01,0x90
	mov [0x09], [0x22]	;@raw=0x01,0x09,0x22
	call LABEL_6D08	;@raw=0x04,0x6D,0x08
	call LABEL_652C	;@raw=0x04,0x65,0x2C
	mov [0x2C], 0x0000	;@raw=0x00,0x2C,0x00,0x00
	jmp LABEL_642E	;@raw=0x07,0x64,0x2E
LABEL_642D:
	db 0x11

LABEL_642E:
	video type=1, offset=CINEMATIC_617, x=[0x22], y=[0x27], zoom=0x40	;@raw=0x54,0x31,0x9A,0x22,0x27
	mov [0x13], 0x0080	;@raw=0x00,0x13,0x00,0x80
	mov [0x21], [0x22]	;@raw=0x01,0x21,0x22
	jl [0x1D], 0x0A, LABEL_6458	;@raw=0x0A,0x04,0x1D,0x0A,0x64,0x58
	jl [0x1D], 0x14, LABEL_64A8	;@raw=0x0A,0x04,0x1D,0x14,0x64,0xA8
	jl [0x1D], 0x1E, LABEL_646D	;@raw=0x0A,0x04,0x1D,0x1E,0x64,0x6D
	je [0x1D], 0x1E, LABEL_647C	;@raw=0x0A,0x00,0x1D,0x1E,0x64,0x7C
	jge [0x1D], 0x28, LABEL_645C	;@raw=0x0A,0x03,0x1D,0x28,0x64,0x5C

LABEL_6458:
	call LABEL_6590	;@raw=0x04,0x65,0x90
	ret	;@raw=0x05

LABEL_645C:
	call LABEL_5F9F	;@raw=0x04,0x5F,0x9F
	mov [0x13], 0xFFFE	;@raw=0x00,0x13,0xFF,0xFE
	je [0x2C], 0x01, LABEL_63DE	;@raw=0x0A,0x00,0x2C,0x01,0x63,0xDE
	jmp LABEL_6416	;@raw=0x07,0x64,0x16
LABEL_646C:
	db 0x05

LABEL_646D:
	call LABEL_6590	;@raw=0x04,0x65,0x90
	call LABEL_659F	;@raw=0x04,0x65,0x9F
	mov [0x11], 0xFFFF	;@raw=0x00,0x11,0xFF,0xFF
	call LABEL_65EE	;@raw=0x04,0x65,0xEE
	ret	;@raw=0x05
LABEL_647B:
	db 0x11

LABEL_647C:
	call LABEL_5F5A	;@raw=0x04,0x5F,0x5A
	mov [0x13], 0xFFFE	;@raw=0x00,0x13,0xFF,0xFE
	je [0x2C], 0x01, LABEL_63DE	;@raw=0x0A,0x00,0x2C,0x01,0x63,0xDE
	jmp LABEL_6416	;@raw=0x07,0x64,0x16
LABEL_648C:
	db 0x05

LABEL_648D:
	and [0xF8], 0x0080	;@raw=0x14,0xF8,0x00,0x80
	jne [0xF8], 0x00, LABEL_64E2	;@raw=0x0A,0x01,0xF8,0x00,0x64,0xE2
	mov [0xF8], [0x11]	;@raw=0x01,0xF8,0x11
	and [0xF8], 0x0100	;@raw=0x14,0xF8,0x01,0x00
	jne [0xF8], 0x00, LABEL_64D7	;@raw=0x0A,0x01,0xF8,0x00,0x64,0xD7
	jmp LABEL_64C9	;@raw=0x07,0x64,0xC9
LABEL_64A7:
	db 0x11

LABEL_64A8:
	call LABEL_661B	;@raw=0x04,0x66,0x1B
	call LABEL_6590	;@raw=0x04,0x65,0x90
	mov [0x21], [0x10]	;@raw=0x01,0x21,0x10
	mov [0x13], 0x006E	;@raw=0x00,0x13,0x00,0x6E
	mov [0xF8], [0x11]	;@raw=0x01,0xF8,0x11
	je [0x2C], 0x01, LABEL_648D	;@raw=0x0A,0x00,0x2C,0x01,0x64,0x8D
	and [0xF8], 0x03FF	;@raw=0x14,0xF8,0x03,0xFF
	jl [0xF8], 0x0200, LABEL_64D0	;@raw=0x0A,0x44,0xF8,0x02,0x00,0x64,0xD0

LABEL_64C9:
	and [0x11], 0xFDFF	;@raw=0x14,0x11,0xFD,0xFF
	jmp LABEL_64EA	;@raw=0x07,0x64,0xEA

LABEL_64D0:
	jl [0xF8], 0x0100, LABEL_64E2	;@raw=0x0A,0x44,0xF8,0x01,0x00,0x64,0xE2

LABEL_64D7:
	and [0x11], 0xFEFF	;@raw=0x14,0x11,0xFE,0xFF
	add [0x21], 0x000A	;@raw=0x03,0x21,0x00,0x0A
	jmp LABEL_64EA	;@raw=0x07,0x64,0xEA

LABEL_64E2:
	and [0x11], 0xFF7F	;@raw=0x14,0x11,0xFF,0x7F
	add [0x21], 0x0014	;@raw=0x03,0x21,0x00,0x14

LABEL_64EA:
	call LABEL_664D	;@raw=0x04,0x66,0x4D
	call LABEL_B137	;@raw=0x04,0xB1,0x37
	mov [0xF8], [0x11]	;@raw=0x01,0xF8,0x11
	and [0xF8], 0x0007	;@raw=0x14,0xF8,0x00,0x07
	jne [0xF8], 0x06, LABEL_6504	;@raw=0x0A,0x01,0xF8,0x06,0x65,0x04
	mov [0x13], 0x006F	;@raw=0x00,0x13,0x00,0x6F
	call LABEL_B0AE	;@raw=0x04,0xB0,0xAE

LABEL_6504:
	mov [0xF8], [0x11]	;@raw=0x01,0xF8,0x11
	and [0xF8], 0x03FF	;@raw=0x14,0xF8,0x03,0xFF
	jg [0xF8], 0x7F, LABEL_6522	;@raw=0x0A,0x02,0xF8,0x7F,0x65,0x22
	mov [0xF8], [0x0E]	;@raw=0x01,0xF8,0x0E
	mov [0x0E], 0x0000	;@raw=0x00,0x0E,0x00,0x00
	je [0x2C], 0x01, LABEL_6522	;@raw=0x0A,0x00,0x2C,0x01,0x65,0x22
	mov [0x0E], 0x0001	;@raw=0x00,0x0E,0x00,0x01

LABEL_6522:
	je [0x2C], 0x01, LABEL_625D	;@raw=0x0A,0x00,0x2C,0x01,0x62,0x5D
	jmp LABEL_60FC	;@raw=0x07,0x60,0xFC
LABEL_652B:
	db 0x05

LABEL_652C:
	mov [0x2B], [0x21]	;@raw=0x01,0x2B,0x21
	add [0xB8], 0x0100	;@raw=0x03,0xB8,0x01,0x00
	mov [0x2C], [0x22]	;@raw=0x01,0x2C,0x22
	sub [0x2C], [0x21]	;@raw=0x13,0x2C,0x21
	jl [0x21], [0x22], LABEL_6548	;@raw=0x0A,0x84,0x21,0x22,0x65,0x48
	mov [0x2B], [0x22]	;@raw=0x01,0x2B,0x22
	mov [0x2C], [0x21]	;@raw=0x01,0x2C,0x21
	sub [0x2C], [0x22]	;@raw=0x13,0x2C,0x22

LABEL_6548:
	add [0x2C], 0x0001	;@raw=0x03,0x2C,0x00,0x01

LABEL_654C:
	jl [0x2C], 0x70, LABEL_6562	;@raw=0x0A,0x04,0x2C,0x70,0x65,0x62
	video type=1, offset=CINEMATIC_616, x=[0x2b], y=[0x27], zoom=0x40	;@raw=0x54,0x12,0xAD,0x2B,0x27
	sub [0x2C], 0x0070	;@raw=0x03,0x2C,0xFF,0x90
	add [0x2B], 0x0070	;@raw=0x03,0x2B,0x00,0x70
	jmp LABEL_654C	;@raw=0x07,0x65,0x4C

LABEL_6562:
	jl [0x2C], 0x30, LABEL_6578	;@raw=0x0A,0x04,0x2C,0x30,0x65,0x78
	video type=1, offset=CINEMATIC_615, x=[0x2b], y=[0x27], zoom=0x40	;@raw=0x54,0x12,0xA1,0x2B,0x27
	sub [0x2C], 0x0030	;@raw=0x03,0x2C,0xFF,0xD0
	add [0x2B], 0x0030	;@raw=0x03,0x2B,0x00,0x30
	jmp LABEL_654C	;@raw=0x07,0x65,0x4C

LABEL_6578:
	jl [0x2C], 0x10, LABEL_658E	;@raw=0x0A,0x04,0x2C,0x10,0x65,0x8E
	video type=1, offset=CINEMATIC_614, x=[0x2b], y=[0x27], zoom=0x40	;@raw=0x54,0x12,0x95,0x2B,0x27
	sub [0x2C], 0x0010	;@raw=0x03,0x2C,0xFF,0xF0
	add [0x2B], 0x0010	;@raw=0x03,0x2B,0x00,0x10
	jmp LABEL_654C	;@raw=0x07,0x65,0x4C

LABEL_658E:
	ret	;@raw=0x05
LABEL_658F:
	db 0x05

LABEL_6590:
	jg [0x27], [0x44], LABEL_659A	;@raw=0x0A,0x82,0x27,0x44,0x65,0x9A
	mov [0x27], [0x44]	;@raw=0x01,0x27,0x44
	ret	;@raw=0x05

LABEL_659A:
	mov [0x27], [0x40]	;@raw=0x01,0x27,0x40
	ret	;@raw=0x05
LABEL_659E:
	db 0x11

LABEL_659F:
	jne [0x1D], 0x14, LABEL_65A9	;@raw=0x0A,0x01,0x1D,0x14,0x65,0xA9
	mov [0x11], [0xA1]	;@raw=0x01,0x11,0xA1
	ret	;@raw=0x05

LABEL_65A9:
	jne [0x1D], 0x15, LABEL_65B3	;@raw=0x0A,0x01,0x1D,0x15,0x65,0xB3
	mov [0x11], [0xA4]	;@raw=0x01,0x11,0xA4
	ret	;@raw=0x05

LABEL_65B3:
	jne [0x1D], 0x16, LABEL_65BD	;@raw=0x0A,0x01,0x1D,0x16,0x65,0xBD
	mov [0x11], [0xA7]	;@raw=0x01,0x11,0xA7
	ret	;@raw=0x05

LABEL_65BD:
	jne [0x1D], 0x17, LABEL_65E9	;@raw=0x0A,0x01,0x1D,0x17,0x65,0xE9
	mov [0x11], [0xAA]	;@raw=0x01,0x11,0xAA
	jne [HACK_VAR_67], 0x46, LABEL_78B5	;@raw=0x0A,0x01,0x67,0x46,0x78,0xB5
	je [0xB4], 0x00, LABEL_78B5	;@raw=0x0A,0x00,0xB4,0x00,0x78,0xB5
	mov [0x11], 0xFFFF	;@raw=0x00,0x11,0xFF,0xFF
	mov [0xB4], 0x0000	;@raw=0x00,0xB4,0x00,0x00
	mov [0x13], 0x0082	;@raw=0x00,0x13,0x00,0x82
	mov [0x21], [0x22]	;@raw=0x01,0x21,0x22
	call LABEL_6590	;@raw=0x04,0x65,0x90
	mov [0x46], 0xF060	;@raw=0x00,0x46,0xF0,0x60
	ret	;@raw=0x05

LABEL_65E9:
	mov [0x11], [0xAD]	;@raw=0x01,0x11,0xAD
	ret	;@raw=0x05
LABEL_65ED:
	db 0x11

LABEL_65EE:
	jne [0x1D], 0x14, LABEL_65F8	;@raw=0x0A,0x01,0x1D,0x14,0x65,0xF8
	mov [0xA1], [0x11]	;@raw=0x01,0xA1,0x11
	ret	;@raw=0x05

LABEL_65F8:
	jne [0x1D], 0x15, LABEL_6602	;@raw=0x0A,0x01,0x1D,0x15,0x66,0x02
	mov [0xA4], [0x11]	;@raw=0x01,0xA4,0x11
	ret	;@raw=0x05

LABEL_6602:
	jne [0x1D], 0x16, LABEL_660C	;@raw=0x0A,0x01,0x1D,0x16,0x66,0x0C
	mov [0xA7], [0x11]	;@raw=0x01,0xA7,0x11
	ret	;@raw=0x05

LABEL_660C:
	jne [0x1D], 0x17, LABEL_6616	;@raw=0x0A,0x01,0x1D,0x17,0x66,0x16
	mov [0xAA], [0x11]	;@raw=0x01,0xAA,0x11
	ret	;@raw=0x05

LABEL_6616:
	mov [0xAD], [0x11]	;@raw=0x01,0xAD,0x11
	ret	;@raw=0x05
LABEL_661A:
	db 0x11

LABEL_661B:
	jne [0x1D], 0x0A, LABEL_6628	;@raw=0x0A,0x01,0x1D,0x0A,0x66,0x28
	mov [0x10], [0x48]	;@raw=0x01,0x10,0x48
	mov [0x11], [0x49]	;@raw=0x01,0x11,0x49
	ret	;@raw=0x05

LABEL_6628:
	jne [0x1D], 0x0B, LABEL_663F	;@raw=0x0A,0x01,0x1D,0x0B,0x66,0x3F
	mov [0x10], [0x4A]	;@raw=0x01,0x10,0x4A
	mov [0x11], [0x4B]	;@raw=0x01,0x11,0x4B
	jne [HACK_VAR_67], 0x24, LABEL_78B5	;@raw=0x0A,0x01,0x67,0x24,0x78,0xB5
	mov [0xB2], 0x0001	;@raw=0x00,0xB2,0x00,0x01
	ret	;@raw=0x05

LABEL_663F:
	jne [0x1D], 0x0C, LABEL_664B	;@raw=0x0A,0x01,0x1D,0x0C,0x66,0x4B
	mov [0x10], [0x4C]	;@raw=0x01,0x10,0x4C
	mov [0x11], [0x4D]	;@raw=0x01,0x11,0x4D

LABEL_664B:
	ret	;@raw=0x05
LABEL_664C:
	db 0x11

LABEL_664D:
	jne [0x1D], 0x0A, LABEL_6657	;@raw=0x0A,0x01,0x1D,0x0A,0x66,0x57
	mov [0x49], [0x11]	;@raw=0x01,0x49,0x11
	ret	;@raw=0x05

LABEL_6657:
	jne [0x1D], 0x0B, LABEL_6661	;@raw=0x0A,0x01,0x1D,0x0B,0x66,0x61
	mov [0x4B], [0x11]	;@raw=0x01,0x4B,0x11
	ret	;@raw=0x05

LABEL_6661:
	jne [0x1D], 0x0C, LABEL_666A	;@raw=0x0A,0x01,0x1D,0x0C,0x66,0x6A
	mov [0x4D], [0x11]	;@raw=0x01,0x4D,0x11

LABEL_666A:
	ret	;@raw=0x05
LABEL_666B:
	db 0x11

LABEL_666C:
	mov [0x22], 0x0096	;@raw=0x00,0x22,0x00,0x96
	mov [0x26], [0x10]	;@raw=0x01,0x26,0x10
	play id=0x0058, freq=0x14, vol=0x40, channel=0x00	;@raw=0x18,0x00,0x58,0x14,0x40,0x00
	jg [0x08], [0x41], LABEL_6683	;@raw=0x0A,0x82,0x08,0x41,0x66,0x83
	or [0x26], 0x8000	;@raw=0x15,0x26,0x80,0x00

LABEL_6683:
	jge [0xAA], 0x00, LABEL_6699	;@raw=0x0A,0x03,0xAA,0x00,0x66,0x99

LABEL_6689:
	mov [0xA9], [0x21]	;@raw=0x01,0xA9,0x21
	add [0xA9], 0x0002	;@raw=0x03,0xA9,0x00,0x02
	mov [0xAA], [0x22]	;@raw=0x01,0xAA,0x22
	mov [0xAB], [0x26]	;@raw=0x01,0xAB,0x26
	jmp LABEL_66C1	;@raw=0x07,0x66,0xC1

LABEL_6699:
	jge [0xAD], 0x00, LABEL_66AF	;@raw=0x0A,0x03,0xAD,0x00,0x66,0xAF

LABEL_669F:
	mov [0xAC], [0x21]	;@raw=0x01,0xAC,0x21
	mov [0xAD], [0x22]	;@raw=0x01,0xAD,0x22
	add [0xAD], 0x000A	;@raw=0x03,0xAD,0x00,0x0A
	mov [0xAE], [0x26]	;@raw=0x01,0xAE,0x26
	jmp LABEL_66C1	;@raw=0x07,0x66,0xC1

LABEL_66AF:
	jl [0xAA], [0xAD], LABEL_66BB	;@raw=0x0A,0x84,0xAA,0xAD,0x66,0xBB
	jl [0xAD], 0x1E, LABEL_669F	;@raw=0x0A,0x04,0xAD,0x1E,0x66,0x9F

LABEL_66BB:
	jl [0xAA], 0x1E, LABEL_6689	;@raw=0x0A,0x04,0xAA,0x1E,0x66,0x89

LABEL_66C1:
	ret	;@raw=0x05

LABEL_66C2:
	call LABEL_6A66	;@raw=0x04,0x6A,0x66
	mov [0x22], 0x0096	;@raw=0x00,0x22,0x00,0x96
	mov [0x26], [HACK_VAR_67]	;@raw=0x01,0x26,0x67
	jg [0x02], [0x41], LABEL_66D6	;@raw=0x0A,0x82,0x02,0x41,0x66,0xD6
	or [0x26], 0x8000	;@raw=0x15,0x26,0x80,0x00

LABEL_66D6:
	jge [0xA1], 0x00, LABEL_66E8	;@raw=0x0A,0x03,0xA1,0x00,0x66,0xE8

LABEL_66DC:
	mov [0xA0], [0x21]	;@raw=0x01,0xA0,0x21
	mov [0xA1], [0x22]	;@raw=0x01,0xA1,0x22
	mov [0xA2], [0x26]	;@raw=0x01,0xA2,0x26
	jmp LABEL_67A8	;@raw=0x07,0x67,0xA8

LABEL_66E8:
	jge [0xA4], 0x00, LABEL_66FA	;@raw=0x0A,0x03,0xA4,0x00,0x66,0xFA

LABEL_66EE:
	mov [0xA3], [0x21]	;@raw=0x01,0xA3,0x21
	mov [0xA4], [0x22]	;@raw=0x01,0xA4,0x22
	mov [0xA5], [0x26]	;@raw=0x01,0xA5,0x26
	jmp LABEL_67A8	;@raw=0x07,0x67,0xA8

LABEL_66FA:
	jge [0xA7], 0x00, LABEL_670C	;@raw=0x0A,0x03,0xA7,0x00,0x67,0x0C

LABEL_6700:
	mov [0xA6], [0x21]	;@raw=0x01,0xA6,0x21
	mov [0xA7], [0x22]	;@raw=0x01,0xA7,0x22
	mov [0xA8], [0x26]	;@raw=0x01,0xA8,0x26
	jmp LABEL_67A8	;@raw=0x07,0x67,0xA8

LABEL_670C:
	mov [0xF8], [0xA2]	;@raw=0x01,0xF8,0xA2
	and [0xF8], 0x00FF	;@raw=0x14,0xF8,0x00,0xFF
	jne [0xF8], [HACK_VAR_67], LABEL_66DC	;@raw=0x0A,0x81,0xF8,0x67,0x66,0xDC
	mov [0xF8], [0xA5]	;@raw=0x01,0xF8,0xA5
	and [0xF8], 0x00FF	;@raw=0x14,0xF8,0x00,0xFF
	jne [0xF8], [HACK_VAR_67], LABEL_66EE	;@raw=0x0A,0x81,0xF8,0x67,0x66,0xEE
	mov [0xF8], [0xA8]	;@raw=0x01,0xF8,0xA8
	and [0xF8], 0x00FF	;@raw=0x14,0xF8,0x00,0xFF
	jne [0xF8], [HACK_VAR_67], LABEL_6700	;@raw=0x0A,0x81,0xF8,0x67,0x67,0x00
	jle [0xA1], 0x00, LABEL_674C	;@raw=0x0A,0x05,0xA1,0x00,0x67,0x4C
	mov [0xF8], [0xA0]	;@raw=0x01,0xF8,0xA0
	call LABEL_67A9	;@raw=0x04,0x67,0xA9
	jne [0xF8], 0x0FA0, LABEL_674C	;@raw=0x0A,0x41,0xF8,0x0F,0xA0,0x67,0x4C
	add [0xA1], [0x22]	;@raw=0x02,0xA1,0x22
	jmp LABEL_67A8	;@raw=0x07,0x67,0xA8

LABEL_674C:
	jle [0xA4], 0x00, LABEL_6765	;@raw=0x0A,0x05,0xA4,0x00,0x67,0x65
	mov [0xF8], [0xA3]	;@raw=0x01,0xF8,0xA3
	call LABEL_67A9	;@raw=0x04,0x67,0xA9
	jne [0xF8], 0x0FA0, LABEL_6765	;@raw=0x0A,0x41,0xF8,0x0F,0xA0,0x67,0x65
	add [0xA4], [0x22]	;@raw=0x02,0xA4,0x22
	jmp LABEL_67A8	;@raw=0x07,0x67,0xA8

LABEL_6765:
	jle [0xA7], 0x00, LABEL_677E	;@raw=0x0A,0x05,0xA7,0x00,0x67,0x7E
	mov [0xF8], [0xA6]	;@raw=0x01,0xF8,0xA6
	call LABEL_67A9	;@raw=0x04,0x67,0xA9
	jne [0xF8], 0x0FA0, LABEL_677E	;@raw=0x0A,0x41,0xF8,0x0F,0xA0,0x67,0x7E
	add [0xA7], [0x22]	;@raw=0x02,0xA7,0x22
	jmp LABEL_67A8	;@raw=0x07,0x67,0xA8

LABEL_677E:
	jl [0xA1], [0xA4], LABEL_679C	;@raw=0x0A,0x84,0xA1,0xA4,0x67,0x9C
	jl [0xA4], [0xA7], LABEL_6793	;@raw=0x0A,0x84,0xA4,0xA7,0x67,0x93

LABEL_678A:
	jmp LABEL_6700	;@raw=0x07,0x67,0x00
	jg [0xA7], 0x64, LABEL_67A8	;@raw=0x0A,0x02,0xA7,0x64,0x67,0xA8

LABEL_6793:
	jmp LABEL_66EE	;@raw=0x07,0x66,0xEE
	jg [0xA4], 0x64, LABEL_67A8	;@raw=0x0A,0x02,0xA4,0x64,0x67,0xA8

LABEL_679C:
	jg [0xA1], [0xA7], LABEL_678A	;@raw=0x0A,0x82,0xA1,0xA7,0x67,0x8A
	jl [0xA1], 0x64, LABEL_66DC	;@raw=0x0A,0x04,0xA1,0x64,0x66,0xDC

LABEL_67A8:
	ret	;@raw=0x05

LABEL_67A9:
	sub [0xF8], 0x000A	;@raw=0x03,0xF8,0xFF,0xF6
	jl [0x21], [0xF8], LABEL_78B5	;@raw=0x0A,0x84,0x21,0xF8,0x78,0xB5
	add [0xF8], 0x0014	;@raw=0x03,0xF8,0x00,0x14
	jg [0x21], [0xF8], LABEL_78B5	;@raw=0x0A,0x82,0x21,0xF8,0x78,0xB5
	mov [0xF8], 0x0FA0	;@raw=0x00,0xF8,0x0F,0xA0
	ret	;@raw=0x05

LABEL_67C2:
	jl [0xA1], 0x00, LABEL_67DA	;@raw=0x0A,0x04,0xA1,0x00,0x67,0xDA
	mov [0x21], [0xA0]	;@raw=0x01,0x21,0xA0
	mov [0x22], [0xA1]	;@raw=0x01,0x22,0xA1
	mov [0x27], [0xA2]	;@raw=0x01,0x27,0xA2
	call LABEL_683F	;@raw=0x04,0x68,0x3F
	mov [0xA0], [0x21]	;@raw=0x01,0xA0,0x21
	mov [0xA1], [0x22]	;@raw=0x01,0xA1,0x22

LABEL_67DA:
	jl [0xA4], 0x00, LABEL_67F2	;@raw=0x0A,0x04,0xA4,0x00,0x67,0xF2
	mov [0x21], [0xA3]	;@raw=0x01,0x21,0xA3
	mov [0x22], [0xA4]	;@raw=0x01,0x22,0xA4
	mov [0x27], [0xA5]	;@raw=0x01,0x27,0xA5
	call LABEL_683F	;@raw=0x04,0x68,0x3F
	mov [0xA3], [0x21]	;@raw=0x01,0xA3,0x21
	mov [0xA4], [0x22]	;@raw=0x01,0xA4,0x22

LABEL_67F2:
	jl [0xA7], 0x00, LABEL_680A	;@raw=0x0A,0x04,0xA7,0x00,0x68,0x0A
	mov [0x21], [0xA6]	;@raw=0x01,0x21,0xA6
	mov [0x22], [0xA7]	;@raw=0x01,0x22,0xA7
	mov [0x27], [0xA8]	;@raw=0x01,0x27,0xA8
	call LABEL_683F	;@raw=0x04,0x68,0x3F
	mov [0xA6], [0x21]	;@raw=0x01,0xA6,0x21
	mov [0xA7], [0x22]	;@raw=0x01,0xA7,0x22

LABEL_680A:
	jl [0xAA], 0x00, LABEL_6822	;@raw=0x0A,0x04,0xAA,0x00,0x68,0x22
	mov [0x21], [0xA9]	;@raw=0x01,0x21,0xA9
	mov [0x22], [0xAA]	;@raw=0x01,0x22,0xAA
	mov [0x27], [0xAB]	;@raw=0x01,0x27,0xAB
	call LABEL_683F	;@raw=0x04,0x68,0x3F
	mov [0xA9], [0x21]	;@raw=0x01,0xA9,0x21
	mov [0xAA], [0x22]	;@raw=0x01,0xAA,0x22

LABEL_6822:
	jl [0xAD], 0x00, LABEL_683A	;@raw=0x0A,0x04,0xAD,0x00,0x68,0x3A
	mov [0x21], [0xAC]	;@raw=0x01,0x21,0xAC
	mov [0x22], [0xAD]	;@raw=0x01,0x22,0xAD
	mov [0x27], [0xAE]	;@raw=0x01,0x27,0xAE
	call LABEL_683F	;@raw=0x04,0x68,0x3F
	mov [0xAC], [0x21]	;@raw=0x01,0xAC,0x21
	mov [0xAD], [0x22]	;@raw=0x01,0xAD,0x22

LABEL_683A:
	break	;@raw=0x06
	jmp LABEL_67C2	;@raw=0x07,0x67,0xC2
LABEL_683E:
	db 0x11

LABEL_683F:
	mov [0x26], [0x40]	;@raw=0x01,0x26,0x40
	add [0xB8], 0x0001	;@raw=0x03,0xB8,0x00,0x01
	jge [0x27], 0x00, LABEL_6853	;@raw=0x0A,0x03,0x27,0x00,0x68,0x53
	sub [0x27], 0x8000	;@raw=0x03,0x27,0x80,0x00
	mov [0x26], [0x44]	;@raw=0x01,0x26,0x44

LABEL_6853:
	jne [0x27], [HACK_VAR_67], LABEL_68A6	;@raw=0x0A,0x81,0x27,0x67,0x68,0xA6
	jne [0x22], 0x00, LABEL_6867	;@raw=0x0A,0x01,0x22,0x00,0x68,0x67
	video type=1, offset=CINEMATIC_063, x=[0x21], y=[0x26], zoom=0x40	;@raw=0x54,0x09,0xE3,0x21,0x26
	jmp LABEL_68A6	;@raw=0x07,0x68,0xA6

LABEL_6867:
	jl [0x22], 0x2000, LABEL_687A	;@raw=0x0A,0x44,0x22,0x20,0x00,0x68,0x7A
	sub [0x22], 0x2000	;@raw=0x03,0x22,0xE0,0x00
	video type=1, offset=CINEMATIC_063, x=[0x21], y=[0x26], zoom=0x40	;@raw=0x54,0x09,0xE3,0x21,0x26
	jmp LABEL_68A6	;@raw=0x07,0x68,0xA6

LABEL_687A:
	and [0x27], 0x4000	;@raw=0x14,0x27,0x40,0x00
	jne [0x27], 0x00, LABEL_68A6	;@raw=0x0A,0x01,0x27,0x00,0x68,0xA6
	mov [0x27], [0x22]	;@raw=0x01,0x27,0x22
	and [0x27], 0x0003	;@raw=0x14,0x27,0x00,0x03
	jg [0x22], 0x50, LABEL_68D5	;@raw=0x0A,0x02,0x22,0x50,0x68,0xD5
	jg [0x22], 0x32, LABEL_68AC	;@raw=0x0A,0x02,0x22,0x32,0x68,0xAC
	jg [0x22], 0x1E, LABEL_692F	;@raw=0x0A,0x02,0x22,0x1E,0x69,0x2F
	jg [0x22], 0x0F, LABEL_6958	;@raw=0x0A,0x02,0x22,0x0F,0x69,0x58
	jmp LABEL_6981	;@raw=0x07,0x69,0x81

LABEL_68A6:
	sub [0x22], 0x0001	;@raw=0x03,0x22,0xFF,0xFF
	ret	;@raw=0x05
LABEL_68AB:
	db 0x11

LABEL_68AC:
	jne [0x27], 0x03, LABEL_68BE	;@raw=0x0A,0x01,0x27,0x03,0x68,0xBE
	video type=1, offset=CINEMATIC_052, x=[0x21], y=[0x26], zoom=0x40	;@raw=0x54,0x0A,0x2C,0x21,0x26
	sub [0x22], 0x0001	;@raw=0x03,0x22,0xFF,0xFF
	jmp LABEL_68A6	;@raw=0x07,0x68,0xA6

LABEL_68BE:
	jne [0x27], 0x01, LABEL_68CC	;@raw=0x0A,0x01,0x27,0x01,0x68,0xCC
	video type=1, offset=CINEMATIC_681, x=[0x21], y=[0x26], zoom=0x40	;@raw=0x54,0x0A,0x1C,0x21,0x26
	jmp LABEL_68A6	;@raw=0x07,0x68,0xA6

LABEL_68CC:
	video type=1, offset=CINEMATIC_680, x=[0x21], y=[0x26], zoom=0x40	;@raw=0x54,0x0A,0x0C,0x21,0x26
	jmp LABEL_68A6	;@raw=0x07,0x68,0xA6
LABEL_68D4:
	db 0x11

LABEL_68D5:
	jne [0x27], 0x03, LABEL_68EA	;@raw=0x0A,0x01,0x27,0x03,0x68,0xEA
	video type=1, offset=CINEMATIC_679, x=[0x21], y=[0x26], zoom=0x40	;@raw=0x54,0x13,0x51,0x21,0x26
	call LABEL_6907	;@raw=0x04,0x69,0x07
	sub [0x22], 0x0001	;@raw=0x03,0x22,0xFF,0xFF
	jmp LABEL_68A6	;@raw=0x07,0x68,0xA6

LABEL_68EA:
	jne [0x27], 0x01, LABEL_68FB	;@raw=0x0A,0x01,0x27,0x01,0x68,0xFB
	video type=1, offset=CINEMATIC_678, x=[0x21], y=[0x26], zoom=0x40	;@raw=0x54,0x13,0x37,0x21,0x26
	call LABEL_6907	;@raw=0x04,0x69,0x07
	jmp LABEL_68A6	;@raw=0x07,0x68,0xA6

LABEL_68FB:
	video type=1, offset=CINEMATIC_677, x=[0x21], y=[0x26], zoom=0x40	;@raw=0x54,0x13,0x1B,0x21,0x26
	call LABEL_6907	;@raw=0x04,0x69,0x07
	jmp LABEL_68A6	;@raw=0x07,0x68,0xA6
LABEL_6906:
	db 0x11

LABEL_6907:
	jle [0x22], 0x96, LABEL_78B5	;@raw=0x0A,0x05,0x22,0x96,0x78,0xB5
	sub [0x21], 0x0002	;@raw=0x03,0x21,0xFF,0xFE
	video type=1, offset=CINEMATIC_055, x=[0x21], y=[0x26], zoom=0x40	;@raw=0x54,0x13,0x77,0x21,0x26
	add [0x21], 0x0002	;@raw=0x03,0x21,0x00,0x02
	jle [0x22], 0x012C, LABEL_78B5	;@raw=0x0A,0x45,0x22,0x01,0x2C,0x78,0xB5
	add [0x21], 0x0002	;@raw=0x03,0x21,0x00,0x02
	video type=1, offset=CINEMATIC_054, x=[0x21], y=[0x26], zoom=0x40	;@raw=0x54,0x13,0x83,0x21,0x26
	sub [0x21], 0x0002	;@raw=0x03,0x21,0xFF,0xFE
	ret	;@raw=0x05

LABEL_692F:
	jne [0x27], 0x03, LABEL_6941	;@raw=0x0A,0x01,0x27,0x03,0x69,0x41
	video type=1, offset=CINEMATIC_054, x=[0x21], y=[0x26], zoom=0x40	;@raw=0x54,0x13,0x83,0x21,0x26
	sub [0x22], 0x0001	;@raw=0x03,0x22,0xFF,0xFF
	jmp LABEL_68A6	;@raw=0x07,0x68,0xA6

LABEL_6941:
	jne [0x27], 0x01, LABEL_694F	;@raw=0x0A,0x01,0x27,0x01,0x69,0x4F
	video type=1, offset=CINEMATIC_055, x=[0x21], y=[0x26], zoom=0x40	;@raw=0x54,0x13,0x77,0x21,0x26
	jmp LABEL_68A6	;@raw=0x07,0x68,0xA6

LABEL_694F:
	video type=1, offset=CINEMATIC_682, x=[0x21], y=[0x26], zoom=0x40	;@raw=0x54,0x13,0x69,0x21,0x26
	jmp LABEL_68A6	;@raw=0x07,0x68,0xA6
LABEL_6957:
	db 0x11

LABEL_6958:
	jne [0x27], 0x03, LABEL_696A	;@raw=0x0A,0x01,0x27,0x03,0x69,0x6A
	video type=1, offset=CINEMATIC_057, x=[0x21], y=[0x26], zoom=0x40	;@raw=0x54,0x13,0xA2,0x21,0x26
	sub [0x22], 0x0001	;@raw=0x03,0x22,0xFF,0xFF
	jmp LABEL_68A6	;@raw=0x07,0x68,0xA6

LABEL_696A:
	jne [0x27], 0x01, LABEL_6978	;@raw=0x0A,0x01,0x27,0x01,0x69,0x78
	video type=1, offset=CINEMATIC_056, x=[0x21], y=[0x26], zoom=0x40	;@raw=0x54,0x13,0x99,0x21,0x26
	jmp LABEL_68A6	;@raw=0x07,0x68,0xA6

LABEL_6978:
	video type=1, offset=CINEMATIC_053, x=[0x21], y=[0x26], zoom=0x40	;@raw=0x54,0x13,0x8F,0x21,0x26
	jmp LABEL_68A6	;@raw=0x07,0x68,0xA6
LABEL_6980:
	db 0x11

LABEL_6981:
	jne [0x27], 0x03, LABEL_6993	;@raw=0x0A,0x01,0x27,0x03,0x69,0x93
	video type=1, offset=CINEMATIC_685, x=[0x21], y=[0x26], zoom=0x40	;@raw=0x54,0x13,0xB9,0x21,0x26
	sub [0x22], 0x0001	;@raw=0x03,0x22,0xFF,0xFF
	jmp LABEL_68A6	;@raw=0x07,0x68,0xA6

LABEL_6993:
	jne [0x27], 0x01, LABEL_69A1	;@raw=0x0A,0x01,0x27,0x01,0x69,0xA1
	video type=1, offset=CINEMATIC_684, x=[0x21], y=[0x26], zoom=0x40	;@raw=0x54,0x13,0xB0,0x21,0x26
	jmp LABEL_68A6	;@raw=0x07,0x68,0xA6

LABEL_69A1:
	video type=1, offset=CINEMATIC_683, x=[0x21], y=[0x26], zoom=0x40	;@raw=0x54,0x13,0xAA,0x21,0x26
	jmp LABEL_68A6	;@raw=0x07,0x68,0xA6
LABEL_69A9:
	db 0x11

LABEL_69AA:
	mov [0x22], [0x40]	;@raw=0x01,0x22,0x40
	sub [0x22], 0x0028	;@raw=0x03,0x22,0xFF,0xD8
	ret	;@raw=0x05

LABEL_69B2:
	call LABEL_69AA	;@raw=0x04,0x69,0xAA
	video type=1, offset=CINEMATIC_064, x=5, y=[0x22], zoom=0x40	;@raw=0x64,0x0E,0x6F,0x05,0x22
	break	;@raw=0x06
	call LABEL_69AA	;@raw=0x04,0x69,0xAA
	video type=1, offset=CINEMATIC_065, x=10, y=[0x22], zoom=0x40	;@raw=0x64,0x0E,0x85,0x0A,0x22
	break	;@raw=0x06
	call LABEL_69AA	;@raw=0x04,0x69,0xAA
	video type=1, offset=CINEMATIC_066, x=15, y=[0x22], zoom=0x40	;@raw=0x64,0x0E,0x9D,0x0F,0x22
	break	;@raw=0x06
	video type=1, offset=CINEMATIC_063, x=16, y=[0x40], zoom=0x40	;@raw=0x64,0x09,0xE3,0x10,0x40
	break	;@raw=0x06
	video type=1, offset=CINEMATIC_062, x=17, y=[0x40], zoom=0x40	;@raw=0x64,0x09,0xFF,0x11,0x40
	mov [0x21], 0x0011	;@raw=0x00,0x21,0x00,0x11
	mov [0x08], [0x40]	;@raw=0x01,0x08,0x40
	mov [0x10], [HACK_VAR_67]	;@raw=0x01,0x10,0x67
	call LABEL_666C	;@raw=0x04,0x66,0x6C
	killChannel	;@raw=0x11

LABEL_69E6:
	call LABEL_69AA	;@raw=0x04,0x69,0xAA
	video type=1, offset=CINEMATIC_064, x=315, y=[0x22], zoom=0x40	;@raw=0x74,0x0E,0x6F,0x3B,0x22
	break	;@raw=0x06
	call LABEL_69AA	;@raw=0x04,0x69,0xAA
	video type=1, offset=CINEMATIC_065, x=307, y=[0x22], zoom=0x40	;@raw=0x74,0x0E,0x85,0x33,0x22
	break	;@raw=0x06
	call LABEL_69AA	;@raw=0x04,0x69,0xAA
	video type=1, offset=CINEMATIC_066, x=303, y=[0x22], zoom=0x40	;@raw=0x74,0x0E,0x9D,0x2F,0x22
	break	;@raw=0x06
	video type=1, offset=CINEMATIC_063, x=300, y=[0x40], zoom=0x40	;@raw=0x74,0x09,0xE3,0x2C,0x40
	break	;@raw=0x06
	video type=1, offset=CINEMATIC_062, x=299, y=[0x40], zoom=0x40	;@raw=0x74,0x09,0xFF,0x2B,0x40
	mov [0x21], 0x0122	;@raw=0x00,0x21,0x01,0x22
	mov [0x08], [0x40]	;@raw=0x01,0x08,0x40
	mov [0x10], [HACK_VAR_67]	;@raw=0x01,0x10,0x67
	call LABEL_666C	;@raw=0x04,0x66,0x6C
	killChannel	;@raw=0x11

LABEL_6A1A:
	mov [0x21], [0x01]	;@raw=0x01,0x21,0x01
	add [0xB8], 0x0007	;@raw=0x03,0xB8,0x00,0x07
	mov [0x22], [0x02]	;@raw=0x01,0x22,0x02
	mov [0xF8], [0x04]	;@raw=0x01,0xF8,0x04
	jl [0xF8], 0x4000, LABEL_6A31	;@raw=0x0A,0x44,0xF8,0x40,0x00,0x6A,0x31
	call LABEL_9A18	;@raw=0x04,0x9A,0x18

LABEL_6A31:
	and [0xF8], 0x003F	;@raw=0x14,0xF8,0x00,0x3F
	sub [0x22], 0x0016	;@raw=0x03,0x22,0xFF,0xEA
	jl [0xF8], 0x20, LABEL_6A56	;@raw=0x0A,0x04,0xF8,0x20,0x6A,0x56
	sub [0xF8], 0x0020	;@raw=0x03,0xF8,0xFF,0xE0
	sub [0x22], 0x0011	;@raw=0x03,0x22,0xFF,0xEF
	sub [0x21], 0x0023	;@raw=0x03,0x21,0xFF,0xDD
	jl [0xF8], 0x10, LABEL_6A64	;@raw=0x0A,0x04,0xF8,0x10,0x6A,0x64
	add [0x21], 0x0042	;@raw=0x03,0x21,0x00,0x42
	ret	;@raw=0x05

LABEL_6A56:
	sub [0x21], 0x0021	;@raw=0x03,0x21,0xFF,0xDF
	jl [0xF8], 0x10, LABEL_6A64	;@raw=0x0A,0x04,0xF8,0x10,0x6A,0x64
	add [0x21], 0x003E	;@raw=0x03,0x21,0x00,0x3E

LABEL_6A64:
	ret	;@raw=0x05
LABEL_6A65:
	db 0x11

LABEL_6A66:
	mov [0x21], [0x01]	;@raw=0x01,0x21,0x01
	add [0xB8], 0x0007	;@raw=0x03,0xB8,0x00,0x07
	mov [0x22], [0x02]	;@raw=0x01,0x22,0x02
	mov [0xF8], [0x04]	;@raw=0x01,0xF8,0x04
	jl [0xF8], 0x4000, LABEL_6A7D	;@raw=0x0A,0x44,0xF8,0x40,0x00,0x6A,0x7D
	call LABEL_9A18	;@raw=0x04,0x9A,0x18

LABEL_6A7D:
	and [0xF8], 0x003F	;@raw=0x14,0xF8,0x00,0x3F
	sub [0x22], 0x0016	;@raw=0x03,0x22,0xFF,0xEA
	jl [0xF8], 0x20, LABEL_6AA2	;@raw=0x0A,0x04,0xF8,0x20,0x6A,0xA2
	sub [0xF8], 0x0020	;@raw=0x03,0xF8,0xFF,0xE0
	sub [0x22], 0x0011	;@raw=0x03,0x22,0xFF,0xEF
	sub [0x21], 0x0022	;@raw=0x03,0x21,0xFF,0xDE
	jl [0xF8], 0x10, LABEL_6AB0	;@raw=0x0A,0x04,0xF8,0x10,0x6A,0xB0
	add [0x21], 0x0041	;@raw=0x03,0x21,0x00,0x41
	ret	;@raw=0x05

LABEL_6AA2:
	sub [0x21], 0x0020	;@raw=0x03,0x21,0xFF,0xE0
	jl [0xF8], 0x10, LABEL_6AB0	;@raw=0x0A,0x04,0xF8,0x10,0x6A,0xB0
	add [0x21], 0x003D	;@raw=0x03,0x21,0x00,0x3D

LABEL_6AB0:
	ret	;@raw=0x05
LABEL_6AB1:
	db 0x11

LABEL_6AB2:
	mov [0x0F], 0x0000	;@raw=0x00,0x0F,0x00,0x00
	jle [0x06], 0x00, LABEL_6C10	;@raw=0x0A,0x05,0x06,0x00,0x6C,0x10

LABEL_6ABC:
	break	;@raw=0x06
	add [0x0F], 0x0001	;@raw=0x03,0x0F,0x00,0x01
	jge [0x04], 0x4000, LABEL_6C10	;@raw=0x0A,0x43,0x04,0x40,0x00,0x6C,0x10
	jne [HERO_POS_LEFT_RIGHT], 0x00, LABEL_6C10	;@raw=0x0A,0x01,0xFC,0x00,0x6C,0x10
	je [HERO_POS_JUMP_DOWN], 0xFFFF, LABEL_6C10	;@raw=0x0A,0x40,0xFB,0xFF,0xFF,0x6C,0x10
	je [HERO_ACTION], 0x00, LABEL_6C10	;@raw=0x0A,0x00,0xFA,0x00,0x6C,0x10
	jl [0x0F], 0x04, LABEL_6ABC	;@raw=0x0A,0x04,0x0F,0x04,0x6A,0xBC
	call LABEL_6A66	;@raw=0x04,0x6A,0x66
	video type=1, offset=CINEMATIC_058, x=[0x21], y=[0x22], zoom=0x40	;@raw=0x54,0x09,0xB5,0x21,0x22
	break	;@raw=0x06
	call LABEL_6A66	;@raw=0x04,0x6A,0x66
	video type=1, offset=CINEMATIC_059, x=[0x21], y=[0x22], zoom=0x40	;@raw=0x54,0x09,0xBF,0x21,0x22
	break	;@raw=0x06
	call LABEL_6A66	;@raw=0x04,0x6A,0x66
	video type=1, offset=CINEMATIC_060, x=[0x21], y=[0x22], zoom=0x40	;@raw=0x54,0x09,0xC9,0x21,0x22
	break	;@raw=0x06
	jge [0x04], 0x4000, LABEL_6C10	;@raw=0x0A,0x43,0x04,0x40,0x00,0x6C,0x10
	call LABEL_6A66	;@raw=0x04,0x6A,0x66
	video type=1, offset=CINEMATIC_061, x=[0x21], y=[0x22], zoom=0x40	;@raw=0x54,0x0A,0x06,0x21,0x22
	play id=0x005B, freq=0x14, vol=0x40, channel=0x01	;@raw=0x18,0x00,0x5B,0x14,0x40,0x01
	je [HERO_ACTION], 0x00, LABEL_6BEF	;@raw=0x0A,0x00,0xFA,0x00,0x6B,0xEF
	jmp LABEL_6B8D	;@raw=0x07,0x6B,0x8D
LABEL_6B1A:
	db 0x11

LABEL_6B1B:
	mov [0x0F], 0x0000	;@raw=0x00,0x0F,0x00,0x00
	jle [0x06], 0x00, LABEL_6C10	;@raw=0x0A,0x05,0x06,0x00,0x6C,0x10

LABEL_6B25:
	break	;@raw=0x06
	add [0x0F], 0x0001	;@raw=0x03,0x0F,0x00,0x01
	jge [0x04], 0x4000, LABEL_6C10	;@raw=0x0A,0x43,0x04,0x40,0x00,0x6C,0x10
	je [HERO_ACTION], 0x00, LABEL_6C10	;@raw=0x0A,0x00,0xFA,0x00,0x6C,0x10
	jne [HERO_POS_LEFT_RIGHT], 0x00, LABEL_6C10	;@raw=0x0A,0x01,0xFC,0x00,0x6C,0x10
	je [HERO_POS_JUMP_DOWN], 0xFFFF, LABEL_6C10	;@raw=0x0A,0x40,0xFB,0xFF,0xFF,0x6C,0x10
	jl [0x0F], 0x04, LABEL_6B25	;@raw=0x0A,0x04,0x0F,0x04,0x6B,0x25
	call LABEL_6A66	;@raw=0x04,0x6A,0x66
	video type=1, offset=CINEMATIC_058, x=[0x21], y=[0x22], zoom=0x40	;@raw=0x54,0x09,0xB5,0x21,0x22
	break	;@raw=0x06
	call LABEL_6A66	;@raw=0x04,0x6A,0x66
	video type=1, offset=CINEMATIC_059, x=[0x21], y=[0x22], zoom=0x40	;@raw=0x54,0x09,0xBF,0x21,0x22
	break	;@raw=0x06
	call LABEL_6A66	;@raw=0x04,0x6A,0x66
	video type=1, offset=CINEMATIC_060, x=[0x21], y=[0x22], zoom=0x40	;@raw=0x54,0x09,0xC9,0x21,0x22
	break	;@raw=0x06
	jge [0x04], 0x4000, LABEL_6C10	;@raw=0x0A,0x43,0x04,0x40,0x00,0x6C,0x10
	call LABEL_6A66	;@raw=0x04,0x6A,0x66
	video type=1, offset=CINEMATIC_075, x=[0x21], y=[0x22], zoom=0x40	;@raw=0x54,0x09,0xD5,0x21,0x22
	play id=0x005B, freq=0x14, vol=0x40, channel=0x01	;@raw=0x18,0x00,0x5B,0x14,0x40,0x01
	jne [HERO_POS_LEFT_RIGHT], 0x00, LABEL_6C10	;@raw=0x0A,0x01,0xFC,0x00,0x6C,0x10
	je [HERO_POS_JUMP_DOWN], 0xFFFF, LABEL_6C10	;@raw=0x0A,0x40,0xFB,0xFF,0xFF,0x6C,0x10
	je [HERO_ACTION], 0x00, LABEL_6BEF	;@raw=0x0A,0x00,0xFA,0x00,0x6B,0xEF

LABEL_6B8D:
	break	;@raw=0x06
	jne [HERO_POS_LEFT_RIGHT], 0x00, LABEL_6BE7	;@raw=0x0A,0x01,0xFC,0x00,0x6B,0xE7
	je [HERO_POS_JUMP_DOWN], 0xFFFF, LABEL_6BE7	;@raw=0x0A,0x40,0xFB,0xFF,0xFF,0x6B,0xE7
	je [HERO_ACTION], 0x00, LABEL_6BE7	;@raw=0x0A,0x00,0xFA,0x00,0x6B,0xE7
	call LABEL_6A66	;@raw=0x04,0x6A,0x66
	video type=1, offset=CINEMATIC_064, x=[0x21], y=[0x22], zoom=0x40	;@raw=0x54,0x0E,0x6F,0x21,0x22
	break	;@raw=0x06
	je [HERO_ACTION], 0x00, LABEL_6BE7	;@raw=0x0A,0x00,0xFA,0x00,0x6B,0xE7
	call LABEL_6A66	;@raw=0x04,0x6A,0x66
	video type=1, offset=CINEMATIC_065, x=[0x21], y=[0x22], zoom=0x40	;@raw=0x54,0x0E,0x85,0x21,0x22
	break	;@raw=0x06
	je [HERO_ACTION], 0x00, LABEL_6BE7	;@raw=0x0A,0x00,0xFA,0x00,0x6B,0xE7
	call LABEL_6A66	;@raw=0x04,0x6A,0x66
	video type=1, offset=CINEMATIC_066, x=[0x21], y=[0x22], zoom=0x40	;@raw=0x54,0x0E,0x9D,0x21,0x22
	break	;@raw=0x06
	je [HERO_ACTION], 0x00, LABEL_6BE7	;@raw=0x0A,0x00,0xFA,0x00,0x6B,0xE7
	call LABEL_6A66	;@raw=0x04,0x6A,0x66
	video type=1, offset=CINEMATIC_065, x=[0x21], y=[0x22], zoom=0x40	;@raw=0x54,0x0E,0x85,0x21,0x22
	add [0x0F], 0x0004	;@raw=0x03,0x0F,0x00,0x04
	jl [0x0F], 0x14, LABEL_6B8D	;@raw=0x0A,0x04,0x0F,0x14,0x6B,0x8D
	break	;@raw=0x06
	je [HERO_ACTION], 0x01, LABEL_6C5C	;@raw=0x0A,0x00,0xFA,0x01,0x6C,0x5C

LABEL_6BE7:
	call LABEL_6A66	;@raw=0x04,0x6A,0x66
	video type=1, offset=CINEMATIC_063, x=[0x21], y=[0x02], zoom=0x40	;@raw=0x54,0x09,0xE3,0x21,0x02

LABEL_6BEF:
	break	;@raw=0x06
	play id=0x0058, freq=0x14, vol=0x40, channel=0x01	;@raw=0x18,0x00,0x58,0x14,0x40,0x01
	call LABEL_6A66	;@raw=0x04,0x6A,0x66
	video type=1, offset=CINEMATIC_062, x=[0x21], y=[0x02], zoom=0x40	;@raw=0x54,0x09,0xFF,0x21,0x02
	jge [HACK_VAR_67], 0x03E8, LABEL_6C15	;@raw=0x0A,0x43,0x67,0x03,0xE8,0x6C,0x15
	sub [0x06], 0x000A	;@raw=0x03,0x06,0xFF,0xF6
	call LABEL_66C2	;@raw=0x04,0x66,0xC2
	mov [0x0F], 0x0000	;@raw=0x00,0x0F,0x00,0x00

LABEL_6C10:
	mov [0x0F], 0x0000	;@raw=0x00,0x0F,0x00,0x00
	killChannel	;@raw=0x11

LABEL_6C15:
	break	;@raw=0x06
	call LABEL_6A66	;@raw=0x04,0x6A,0x66
	video type=1, offset=CINEMATIC_052, x=[0x21], y=[0x02], zoom=0x40	;@raw=0x54,0x0A,0x2C,0x21,0x02
	sub [0x21], 0x0005	;@raw=0x03,0x21,0xFF,0xFB
	video type=1, offset=CINEMATIC_053, x=[0x21], y=[0x02], zoom=0x40	;@raw=0x54,0x13,0x8F,0x21,0x02
	add [0x21], 0x000A	;@raw=0x03,0x21,0x00,0x0A
	video type=1, offset=CINEMATIC_054, x=[0x21], y=[0x02], zoom=0x40	;@raw=0x54,0x13,0x83,0x21,0x02
	break	;@raw=0x06
	call LABEL_6A66	;@raw=0x04,0x6A,0x66
	sub [0x21], 0x0007	;@raw=0x03,0x21,0xFF,0xF9
	video type=1, offset=CINEMATIC_055, x=[0x21], y=[0x02], zoom=0x40	;@raw=0x54,0x13,0x77,0x21,0x02
	sub [0x21], 0x000A	;@raw=0x03,0x21,0xFF,0xF6
	video type=1, offset=CINEMATIC_056, x=[0x21], y=[0x02], zoom=0x40	;@raw=0x54,0x13,0x99,0x21,0x02
	add [0x21], 0x0018	;@raw=0x03,0x21,0x00,0x18
	video type=1, offset=CINEMATIC_053, x=[0x21], y=[0x02], zoom=0x40	;@raw=0x54,0x13,0x8F,0x21,0x02
	add [0x21], 0x000A	;@raw=0x03,0x21,0x00,0x0A
	video type=1, offset=CINEMATIC_057, x=[0x21], y=[0x02], zoom=0x40	;@raw=0x54,0x13,0xA2,0x21,0x02
	jmp LABEL_6C10	;@raw=0x07,0x6C,0x10
LABEL_6C5B:
	db 0x11

LABEL_6C5C:
	call LABEL_6A66	;@raw=0x04,0x6A,0x66
	video type=1, offset=CINEMATIC_067, x=[0x21], y=[0x22], zoom=0x40	;@raw=0x54,0x0E,0xA3,0x21,0x22
	play id=0x0059, freq=0x14, vol=0x40, channel=0x01	;@raw=0x18,0x00,0x59,0x14,0x40,0x01
	break	;@raw=0x06
	call LABEL_6A66	;@raw=0x04,0x6A,0x66
	video type=1, offset=CINEMATIC_068, x=[0x21], y=[0x22], zoom=0x40	;@raw=0x54,0x0E,0xB9,0x21,0x22

LABEL_6C73:
	break	;@raw=0x06
	call LABEL_6A1A	;@raw=0x04,0x6A,0x1A
	video type=1, offset=CINEMATIC_069, x=[0x21], y=[0x22], zoom=0x40	;@raw=0x54,0x0E,0xD1,0x21,0x22
	jne [HERO_POS_LEFT_RIGHT], 0x00, LABEL_6CD4	;@raw=0x0A,0x01,0xFC,0x00,0x6C,0xD4
	je [HERO_POS_JUMP_DOWN], 0xFFFF, LABEL_6CD4	;@raw=0x0A,0x40,0xFB,0xFF,0xFF,0x6C,0xD4
	je [HERO_ACTION], 0x00, LABEL_6CD4	;@raw=0x0A,0x00,0xFA,0x00,0x6C,0xD4
	break	;@raw=0x06
	call LABEL_6A1A	;@raw=0x04,0x6A,0x1A
	video type=1, offset=CINEMATIC_070, x=[0x21], y=[0x22], zoom=0x40	;@raw=0x54,0x0E,0xEB,0x21,0x22
	je [HERO_ACTION], 0x00, LABEL_6CD4	;@raw=0x0A,0x00,0xFA,0x00,0x6C,0xD4
	je [HERO_POS_JUMP_DOWN], 0xFFFF, LABEL_6CD4	;@raw=0x0A,0x40,0xFB,0xFF,0xFF,0x6C,0xD4
	break	;@raw=0x06
	call LABEL_6A1A	;@raw=0x04,0x6A,0x1A
	video type=1, offset=CINEMATIC_071, x=[0x21], y=[0x22], zoom=0x40	;@raw=0x54,0x0F,0x05,0x21,0x22
	je [HERO_ACTION], 0x00, LABEL_6CD4	;@raw=0x0A,0x00,0xFA,0x00,0x6C,0xD4
	je [HERO_POS_JUMP_DOWN], 0xFFFF, LABEL_6CD4	;@raw=0x0A,0x40,0xFB,0xFF,0xFF,0x6C,0xD4
	break	;@raw=0x06
	call LABEL_6A1A	;@raw=0x04,0x6A,0x1A
	video type=1, offset=CINEMATIC_072, x=[0x21], y=[0x22], zoom=0x40	;@raw=0x54,0x0F,0x0B,0x21,0x22
	je [HERO_ACTION], 0x00, LABEL_6CD4	;@raw=0x0A,0x00,0xFA,0x00,0x6C,0xD4
	je [HERO_POS_JUMP_DOWN], 0xFFFF, LABEL_6CD4	;@raw=0x0A,0x40,0xFB,0xFF,0xFF,0x6C,0xD4
	jmp LABEL_6C73	;@raw=0x07,0x6C,0x73

LABEL_6CD4:
	break	;@raw=0x06
	sub [0x06], 0x0032	;@raw=0x03,0x06,0xFF,0xCE
	call LABEL_6A1A	;@raw=0x04,0x6A,0x1A
	mov [0x90], [0x21]	;@raw=0x01,0x90,0x21
	mov [0x91], [0x22]	;@raw=0x01,0x91,0x22
	mov [0x88], 0x0064	;@raw=0x00,0x88,0x00,0x64
	or [0x88], 0x8000	;@raw=0x15,0x88,0x80,0x00
	mov [0xF8], [0x04]	;@raw=0x01,0xF8,0x04
	and [0xF8], 0x0010	;@raw=0x14,0xF8,0x00,0x10
	add [0x90], 0x0001	;@raw=0x03,0x90,0x00,0x01
	jne [0xF8], 0x00, LABEL_6D03	;@raw=0x0A,0x01,0xF8,0x00,0x6D,0x03
	sub [0x90], 0x0002	;@raw=0x03,0x90,0xFF,0xFE
	or [0x91], 0x4000	;@raw=0x15,0x91,0x40,0x00

LABEL_6D03:
	mov [0x0F], 0x0000	;@raw=0x00,0x0F,0x00,0x00
	killChannel	;@raw=0x11

LABEL_6D08:
	call LABEL_6D96	;@raw=0x04,0x6D,0x96
	jg [0x22], [0x21], LABEL_6D1A	;@raw=0x0A,0x82,0x22,0x21,0x6D,0x1A
	mov [0xF8], [0x09]	;@raw=0x01,0xF8,0x09
	sub [0xF8], [0x22]	;@raw=0x13,0xF8,0x22
	jmp LABEL_6D20	;@raw=0x07,0x6D,0x20

LABEL_6D1A:
	mov [0xF8], [0x22]	;@raw=0x01,0xF8,0x22
	sub [0xF8], [0x09]	;@raw=0x13,0xF8,0x09

LABEL_6D20:
	jle [0xF8], 0xDC, LABEL_6D5A	;@raw=0x0A,0x05,0xF8,0xDC,0x6D,0x5A
	call LABEL_30B6	;@raw=0x04,0x30,0xB6
	and [0x38], 0x00FF	;@raw=0x14,0x38,0x00,0xFF
	jg [0xF8], 0xDC, LABEL_6D3C	;@raw=0x0A,0x02,0xF8,0xDC,0x6D,0x3C
	jg [0x38], 0x55, LABEL_6D5A	;@raw=0x0A,0x02,0x38,0x55,0x6D,0x5A
	jmp LABEL_6D59	;@raw=0x07,0x6D,0x59

LABEL_6D3C:
	jg [0xF8], 0x0118, LABEL_6D4C	;@raw=0x0A,0x42,0xF8,0x01,0x18,0x6D,0x4C
	jg [0x38], 0x87, LABEL_6D5A	;@raw=0x0A,0x02,0x38,0x87,0x6D,0x5A
	jmp LABEL_6D59	;@raw=0x07,0x6D,0x59

LABEL_6D4C:
	jg [0xF8], 0x0154, LABEL_6D59	;@raw=0x0A,0x42,0xF8,0x01,0x54,0x6D,0x59
	jg [0x38], 0xF5, LABEL_6D5A	;@raw=0x0A,0x02,0x38,0xF5,0x6D,0x5A

LABEL_6D59:
	ret	;@raw=0x05

LABEL_6D5A:
	je [0x29], 0x01, LABEL_6D67	;@raw=0x0A,0x00,0x29,0x01,0x6D,0x67
	jmp LABEL_6DFD	;@raw=0x07,0x6D,0xFD
LABEL_6D63:
	db 0x11

LABEL_6D64:
	call LABEL_6D96	;@raw=0x04,0x6D,0x96

LABEL_6D67:
	jne [0x6A], [HACK_VAR_67], LABEL_6D7D	;@raw=0x0A,0x81,0x6A,0x67,0x6D,0x7D
	mov [0x24], [0x68]	;@raw=0x01,0x24,0x68
	mov [0x25], [0x69]	;@raw=0x01,0x25,0x69
	mov [0x26], [0x6B]	;@raw=0x01,0x26,0x6B
	mov [0x1C], 0x0028	;@raw=0x00,0x1C,0x00,0x28
	call LABEL_6E93	;@raw=0x04,0x6E,0x93

LABEL_6D7D:
	mov [0x24], [0x01]	;@raw=0x01,0x24,0x01
	mov [0x25], [0x02]	;@raw=0x01,0x25,0x02
	mov [0x26], [0x04]	;@raw=0x01,0x26,0x04
	mov [0x1C], 0x001E	;@raw=0x00,0x1C,0x00,0x1E
	call LABEL_6E64	;@raw=0x04,0x6E,0x64
	ret	;@raw=0x05
	killChannel	;@raw=0x11
	call LABEL_6D96	;@raw=0x04,0x6D,0x96
	jmp LABEL_6DFD	;@raw=0x07,0x6D,0xFD
LABEL_6D95:
	db 0x11

LABEL_6D96:
	mov [0x1D], 0x0000	;@raw=0x00,0x1D,0x00,0x00
	call LABEL_74AB	;@raw=0x04,0x74,0xAB
	jl [0xA1], 0x00, LABEL_6DB0	;@raw=0x0A,0x04,0xA1,0x00,0x6D,0xB0
	mov [0x24], [0xA0]	;@raw=0x01,0x24,0xA0
	mov [0x26], [0xA2]	;@raw=0x01,0x26,0xA2
	mov [0x1C], 0x0014	;@raw=0x00,0x1C,0x00,0x14
	call LABEL_6E2A	;@raw=0x04,0x6E,0x2A

LABEL_6DB0:
	jl [0xA4], 0x00, LABEL_6DC3	;@raw=0x0A,0x04,0xA4,0x00,0x6D,0xC3
	mov [0x24], [0xA3]	;@raw=0x01,0x24,0xA3
	mov [0x26], [0xA5]	;@raw=0x01,0x26,0xA5
	mov [0x1C], 0x0015	;@raw=0x00,0x1C,0x00,0x15
	call LABEL_6E2A	;@raw=0x04,0x6E,0x2A

LABEL_6DC3:
	jl [0xA7], 0x00, LABEL_6DD6	;@raw=0x0A,0x04,0xA7,0x00,0x6D,0xD6
	mov [0x24], [0xA6]	;@raw=0x01,0x24,0xA6
	mov [0x26], [0xA8]	;@raw=0x01,0x26,0xA8
	mov [0x1C], 0x0016	;@raw=0x00,0x1C,0x00,0x16
	call LABEL_6E2A	;@raw=0x04,0x6E,0x2A

LABEL_6DD6:
	jl [0xAA], 0x00, LABEL_6DE9	;@raw=0x0A,0x04,0xAA,0x00,0x6D,0xE9
	mov [0x24], [0xA9]	;@raw=0x01,0x24,0xA9
	mov [0x26], [0xAB]	;@raw=0x01,0x26,0xAB
	mov [0x1C], 0x0017	;@raw=0x00,0x1C,0x00,0x17
	call LABEL_6E2A	;@raw=0x04,0x6E,0x2A

LABEL_6DE9:
	jl [0xAD], 0x00, LABEL_6DFC	;@raw=0x0A,0x04,0xAD,0x00,0x6D,0xFC
	mov [0x24], [0xAC]	;@raw=0x01,0x24,0xAC
	mov [0x26], [0xAE]	;@raw=0x01,0x26,0xAE
	mov [0x1C], 0x0018	;@raw=0x00,0x1C,0x00,0x18
	call LABEL_6E2A	;@raw=0x04,0x6E,0x2A

LABEL_6DFC:
	ret	;@raw=0x05

LABEL_6DFD:
	jne [0x72], [HACK_VAR_67], LABEL_6E13	;@raw=0x0A,0x81,0x72,0x67,0x6E,0x13
	mov [0x24], [0x70]	;@raw=0x01,0x24,0x70
	mov [0x25], [0x71]	;@raw=0x01,0x25,0x71
	mov [0x26], [0x73]	;@raw=0x01,0x26,0x73
	mov [0x1C], 0x0029	;@raw=0x00,0x1C,0x00,0x29
	call LABEL_6E93	;@raw=0x04,0x6E,0x93

LABEL_6E13:
	jne [0x7A], [HACK_VAR_67], LABEL_6E29	;@raw=0x0A,0x81,0x7A,0x67,0x6E,0x29
	mov [0x24], [0x78]	;@raw=0x01,0x24,0x78
	mov [0x25], [0x79]	;@raw=0x01,0x25,0x79
	mov [0x26], [0x7B]	;@raw=0x01,0x26,0x7B
	mov [0x1C], 0x002A	;@raw=0x00,0x1C,0x00,0x2A
	call LABEL_6E93	;@raw=0x04,0x6E,0x93

LABEL_6E29:
	ret	;@raw=0x05

LABEL_6E2A:
	jl [0x26], 0x00, LABEL_6E36	;@raw=0x0A,0x04,0x26,0x00,0x6E,0x36
	mov [0x25], [0x40]	;@raw=0x01,0x25,0x40
	jmp LABEL_6E39	;@raw=0x07,0x6E,0x39

LABEL_6E36:
	mov [0x25], [0x44]	;@raw=0x01,0x25,0x44

LABEL_6E39:
	and [0x26], 0x00FF	;@raw=0x14,0x26,0x00,0xFF
	jne [HACK_VAR_67], [0x26], LABEL_6EED	;@raw=0x0A,0x81,0x67,0x26,0x6E,0xED
	jg [0x27], [0x25], LABEL_6EED	;@raw=0x0A,0x82,0x27,0x25,0x6E,0xED
	sub [0x25], 0x0046	;@raw=0x03,0x25,0xFF,0xBA
	jmp LABEL_6EC0	;@raw=0x07,0x6E,0xC0
	jge [0x1C], 0x4000, LABEL_6EED	;@raw=0x0A,0x43,0x1C,0x40,0x00,0x6E,0xED
	jg [0x27], [0x25], LABEL_6EED	;@raw=0x0A,0x82,0x27,0x25,0x6E,0xED
	sub [0x25], 0x0010	;@raw=0x03,0x25,0xFF,0xF0
	jmp LABEL_6EC0	;@raw=0x07,0x6E,0xC0

LABEL_6E64:
	jge [0x26], 0x4000, LABEL_6EED	;@raw=0x0A,0x43,0x26,0x40,0x00,0x6E,0xED
	jg [0x27], [0x25], LABEL_6EED	;@raw=0x0A,0x82,0x27,0x25,0x6E,0xED
	jne [0x26], 0x08, LABEL_6E7E	;@raw=0x0A,0x01,0x26,0x08,0x6E,0x7E
	sub [0x25], 0x000A	;@raw=0x03,0x25,0xFF,0xF6
	jmp LABEL_6EC0	;@raw=0x07,0x6E,0xC0

LABEL_6E7E:
	sub [0x25], 0x0020	;@raw=0x03,0x25,0xFF,0xE0
	and [0x26], 0x0020	;@raw=0x14,0x26,0x00,0x20
	jl [0x26], 0x20, LABEL_6EC0	;@raw=0x0A,0x04,0x26,0x20,0x6E,0xC0
	sub [0x25], 0x0010	;@raw=0x03,0x25,0xFF,0xF0
	jmp LABEL_6EC0	;@raw=0x07,0x6E,0xC0

LABEL_6E93:
	jge [0x26], 0x4000, LABEL_6EED	;@raw=0x0A,0x43,0x26,0x40,0x00,0x6E,0xED
	jl [0x24], 0x00, LABEL_6EED	;@raw=0x0A,0x04,0x24,0x00,0x6E,0xED
	jg [0x24], 0x0140, LABEL_6EED	;@raw=0x0A,0x42,0x24,0x01,0x40,0x6E,0xED
	jg [0x27], [0x25], LABEL_6EED	;@raw=0x0A,0x82,0x27,0x25,0x6E,0xED
	sub [0x25], 0x0032	;@raw=0x03,0x25,0xFF,0xCE
	jl [0x26], 0x2000, LABEL_6EC0	;@raw=0x0A,0x44,0x26,0x20,0x00,0x6E,0xC0
	sub [0x26], 0x2000	;@raw=0x03,0x26,0xE0,0x00
	sub [0x25], 0x0010	;@raw=0x03,0x25,0xFF,0xF0

LABEL_6EC0:
	jl [0x27], [0x25], LABEL_6EED	;@raw=0x0A,0x84,0x27,0x25,0x6E,0xED
	jg [0x21], [0x22], LABEL_6EDB	;@raw=0x0A,0x82,0x21,0x22,0x6E,0xDB
	jl [0x24], [0x21], LABEL_6EED	;@raw=0x0A,0x84,0x24,0x21,0x6E,0xED
	jg [0x24], [0x22], LABEL_6EED	;@raw=0x0A,0x82,0x24,0x22,0x6E,0xED
	jmp LABEL_6EE7	;@raw=0x07,0x6E,0xE7

LABEL_6EDB:
	jg [0x24], [0x21], LABEL_6EED	;@raw=0x0A,0x82,0x24,0x21,0x6E,0xED
	jl [0x24], [0x22], LABEL_6EED	;@raw=0x0A,0x84,0x24,0x22,0x6E,0xED

LABEL_6EE7:
	mov [0x22], [0x24]	;@raw=0x01,0x22,0x24
	mov [0x1D], [0x1C]	;@raw=0x01,0x1D,0x1C

LABEL_6EED:
	ret	;@raw=0x05

LABEL_6EEE:
	mov [0x2B], [0x01]	;@raw=0x01,0x2B,0x01
	mov [0x2C], [0x01]	;@raw=0x01,0x2C,0x01
	mov [0x29], 0x000A	;@raw=0x00,0x29,0x00,0x0A

LABEL_6EF8:
	add [0x2B], 0x0002	;@raw=0x03,0x2B,0x00,0x02
	mov [0x21], [0x2B]	;@raw=0x01,0x21,0x2B
	mov [0x22], [0x02]	;@raw=0x01,0x22,0x02
	mov [0x23], 0x0000	;@raw=0x00,0x23,0x00,0x00
	call LABEL_72CA	;@raw=0x04,0x72,0xCA
	sub [0x22], [0x02]	;@raw=0x13,0x22,0x02
	jl [0x22], 0x10, LABEL_78B5	;@raw=0x0A,0x04,0x22,0x10,0x78,0xB5
	sub [0x2C], 0x0002	;@raw=0x03,0x2C,0xFF,0xFE
	mov [0x21], [0x2C]	;@raw=0x01,0x21,0x2C
	mov [0x22], [0x02]	;@raw=0x01,0x22,0x02
	mov [0x23], 0x0000	;@raw=0x00,0x23,0x00,0x00
	call LABEL_72CA	;@raw=0x04,0x72,0xCA
	sub [0x22], [0x02]	;@raw=0x13,0x22,0x02
	sub [0x29], 0x0001	;@raw=0x03,0x29,0xFF,0xFF
	jl [0x29], 0x00, LABEL_78B5	;@raw=0x0A,0x04,0x29,0x00,0x78,0xB5
	jge [0x22], 0x10, LABEL_6EF8	;@raw=0x0A,0x03,0x22,0x10,0x6E,0xF8
	mov [0x2B], [0x2C]	;@raw=0x01,0x2B,0x2C
	ret	;@raw=0x05
LABEL_6F3A:
	db 0x11

LABEL_6F3B:
	add [0x01], [0x34]	;@raw=0x02,0x01,0x34
	add [0x02], [0x35]	;@raw=0x02,0x02,0x35
	call LABEL_72BC	;@raw=0x04,0x72,0xBC
	mov [0x0E], [0x34]	;@raw=0x01,0x0E,0x34
	jge [0x0E], 0x00, LABEL_6F54	;@raw=0x0A,0x03,0x0E,0x00,0x6F,0x54
	mov [0x34], 0x0000	;@raw=0x00,0x34,0x00,0x00
	sub [0x34], [0x0E]	;@raw=0x13,0x34,0x0E

LABEL_6F54:
	jl [0x02], [0x22], LABEL_7043	;@raw=0x0A,0x84,0x02,0x22,0x70,0x43
	mov [0x10], [0x34]	;@raw=0x01,0x10,0x34
	mov [0x0D], [0x02]	;@raw=0x01,0x0D,0x02
	sub [0x0D], [0x22]	;@raw=0x13,0x0D,0x22
	mov [0x02], [0x22]	;@raw=0x01,0x02,0x22
	mov [0xF8], [0x23]	;@raw=0x01,0xF8,0x23
	and [0xF8], 0x0007	;@raw=0x14,0xF8,0x00,0x07
	je [0x23], 0x00, LABEL_7043	;@raw=0x0A,0x00,0x23,0x00,0x70,0x43
	jne [0xF8], 0x00, LABEL_6F8D	;@raw=0x0A,0x01,0xF8,0x00,0x6F,0x8D
	mov [0x2B], 0x0000	;@raw=0x00,0x2B,0x00,0x00
	mov [0x2C], 0x001C	;@raw=0x00,0x2C,0x00,0x1C
	mov [0x11], 0x0000	;@raw=0x00,0x11,0x00,0x00
	shr [0x10], 0x0003	;@raw=0x17,0x10,0x00,0x03
	shr [0x0D], 0x0003	;@raw=0x17,0x0D,0x00,0x03

LABEL_6F8D:
	jne [0xF8], 0x01, LABEL_6FA7	;@raw=0x0A,0x01,0xF8,0x01,0x6F,0xA7
	mov [0x2B], 0x0000	;@raw=0x00,0x2B,0x00,0x00
	mov [0x2C], 0x001C	;@raw=0x00,0x2C,0x00,0x1C
	mov [0x11], 0x0002	;@raw=0x00,0x11,0x00,0x02
	shr [0x10], 0x0002	;@raw=0x17,0x10,0x00,0x02
	shr [0x0D], 0x0002	;@raw=0x17,0x0D,0x00,0x02

LABEL_6FA7:
	jne [0xF8], 0x02, LABEL_6FC1	;@raw=0x0A,0x01,0xF8,0x02,0x6F,0xC1
	mov [0x2B], 0x0005	;@raw=0x00,0x2B,0x00,0x05
	mov [0x2C], 0x001A	;@raw=0x00,0x2C,0x00,0x1A
	mov [0x11], 0x0006	;@raw=0x00,0x11,0x00,0x06
	shr [0x10], 0x0001	;@raw=0x17,0x10,0x00,0x01
	shr [0x0D], 0x0002	;@raw=0x17,0x0D,0x00,0x02

LABEL_6FC1:
	jne [0xF8], 0x03, LABEL_6FD3	;@raw=0x0A,0x01,0xF8,0x03,0x6F,0xD3
	mov [0x2B], 0x000A	;@raw=0x00,0x2B,0x00,0x0A
	mov [0x2C], 0x0014	;@raw=0x00,0x2C,0x00,0x14
	mov [0x11], 0x0007	;@raw=0x00,0x11,0x00,0x07

LABEL_6FD3:
	jne [0xF8], 0x04, LABEL_6FE9	;@raw=0x0A,0x01,0xF8,0x04,0x6F,0xE9
	mov [0x2B], 0x0004	;@raw=0x00,0x2B,0x00,0x04
	mov [0x2C], 0x0008	;@raw=0x00,0x2C,0x00,0x08
	mov [0x11], 0x0005	;@raw=0x00,0x11,0x00,0x05
	mov [0x10], 0x0008	;@raw=0x00,0x10,0x00,0x08

LABEL_6FE9:
	jne [0xF8], 0x05, LABEL_6FFF	;@raw=0x0A,0x01,0xF8,0x05,0x6F,0xFF
	mov [0x2B], 0x0001	;@raw=0x00,0x2B,0x00,0x01
	mov [0x2C], 0x0004	;@raw=0x00,0x2C,0x00,0x04
	mov [0x11], 0x0005	;@raw=0x00,0x11,0x00,0x05
	mov [0x10], 0x0008	;@raw=0x00,0x10,0x00,0x08

LABEL_6FFF:
	mov [0xF8], [0x23]	;@raw=0x01,0xF8,0x23
	and [0xF8], 0x0008	;@raw=0x14,0xF8,0x00,0x08
	sub [0x34], 0x0004	;@raw=0x03,0x34,0xFF,0xFC
	add [0x11], [0x0D]	;@raw=0x02,0x11,0x0D
	je [0xF8], 0x00, LABEL_701C	;@raw=0x0A,0x00,0xF8,0x00,0x70,0x1C
	jg [0x0E], 0x00, LABEL_7028	;@raw=0x0A,0x02,0x0E,0x00,0x70,0x28
	jmp LABEL_7022	;@raw=0x07,0x70,0x22

LABEL_701C:
	jl [0x0E], 0x00, LABEL_7028	;@raw=0x0A,0x04,0x0E,0x00,0x70,0x28

LABEL_7022:
	sub [0x34], [0x11]	;@raw=0x13,0x34,0x11
	jmp LABEL_702B	;@raw=0x07,0x70,0x2B

LABEL_7028:
	add [0x34], [0x11]	;@raw=0x02,0x34,0x11

LABEL_702B:
	jg [0x34], [0x2B], LABEL_7034	;@raw=0x0A,0x82,0x34,0x2B,0x70,0x34
	mov [0x34], [0x2B]	;@raw=0x01,0x34,0x2B

LABEL_7034:
	jle [0x34], [0x2C], LABEL_703D	;@raw=0x0A,0x85,0x34,0x2C,0x70,0x3D
	mov [0x34], [0x2C]	;@raw=0x01,0x34,0x2C

LABEL_703D:
	mov [0x35], [0x10]	;@raw=0x01,0x35,0x10
	jmp LABEL_705B	;@raw=0x07,0x70,0x5B

LABEL_7043:
	add [0x35], 0x0008	;@raw=0x03,0x35,0x00,0x08
	je [0x34], 0x00, LABEL_705B	;@raw=0x0A,0x00,0x34,0x00,0x70,0x5B
	sub [0x34], 0x0002	;@raw=0x03,0x34,0xFF,0xFE
	jge [0x34], 0x00, LABEL_705B	;@raw=0x0A,0x03,0x34,0x00,0x70,0x5B
	mov [0x34], 0x0000	;@raw=0x00,0x34,0x00,0x00

LABEL_705B:
	jge [0x0E], 0x00, LABEL_78B5	;@raw=0x0A,0x03,0x0E,0x00,0x78,0xB5
	mov [0x0E], [0x34]	;@raw=0x01,0x0E,0x34
	mov [0x34], 0x0000	;@raw=0x00,0x34,0x00,0x00
	sub [0x34], [0x0E]	;@raw=0x13,0x34,0x0E
	ret	;@raw=0x05
LABEL_706C:
	db 0x11

LABEL_706D:
	mov [0x21], [0x01]	;@raw=0x01,0x21,0x01
	mov [0x22], [0x02]	;@raw=0x01,0x22,0x02
	mov [0x23], 0x0000	;@raw=0x00,0x23,0x00,0x00
	mov [0xF8], [0x04]	;@raw=0x01,0xF8,0x04
	and [0xF8], 0x0010	;@raw=0x14,0xF8,0x00,0x10
	sub [0x21], 0x0014	;@raw=0x03,0x21,0xFF,0xEC
	je [0xF8], 0x00, LABEL_708C	;@raw=0x0A,0x00,0xF8,0x00,0x70,0x8C
	add [0x21], 0x0028	;@raw=0x03,0x21,0x00,0x28

LABEL_708C:
	call LABEL_72CA	;@raw=0x04,0x72,0xCA
	sub [0x22], [0x02]	;@raw=0x13,0x22,0x02
	call LABEL_741D	;@raw=0x04,0x74,0x1D
	jl [0x22], 0x10, LABEL_78B5	;@raw=0x0A,0x04,0x22,0x10,0x78,0xB5
	setup channel=0x14, address=LABEL_7187	;@raw=0x08,0x14,0x71,0x87
	mov [0x35], 0x0000	;@raw=0x00,0x35,0x00,0x00
	sub [0x34], 0x000D	;@raw=0x03,0x34,0xFF,0xF3
	add [0x01], 0x0019	;@raw=0x03,0x01,0x00,0x19
	je [0xF8], 0x00, LABEL_78B5	;@raw=0x0A,0x00,0xF8,0x00,0x78,0xB5
	sub [0x01], 0x0032	;@raw=0x03,0x01,0xFF,0xCE
	add [0x34], 0x001A	;@raw=0x03,0x34,0x00,0x1A
	ret	;@raw=0x05

LABEL_70BA:
	mov [0x63], 0x0064	;@raw=0x00,0x63,0x00,0x64
	call LABEL_6EEE	;@raw=0x04,0x6E,0xEE
	mov [0x34], 0xFFFB	;@raw=0x00,0x34,0xFF,0xFB
	mov [0x35], 0x0008	;@raw=0x00,0x35,0x00,0x08
	call LABEL_B660	;@raw=0x04,0xB6,0x60
	setup channel=0x14, address=LABEL_7187	;@raw=0x08,0x14,0x71,0x87
	jge [0x2B], [0x01], LABEL_78B5	;@raw=0x0A,0x83,0x2B,0x01,0x78,0xB5
	mov [0x34], 0x0005	;@raw=0x00,0x34,0x00,0x05
	call LABEL_B65B	;@raw=0x04,0xB6,0x5B
	setup channel=0x14, address=LABEL_7187	;@raw=0x08,0x14,0x71,0x87
	ret	;@raw=0x05

LABEL_70E2:
	mov [0x2F], [0x35]	;@raw=0x01,0x2F,0x35
	call LABEL_6F3B	;@raw=0x04,0x6F,0x3B
	mov [0x34], 0x0000	;@raw=0x00,0x34,0x00,0x00
	jg [0x02], 0xF0, LABEL_70F8	;@raw=0x0A,0x02,0x02,0xF0,0x70,0xF8
	jge [0x02], [0x22], LABEL_7123	;@raw=0x0A,0x83,0x02,0x22,0x71,0x23

LABEL_70F8:
	jl [0x04], 0x00, LABEL_711F	;@raw=0x0A,0x04,0x04,0x00,0x71,0x1F
	jl [0x2F], 0x1E, LABEL_710C	;@raw=0x0A,0x04,0x2F,0x1E,0x71,0x0C
	video type=1, offset=CINEMATIC_083, x=[0x01], y=[0x02], zoom=0x40	;@raw=0x54,0x2D,0x71,0x01,0x02
	jmp LABEL_711F	;@raw=0x07,0x71,0x1F

LABEL_710C:
	jl [0x2F], 0x14, LABEL_711A	;@raw=0x0A,0x04,0x2F,0x14,0x71,0x1A
	video type=1, offset=CINEMATIC_082, x=[0x01], y=[0x02], zoom=0x40	;@raw=0x54,0x2D,0x5D,0x01,0x02
	jmp LABEL_711F	;@raw=0x07,0x71,0x1F

LABEL_711A:
	video type=0, offset=COMMON_VIDEO_139, x=[0x01], y=[0x02], zoom=0x40	;@raw=0x57,0x23,0xAA,0x01,0x02

LABEL_711F:
	break	;@raw=0x06
	jmp LABEL_70E2	;@raw=0x07,0x70,0xE2

LABEL_7123:
	jl [0x2F], 0x1E, LABEL_715C	;@raw=0x0A,0x04,0x2F,0x1E,0x71,0x5C
	mov [SCROLL_Y], 0xFFFC	;@raw=0x00,0xF9,0xFF,0xFC
	video type=1, offset=CINEMATIC_085, x=[0x01], y=[0x02], zoom=0x40	;@raw=0x54,0x2D,0x8E,0x01,0x02
	call LABEL_7171	;@raw=0x04,0x71,0x71
	break	;@raw=0x06
	video type=1, offset=CINEMATIC_086, x=[0x01], y=[0x02], zoom=0x40	;@raw=0x54,0x2D,0xB4,0x01,0x02
	call LABEL_7171	;@raw=0x04,0x71,0x71
	break	;@raw=0x06
	video type=1, offset=CINEMATIC_087, x=[0x01], y=[0x02], zoom=0x40	;@raw=0x54,0x2D,0xD2,0x01,0x02
	call LABEL_7171	;@raw=0x04,0x71,0x71
	or [0x04], 0x4000	;@raw=0x15,0x04,0x40,0x00
	setup channel=0x3F, address=LABEL_1392	;@raw=0x08,0x3F,0x13,0x92

LABEL_714F:
	break	;@raw=0x06
	video type=1, offset=CINEMATIC_088, x=[0x01], y=[0x02], zoom=0x40	;@raw=0x54,0x2D,0xF2,0x01,0x02
	call LABEL_7171	;@raw=0x04,0x71,0x71
	jmp LABEL_714F	;@raw=0x07,0x71,0x4F
LABEL_715B:
	db 0x11

LABEL_715C:
	jl [0x04], 0x00, LABEL_7170	;@raw=0x0A,0x04,0x04,0x00,0x71,0x70
	mov [SCROLL_Y], 0x0001	;@raw=0x00,0xF9,0x00,0x01
	setup channel=0x3C, address=LABEL_2E73	;@raw=0x08,0x3C,0x2E,0x73
	call LABEL_B656	;@raw=0x04,0xB6,0x56
	jmp LABEL_BA37	;@raw=0x07,0xBA,0x37

LABEL_7170:
	killChannel	;@raw=0x11

LABEL_7171:
	video type=1, offset=CINEMATIC_084, x=320, y=184, zoom=0x40	;@raw=0x78,0x2E,0x18,0x40,0xB8
	video type=1, offset=CINEMATIC_084, x=16, y=184	;@raw=0xAE,0x18,0x10,0xB8
	ret	;@raw=0x05

JUNK__717B:
	video type=1, offset=CINEMATIC_084, x=160, y=19	;@raw=0xAE,0x18,0xA0,0x13
	break	;@raw=0x06
	jl [0x02], 0x64, JUNK__717B	;@raw=0x0A,0x04,0x02,0x64,0x71,0x7B
	killChannel	;@raw=0x11

LABEL_7187:
	mov [0x2D], [0x35]	;@raw=0x01,0x2D,0x35
	mov [0x2E], [0x01]	;@raw=0x01,0x2E,0x01
	mov [0x2F], [0x02]	;@raw=0x01,0x2F,0x02
	call LABEL_6F3B	;@raw=0x04,0x6F,0x3B
	jl [0x2F], [0x22], LABEL_71B5	;@raw=0x0A,0x84,0x2F,0x22,0x71,0xB5
	mov [0xF8], [0x2F]	;@raw=0x01,0xF8,0x2F
	sub [0xF8], [0x22]	;@raw=0x13,0xF8,0x22
	jl [0xF8], 0x09, LABEL_71B5	;@raw=0x0A,0x04,0xF8,0x09,0x71,0xB5
	mov [0x01], [0x2E]	;@raw=0x01,0x01,0x2E
	mov [0x02], [0x2F]	;@raw=0x01,0x02,0x2F
	add [0x02], [0x35]	;@raw=0x02,0x02,0x35
	mov [0x34], 0x0000	;@raw=0x00,0x34,0x00,0x00
	jmp LABEL_71BB	;@raw=0x07,0x71,0xBB

LABEL_71B5:
	jge [0x02], [0x22], LABEL_71F6	;@raw=0x0A,0x83,0x02,0x22,0x71,0xF6

LABEL_71BB:
	mov [0xF8], [0x04]	;@raw=0x01,0xF8,0x04
	and [0xF8], 0x0010	;@raw=0x14,0xF8,0x00,0x10
	je [0xF8], 0x10, LABEL_71D1	;@raw=0x0A,0x00,0xF8,0x10,0x71,0xD1
	video type=1, offset=CINEMATIC_081, x=[0x01], y=[0x02], zoom=0x40	;@raw=0x54,0x23,0x66,0x01,0x02
	break	;@raw=0x06
	jmp LABEL_7187	;@raw=0x07,0x71,0x87

LABEL_71D1:
	jl [0x34], 0x05, LABEL_71DF	;@raw=0x0A,0x04,0x34,0x05,0x71,0xDF
	video type=1, offset=CINEMATIC_080, x=[0x01], y=[0x02], zoom=0x40	;@raw=0x54,0x0A,0x3C,0x01,0x02
	jmp LABEL_71F2	;@raw=0x07,0x71,0xF2

LABEL_71DF:
	jl [0x34], 0x03, LABEL_71ED	;@raw=0x0A,0x04,0x34,0x03,0x71,0xED
	video type=1, offset=CINEMATIC_079, x=[0x01], y=[0x02], zoom=0x40	;@raw=0x54,0x23,0x7A,0x01,0x02
	jmp LABEL_71F2	;@raw=0x07,0x71,0xF2

LABEL_71ED:
	video type=1, offset=CINEMATIC_079, x=[0x01], y=[0x02], zoom=0x40	;@raw=0x54,0x23,0x7A,0x01,0x02

LABEL_71F2:
	break	;@raw=0x06
	jmp LABEL_7187	;@raw=0x07,0x71,0x87

LABEL_71F6:
	mov [0xF8], [0x04]	;@raw=0x01,0xF8,0x04
	and [0xF8], 0x0010	;@raw=0x14,0xF8,0x00,0x10
	play id=0x0060, freq=0x14, vol=0x40, channel=0x01	;@raw=0x18,0x00,0x60,0x14,0x40,0x01
	je [0xF8], 0x10, LABEL_7245	;@raw=0x0A,0x00,0xF8,0x10,0x72,0x45
	je [HACK_VAR_67], 0x88, LABEL_722F	;@raw=0x0A,0x00,0x67,0x88,0x72,0x2F
	je [HACK_VAR_67], 0x89, LABEL_722F	;@raw=0x0A,0x00,0x67,0x89,0x72,0x2F
	video type=1, offset=CINEMATIC_076, x=[0x01], y=[0x02], zoom=0x40	;@raw=0x54,0x03,0x48,0x01,0x02
	break	;@raw=0x06
	mov [0x03], 0x0003	;@raw=0x00,0x03,0x00,0x03
	play id=0x0060, freq=0x14, vol=0x40, channel=0x00	;@raw=0x18,0x00,0x60,0x14,0x40,0x00

LABEL_7225:
	video type=1, offset=CINEMATIC_078, x=[0x01], y=[0x02], zoom=0x40	;@raw=0x54,0x03,0x36,0x01,0x02
	break	;@raw=0x06
	djnz [0x03], LABEL_7225	;@raw=0x09,0x03,0x72,0x25

LABEL_722F:
	mov [0x63], 0x0001	;@raw=0x00,0x63,0x00,0x01
	call LABEL_B642	;@raw=0x04,0xB6,0x42
	video type=1, offset=CINEMATIC_076, x=[0x01], y=[0x02], zoom=0x40	;@raw=0x54,0x03,0x48,0x01,0x02
	break	;@raw=0x06
	video type=1, offset=CINEMATIC_077, x=[0x01], y=[0x02], zoom=0x40	;@raw=0x54,0x03,0x5A,0x01,0x02
	jmp LABEL_BCB1	;@raw=0x07,0xBC,0xB1
LABEL_7244:
	db 0x11

LABEL_7245:
	je [HACK_VAR_67], 0x88, LABEL_7274	;@raw=0x0A,0x00,0x67,0x88,0x72,0x74
	je [HACK_VAR_67], 0x89, LABEL_7274	;@raw=0x0A,0x00,0x67,0x89,0x72,0x74
	video type=1, offset=CINEMATIC_073, x=[0x01], y=[0x02], zoom=0x40	;@raw=0x54,0x02,0x74,0x01,0x02
	break	;@raw=0x06
	mov [0x03], 0x0003	;@raw=0x00,0x03,0x00,0x03
	call LABEL_30C6	;@raw=0x04,0x30,0xC6
	jg [0x3A], 0x01, LABEL_726A	;@raw=0x0A,0x02,0x3A,0x01,0x72,0x6A
	play id=0x0079, freq=0x14, vol=0x40, channel=0x01	;@raw=0x18,0x00,0x79,0x14,0x40,0x01

LABEL_726A:
	video type=0, offset=COMMON_VIDEO_335, x=[0x01], y=[0x02], zoom=0x40	;@raw=0x57,0x30,0xD8,0x01,0x02
	break	;@raw=0x06
	djnz [0x03], LABEL_726A	;@raw=0x09,0x03,0x72,0x6A

LABEL_7274:
	mov [0x63], 0x0002	;@raw=0x00,0x63,0x00,0x02
	call LABEL_B647	;@raw=0x04,0xB6,0x47
	video type=1, offset=CINEMATIC_073, x=[0x01], y=[0x02], zoom=0x40	;@raw=0x54,0x02,0x74,0x01,0x02
	break	;@raw=0x06
	video type=1, offset=CINEMATIC_074, x=[0x01], y=[0x02], zoom=0x40	;@raw=0x54,0x02,0xA6,0x01,0x02
	jmp LABEL_BE71	;@raw=0x07,0xBE,0x71
LABEL_7289:
	db 0x11

LABEL_728A:
	call LABEL_6F3B	;@raw=0x04,0x6F,0x3B
	mov [0x63], 0x0064	;@raw=0x00,0x63,0x00,0x64
	call LABEL_B65B	;@raw=0x04,0xB6,0x5B
	mov [0x2B], [0x23]	;@raw=0x01,0x2B,0x23
	and [0x2B], 0x000F	;@raw=0x14,0x2B,0x00,0x0F
	je [0x34], 0x00, LABEL_72AF	;@raw=0x0A,0x00,0x34,0x00,0x72,0xAF
	jl [0x34], 0x00, LABEL_72AA	;@raw=0x0A,0x04,0x34,0x00,0x72,0xAA
	jmp LABEL_72AA	;@raw=0x07,0x72,0xAA

LABEL_72AA:
	break	;@raw=0x06
	jmp LABEL_728A	;@raw=0x07,0x72,0x8A
LABEL_72AE:
	db 0x11

LABEL_72AF:
	sub [0x01], 0x0001	;@raw=0x03,0x01,0xFF,0xFF
	break	;@raw=0x06
	mov [0x63], 0x0001	;@raw=0x00,0x63,0x00,0x01
	jmp LABEL_BCBE	;@raw=0x07,0xBC,0xBE
LABEL_72BB:
	db 0x11

LABEL_72BC:
	mov [0x21], [0x01]	;@raw=0x01,0x21,0x01
	mov [0x22], [0x02]	;@raw=0x01,0x22,0x02
	mov [0x23], 0x0000	;@raw=0x00,0x23,0x00,0x00
	call LABEL_72CA	;@raw=0x04,0x72,0xCA
	ret	;@raw=0x05

LABEL_72CA:
	je [HACK_VAR_67], 0x4D, LABEL_78B5	;@raw=0x0A,0x00,0x67,0x4D,0x78,0xB5
	je [HACK_VAR_67], 0x2A, LABEL_A0D8	;@raw=0x0A,0x00,0x67,0x2A,0xA0,0xD8
	je [HACK_VAR_67], 0x6A, LABEL_A019	;@raw=0x0A,0x00,0x67,0x6A,0xA0,0x19
	je [HACK_VAR_67], 0x6C, LABEL_A0AC	;@raw=0x0A,0x00,0x67,0x6C,0xA0,0xAC
	je [HACK_VAR_67], 0x6D, LABEL_A0C2	;@raw=0x0A,0x00,0x67,0x6D,0xA0,0xC2
	je [HACK_VAR_67], 0x6E, LABEL_9FAC	;@raw=0x0A,0x00,0x67,0x6E,0x9F,0xAC
	je [HACK_VAR_67], 0x8A, LABEL_A110	;@raw=0x0A,0x00,0x67,0x8A,0xA1,0x10
	je [HACK_VAR_67], 0x8B, LABEL_A155	;@raw=0x0A,0x00,0x67,0x8B,0xA1,0x55
	je [HACK_VAR_67], 0x8D, LABEL_A0E7	;@raw=0x0A,0x00,0x67,0x8D,0xA0,0xE7
	je [HACK_VAR_67], 0xAB, LABEL_A2EA	;@raw=0x0A,0x00,0x67,0xAB,0xA2,0xEA
	je [HACK_VAR_67], 0xCB, LABEL_9ED6	;@raw=0x0A,0x00,0x67,0xCB,0x9E,0xD6
	jg [0x22], [0x41], LABEL_7316	;@raw=0x0A,0x82,0x22,0x41,0x73,0x16
	mov [0x22], [0x44]	;@raw=0x01,0x22,0x44
	ret	;@raw=0x05

LABEL_7316:
	mov [0x22], [0x40]	;@raw=0x01,0x22,0x40
	ret	;@raw=0x05

LABEL_731A:
	mov [0x21], [0x07]	;@raw=0x01,0x21,0x07
	mov [0x22], [0x08]	;@raw=0x01,0x22,0x08
	mov [0x23], 0x0000	;@raw=0x00,0x23,0x00,0x00
	mov [0x24], [HACK_VAR_67]	;@raw=0x01,0x24,0x67
	mov [0x25], [0x35]	;@raw=0x01,0x25,0x35
	mov [HACK_VAR_67], [0x10]	;@raw=0x01,0x67,0x10
	mov [0x35], 0x0000	;@raw=0x00,0x35,0x00,0x00
	call LABEL_72CA	;@raw=0x04,0x72,0xCA
	mov [HACK_VAR_67], [0x24]	;@raw=0x01,0x67,0x24
	mov [0x35], [0x25]	;@raw=0x01,0x35,0x25
	jne [0x10], 0x6B, LABEL_78B5	;@raw=0x0A,0x01,0x10,0x6B,0x78,0xB5
	mov [0x22], 0x0099	;@raw=0x00,0x22,0x00,0x99
	ret	;@raw=0x05

LABEL_7345:
	mov [0x21], [0x07]	;@raw=0x01,0x21,0x07
	mov [0x22], [0x08]	;@raw=0x01,0x22,0x08
	mov [0x23], 0x0000	;@raw=0x00,0x23,0x00,0x00
	jl [0x07], 0xC3, LABEL_7359	;@raw=0x0A,0x04,0x07,0xC3,0x73,0x59
	mov [0x22], 0x00D2	;@raw=0x00,0x22,0x00,0xD2

LABEL_7359:
	call LABEL_72CA	;@raw=0x04,0x72,0xCA
	mov [0x08], [0x22]	;@raw=0x01,0x08,0x22
	ret	;@raw=0x05

LABEL_7360:
	mov [0xF8], [0x32]	;@raw=0x01,0xF8,0x32
	and [0xF8], 0x0001	;@raw=0x14,0xF8,0x00,0x01
	jne [0xF8], 0x00, LABEL_78B5	;@raw=0x0A,0x01,0xF8,0x00,0x78,0xB5
	call LABEL_72BC	;@raw=0x04,0x72,0xBC
	mov [0xF8], [0x04]	;@raw=0x01,0xF8,0x04
	and [0xF8], 0x0004	;@raw=0x14,0xF8,0x00,0x04
	je [0xF8], 0x00, LABEL_7386	;@raw=0x0A,0x00,0xF8,0x00,0x73,0x86
	jl [0x02], [0x22], LABEL_78B5	;@raw=0x0A,0x84,0x02,0x22,0x78,0xB5
	jmp LABEL_73CA	;@raw=0x07,0x73,0xCA

LABEL_7386:
	mov [0xF8], [0x22]	;@raw=0x01,0xF8,0x22
	sub [0xF8], [0x02]	;@raw=0x13,0xF8,0x02
	call LABEL_740B	;@raw=0x04,0x74,0x0B
	jl [0xF8], 0x10, LABEL_73CA	;@raw=0x0A,0x04,0xF8,0x10,0x73,0xCA
	jg [0x63], 0x02, LABEL_73BC	;@raw=0x0A,0x02,0x63,0x02,0x73,0xBC
	jne [HERO_POS_LEFT_RIGHT], 0x00, LABEL_73BC	;@raw=0x0A,0x01,0xFC,0x00,0x73,0xBC
	call LABEL_6EEE	;@raw=0x04,0x6E,0xEE
	mov [0x21], [0x01]	;@raw=0x01,0x21,0x01
	mov [0x22], [0x2B]	;@raw=0x01,0x22,0x2B
	call LABEL_564A	;@raw=0x04,0x56,0x4A
	jg [0x26], 0x0A, LABEL_73BC	;@raw=0x0A,0x02,0x26,0x0A,0x73,0xBC
	mov [0x01], [0x2B]	;@raw=0x01,0x01,0x2B
	call LABEL_72BC	;@raw=0x04,0x72,0xBC
	jmp LABEL_73CA	;@raw=0x07,0x73,0xCA

LABEL_73BC:
	call LABEL_70BA	;@raw=0x04,0x70,0xBA
	jne [HACK_VAR_67], 0x25, LABEL_78B5	;@raw=0x0A,0x01,0x67,0x25,0x78,0xB5
	setup channel=0x14, address=LABEL_70E2	;@raw=0x08,0x14,0x70,0xE2
	ret	;@raw=0x05

LABEL_73CA:
	mov [0x02], [0x22]	;@raw=0x01,0x02,0x22
	mov [0xF8], [0x23]	;@raw=0x01,0xF8,0x23
	and [0xF8], 0x0010	;@raw=0x14,0xF8,0x00,0x10
	je [0xF8], 0x00, LABEL_78B5	;@raw=0x0A,0x00,0xF8,0x00,0x78,0xB5
	je [0x63], 0x05, LABEL_78B5	;@raw=0x0A,0x00,0x63,0x05,0x78,0xB5
	je [0x63], 0x06, LABEL_78B5	;@raw=0x0A,0x00,0x63,0x06,0x78,0xB5
	je [0x63], 0x64, LABEL_78B5	;@raw=0x0A,0x00,0x63,0x64,0x78,0xB5
	mov [0x34], 0xFFF6	;@raw=0x00,0x34,0xFF,0xF6
	mov [0xF8], [0x23]	;@raw=0x01,0xF8,0x23
	and [0xF8], 0x0008	;@raw=0x14,0xF8,0x00,0x08
	je [0xF8], 0x00, LABEL_7401	;@raw=0x0A,0x00,0xF8,0x00,0x74,0x01
	mov [0x34], 0x0004	;@raw=0x00,0x34,0x00,0x04

LABEL_7401:
	mov [0x35], 0x0006	;@raw=0x00,0x35,0x00,0x06
	setup channel=0x14, address=LABEL_728A	;@raw=0x08,0x14,0x72,0x8A
	ret	;@raw=0x05
LABEL_740A:
	db 0x11

LABEL_740B:
	je [HACK_VAR_67], 0x88, LABEL_7418	;@raw=0x0A,0x00,0x67,0x88,0x74,0x18
	je [HACK_VAR_67], 0x89, LABEL_7418	;@raw=0x0A,0x00,0x67,0x89,0x74,0x18
	ret	;@raw=0x05

LABEL_7418:
	sub [0xF8], 0x0010	;@raw=0x03,0xF8,0xFF,0xF0
	ret	;@raw=0x05

LABEL_741D:
	je [HACK_VAR_67], 0x88, LABEL_742A	;@raw=0x0A,0x00,0x67,0x88,0x74,0x2A
	je [HACK_VAR_67], 0x89, LABEL_742A	;@raw=0x0A,0x00,0x67,0x89,0x74,0x2A
	ret	;@raw=0x05

LABEL_742A:
	sub [0x22], 0x0010	;@raw=0x03,0x22,0xFF,0xF0
	ret	;@raw=0x05

LABEL_742F:
	je [0x0F], 0x00, LABEL_743F	;@raw=0x0A,0x00,0x0F,0x00,0x74,0x3F
	mov [0x2A], 0x002A	;@raw=0x00,0x2A,0x00,0x2A
	je [0x28], [0x01], LABEL_743F	;@raw=0x0A,0x80,0x28,0x01,0x74,0x3F

LABEL_743F:
	jl [0x32], 0x08, LABEL_7449	;@raw=0x0A,0x04,0x32,0x08,0x74,0x49
	mov [0x28], [0x01]	;@raw=0x01,0x28,0x01
	ret	;@raw=0x05

LABEL_7449:
	call LABEL_B28A	;@raw=0x04,0xB2,0x8A
	mov [0x22], [0x01]	;@raw=0x01,0x22,0x01
	jne [HACK_VAR_67], 0xAA, LABEL_745B	;@raw=0x0A,0x01,0x67,0xAA,0x74,0x5B
	jl [0x02], 0x96, LABEL_7467	;@raw=0x0A,0x04,0x02,0x96,0x74,0x67

LABEL_745B:
	jl [0x01], [0x28], LABEL_7491	;@raw=0x0A,0x84,0x01,0x28,0x74,0x91
	jg [0x01], [0x28], LABEL_7474	;@raw=0x0A,0x82,0x01,0x28,0x74,0x74

LABEL_7467:
	mov [0x21], [0x04]	;@raw=0x01,0x21,0x04
	and [0x21], 0x0010	;@raw=0x14,0x21,0x00,0x10
	je [0x21], 0x00, LABEL_7491	;@raw=0x0A,0x00,0x21,0x00,0x74,0x91

LABEL_7474:
	mov [0x21], [0x28]	;@raw=0x01,0x21,0x28
	add [0x22], [0x2A]	;@raw=0x02,0x22,0x2A
	call LABEL_74B9	;@raw=0x04,0x74,0xB9
	sub [0x22], [0x2A]	;@raw=0x13,0x22,0x2A
	jge [0x22], [0x01], LABEL_748D	;@raw=0x0A,0x83,0x22,0x01,0x74,0x8D
	mov [0x01], [0x22]	;@raw=0x01,0x01,0x22
	mov [0x28], [0x01]	;@raw=0x01,0x28,0x01
	ret	;@raw=0x05

LABEL_748D:
	mov [0x28], [0x01]	;@raw=0x01,0x28,0x01
	ret	;@raw=0x05

LABEL_7491:
	mov [0x21], [0x28]	;@raw=0x01,0x21,0x28
	sub [0x22], [0x2A]	;@raw=0x13,0x22,0x2A
	call LABEL_74B9	;@raw=0x04,0x74,0xB9
	add [0x22], [0x2A]	;@raw=0x02,0x22,0x2A
	jle [0x22], [0x01], LABEL_748D	;@raw=0x0A,0x85,0x22,0x01,0x74,0x8D
	mov [0x01], [0x22]	;@raw=0x01,0x01,0x22
	mov [0x28], [0x01]	;@raw=0x01,0x28,0x01
	ret	;@raw=0x05
LABEL_74AA:
	db 0x11

LABEL_74AB:
	mov [0x23], 0x0000	;@raw=0x00,0x23,0x00,0x00
	jg [0x27], [0x44], LABEL_74B9	;@raw=0x0A,0x82,0x27,0x44,0x74,0xB9
	mov [0x23], 0x0001	;@raw=0x00,0x23,0x00,0x01

LABEL_74B9:
	jl [0x22], [0x21], LABEL_750A	;@raw=0x0A,0x84,0x22,0x21,0x75,0x0A
	je [0x23], 0x00, LABEL_74D5	;@raw=0x0A,0x00,0x23,0x00,0x74,0xD5
	jg [0x47], [0x22], LABEL_74E2	;@raw=0x0A,0x82,0x47,0x22,0x74,0xE2
	mov [0x22], [0x47]	;@raw=0x01,0x22,0x47
	mov [0x1D], 0x0004	;@raw=0x00,0x1D,0x00,0x04
	jmp LABEL_74E2	;@raw=0x07,0x74,0xE2

LABEL_74D5:
	jg [0x43], [0x22], LABEL_74E2	;@raw=0x0A,0x82,0x43,0x22,0x74,0xE2
	mov [0x22], [0x43]	;@raw=0x01,0x22,0x43
	mov [0x1D], 0x0002	;@raw=0x00,0x1D,0x00,0x02

LABEL_74E2:
	mov [0x24], [0x48]	;@raw=0x01,0x24,0x48
	mov [0x25], [0x49]	;@raw=0x01,0x25,0x49
	mov [0x1C], 0x000A	;@raw=0x00,0x1C,0x00,0x0A
	call LABEL_75D9	;@raw=0x04,0x75,0xD9
	mov [0x24], [0x4A]	;@raw=0x01,0x24,0x4A
	mov [0x25], [0x4B]	;@raw=0x01,0x25,0x4B
	mov [0x1C], 0x000B	;@raw=0x00,0x1C,0x00,0x0B
	call LABEL_75D9	;@raw=0x04,0x75,0xD9
	mov [0x24], [0x4C]	;@raw=0x01,0x24,0x4C
	mov [0x25], [0x4D]	;@raw=0x01,0x25,0x4D
	mov [0x1C], 0x000C	;@raw=0x00,0x1C,0x00,0x0C
	call LABEL_75D9	;@raw=0x04,0x75,0xD9
	ret	;@raw=0x05

LABEL_750A:
	je [0x23], 0x00, LABEL_7520	;@raw=0x0A,0x00,0x23,0x00,0x75,0x20
	jl [0x46], [0x22], LABEL_752D	;@raw=0x0A,0x84,0x46,0x22,0x75,0x2D
	mov [0x22], [0x46]	;@raw=0x01,0x22,0x46
	mov [0x1D], 0x0003	;@raw=0x00,0x1D,0x00,0x03
	jmp LABEL_752D	;@raw=0x07,0x75,0x2D

LABEL_7520:
	jl [0x42], [0x22], LABEL_752D	;@raw=0x0A,0x84,0x42,0x22,0x75,0x2D
	mov [0x22], [0x42]	;@raw=0x01,0x22,0x42
	mov [0x1D], 0x0001	;@raw=0x00,0x1D,0x00,0x01

LABEL_752D:
	mov [0x24], [0x48]	;@raw=0x01,0x24,0x48
	mov [0x25], [0x49]	;@raw=0x01,0x25,0x49
	mov [0x1C], 0x000A	;@raw=0x00,0x1C,0x00,0x0A
	call LABEL_7555	;@raw=0x04,0x75,0x55
	mov [0x24], [0x4A]	;@raw=0x01,0x24,0x4A
	mov [0x25], [0x4B]	;@raw=0x01,0x25,0x4B
	mov [0x1C], 0x000B	;@raw=0x00,0x1C,0x00,0x0B
	call LABEL_7555	;@raw=0x04,0x75,0x55
	mov [0x24], [0x4C]	;@raw=0x01,0x24,0x4C
	mov [0x25], [0x4D]	;@raw=0x01,0x25,0x4D
	mov [0x1C], 0x000C	;@raw=0x00,0x1C,0x00,0x0C
	call LABEL_7555	;@raw=0x04,0x75,0x55
	ret	;@raw=0x05

LABEL_7555:
	jge [0x25], 0x2000, LABEL_75D8	;@raw=0x0A,0x43,0x25,0x20,0x00,0x75,0xD8
	jge [0x25], 0x1000, LABEL_756C	;@raw=0x0A,0x43,0x25,0x10,0x00,0x75,0x6C
	je [0x23], 0x01, LABEL_75D8	;@raw=0x0A,0x00,0x23,0x01,0x75,0xD8
	jmp LABEL_7576	;@raw=0x07,0x75,0x76

LABEL_756C:
	sub [0x25], 0x1000	;@raw=0x03,0x25,0xF0,0x00
	je [0x23], 0x00, LABEL_75D8	;@raw=0x0A,0x00,0x23,0x00,0x75,0xD8

LABEL_7576:
	add [0x24], 0x0008	;@raw=0x03,0x24,0x00,0x08
	jl [0x25], 0x0200, LABEL_7597	;@raw=0x0A,0x44,0x25,0x02,0x00,0x75,0x97
	sub [0x25], 0x0200	;@raw=0x03,0x25,0xFE,0x00
	jg [0x24], [0x21], LABEL_75D8	;@raw=0x0A,0x82,0x24,0x21,0x75,0xD8
	jl [0x24], [0x22], LABEL_7597	;@raw=0x0A,0x84,0x24,0x22,0x75,0x97
	mov [0x22], [0x24]	;@raw=0x01,0x22,0x24
	mov [0x1D], [0x1C]	;@raw=0x01,0x1D,0x1C

LABEL_7597:
	add [0x24], 0x000A	;@raw=0x03,0x24,0x00,0x0A
	jl [0x25], 0x0100, LABEL_75B8	;@raw=0x0A,0x44,0x25,0x01,0x00,0x75,0xB8
	sub [0x25], 0x0100	;@raw=0x03,0x25,0xFF,0x00
	jg [0x24], [0x21], LABEL_75D8	;@raw=0x0A,0x82,0x24,0x21,0x75,0xD8
	jl [0x24], [0x22], LABEL_75B8	;@raw=0x0A,0x84,0x24,0x22,0x75,0xB8
	mov [0x22], [0x24]	;@raw=0x01,0x22,0x24
	mov [0x1D], [0x1C]	;@raw=0x01,0x1D,0x1C

LABEL_75B8:
	add [0x24], 0x000A	;@raw=0x03,0x24,0x00,0x0A
	jl [0x25], 0x80, LABEL_75D8	;@raw=0x0A,0x04,0x25,0x80,0x75,0xD8
	sub [0x25], 0x0080	;@raw=0x03,0x25,0xFF,0x80
	jg [0x24], [0x21], LABEL_75D8	;@raw=0x0A,0x82,0x24,0x21,0x75,0xD8
	jl [0x24], [0x22], LABEL_75D8	;@raw=0x0A,0x84,0x24,0x22,0x75,0xD8
	mov [0x22], [0x24]	;@raw=0x01,0x22,0x24
	mov [0x1D], [0x1C]	;@raw=0x01,0x1D,0x1C

LABEL_75D8:
	ret	;@raw=0x05

LABEL_75D9:
	jge [0x25], 0x2000, LABEL_7646	;@raw=0x0A,0x43,0x25,0x20,0x00,0x76,0x46
	jge [0x25], 0x1000, LABEL_75F0	;@raw=0x0A,0x43,0x25,0x10,0x00,0x75,0xF0
	je [0x23], 0x01, LABEL_7646	;@raw=0x0A,0x00,0x23,0x01,0x76,0x46
	jmp LABEL_75FA	;@raw=0x07,0x75,0xFA

LABEL_75F0:
	sub [0x25], 0x1000	;@raw=0x03,0x25,0xF0,0x00
	je [0x23], 0x00, LABEL_7646	;@raw=0x0A,0x00,0x23,0x00,0x76,0x46

LABEL_75FA:
	jl [0x25], 0x0200, LABEL_7610	;@raw=0x0A,0x44,0x25,0x02,0x00,0x76,0x10
	jl [0x24], [0x21], LABEL_7610	;@raw=0x0A,0x84,0x24,0x21,0x76,0x10
	jg [0x24], [0x22], LABEL_7610	;@raw=0x0A,0x82,0x24,0x22,0x76,0x10
	jmp LABEL_7640	;@raw=0x07,0x76,0x40

LABEL_7610:
	add [0x24], 0x000A	;@raw=0x03,0x24,0x00,0x0A
	jl [0x25], 0x0100, LABEL_762A	;@raw=0x0A,0x44,0x25,0x01,0x00,0x76,0x2A
	jl [0x24], [0x21], LABEL_762A	;@raw=0x0A,0x84,0x24,0x21,0x76,0x2A
	jg [0x24], [0x22], LABEL_762A	;@raw=0x0A,0x82,0x24,0x22,0x76,0x2A
	jmp LABEL_7640	;@raw=0x07,0x76,0x40

LABEL_762A:
	add [0x24], 0x000A	;@raw=0x03,0x24,0x00,0x0A
	jl [0x25], 0x80, LABEL_7646	;@raw=0x0A,0x04,0x25,0x80,0x76,0x46
	jl [0x24], [0x21], LABEL_7646	;@raw=0x0A,0x84,0x24,0x21,0x76,0x46
	jg [0x24], [0x22], LABEL_7646	;@raw=0x0A,0x82,0x24,0x22,0x76,0x46

LABEL_7640:
	mov [0x22], [0x24]	;@raw=0x01,0x22,0x24
	mov [0x1D], [0x1C]	;@raw=0x01,0x1D,0x1C

LABEL_7646:
	ret	;@raw=0x05

LABEL_7647:
	mov [0xF8], [0x09]	;@raw=0x01,0xF8,0x09
	shr [0xF8], 0x0004	;@raw=0x17,0xF8,0x00,0x04
	and [0xF8], 0x000F	;@raw=0x14,0xF8,0x00,0x0F
	jne [0x0E], 0x00, LABEL_7689	;@raw=0x0A,0x01,0x0E,0x00,0x76,0x89
	je [0xF8], 0x00, LABEL_76E9	;@raw=0x0A,0x00,0xF8,0x00,0x76,0xE9
	je [0xF8], 0x01, LABEL_76EF	;@raw=0x0A,0x00,0xF8,0x01,0x76,0xEF
	je [0xF8], 0x02, LABEL_76F5	;@raw=0x0A,0x00,0xF8,0x02,0x76,0xF5
	je [0xF8], 0x03, LABEL_76FB	;@raw=0x0A,0x00,0xF8,0x03,0x76,0xFB
	je [0xF8], 0x04, LABEL_7701	;@raw=0x0A,0x00,0xF8,0x04,0x77,0x01
	je [0xF8], 0x05, LABEL_7707	;@raw=0x0A,0x00,0xF8,0x05,0x77,0x07
	je [0xF8], 0x06, LABEL_770D	;@raw=0x0A,0x00,0xF8,0x06,0x77,0x0D
	je [0xF8], 0x07, LABEL_7713	;@raw=0x0A,0x00,0xF8,0x07,0x77,0x13
	ret	;@raw=0x05

LABEL_7689:
	jne [0x0E], 0x01, LABEL_7692	;@raw=0x0A,0x01,0x0E,0x01,0x76,0x92
	jmp LABEL_7719	;@raw=0x07,0x77,0x19

LABEL_7692:
	jne [0x0E], 0x02, LABEL_769B	;@raw=0x0A,0x01,0x0E,0x02,0x76,0x9B
	jmp LABEL_771F	;@raw=0x07,0x77,0x1F

LABEL_769B:
	jne [0x0E], 0x03, LABEL_76AA	;@raw=0x0A,0x01,0x0E,0x03,0x76,0xAA
	je [0xF8], 0x03, LABEL_772B	;@raw=0x0A,0x00,0xF8,0x03,0x77,0x2B
	jmp LABEL_7725	;@raw=0x07,0x77,0x25

LABEL_76AA:
	jne [0x0E], 0x04, LABEL_76B9	;@raw=0x0A,0x01,0x0E,0x04,0x76,0xB9
	je [0xF8], 0x03, LABEL_7737	;@raw=0x0A,0x00,0xF8,0x03,0x77,0x37
	jmp LABEL_7731	;@raw=0x07,0x77,0x31

LABEL_76B9:
	jne [0x0E], 0x05, LABEL_76C8	;@raw=0x0A,0x01,0x0E,0x05,0x76,0xC8
	je [0xF8], 0x03, LABEL_772B	;@raw=0x0A,0x00,0xF8,0x03,0x77,0x2B
	jmp LABEL_773D	;@raw=0x07,0x77,0x3D

LABEL_76C8:
	jne [0x0E], 0x06, LABEL_76D4	;@raw=0x0A,0x01,0x0E,0x06,0x76,0xD4
	video type=1, offset=CINEMATIC_014, x=[0x07], y=[0x08], zoom=0x40	;@raw=0x54,0x0B,0x48,0x07,0x08
	ret	;@raw=0x05

LABEL_76D4:
	jne [0x0E], 0x07, LABEL_76E7	;@raw=0x0A,0x01,0x0E,0x07,0x76,0xE7
	je [0xF8], 0x00, LABEL_7743	;@raw=0x0A,0x00,0xF8,0x00,0x77,0x43
	je [0xF8], 0x01, LABEL_7749	;@raw=0x0A,0x00,0xF8,0x01,0x77,0x49
	ret	;@raw=0x05

LABEL_76E7:
	ret	;@raw=0x05
LABEL_76E8:
	db 0x11

LABEL_76E9:
	video type=1, offset=CINEMATIC_022, x=[0x07], y=[0x08], zoom=0x40	;@raw=0x54,0x06,0x8E,0x07,0x08
	ret	;@raw=0x05

LABEL_76EF:
	video type=1, offset=CINEMATIC_023, x=[0x07], y=[0x08], zoom=0x40	;@raw=0x54,0x23,0x3A,0x07,0x08
	ret	;@raw=0x05

LABEL_76F5:
	video type=1, offset=CINEMATIC_024, x=[0x07], y=[0x08], zoom=0x40	;@raw=0x54,0x25,0x49,0x07,0x08
	ret	;@raw=0x05

LABEL_76FB:
	video type=1, offset=CINEMATIC_025, x=[0x07], y=[0x08], zoom=0x40	;@raw=0x54,0x25,0x56,0x07,0x08
	ret	;@raw=0x05

LABEL_7701:
	video type=1, offset=CINEMATIC_026, x=[0x07], y=[0x08], zoom=0x40	;@raw=0x54,0x30,0xA1,0x07,0x08
	ret	;@raw=0x05

LABEL_7707:
	video type=1, offset=CINEMATIC_027, x=[0x07], y=[0x08], zoom=0x40	;@raw=0x54,0x30,0xB3,0x07,0x08
	ret	;@raw=0x05

LABEL_770D:
	video type=1, offset=CINEMATIC_028, x=[0x07], y=[0x08], zoom=0x40	;@raw=0x54,0x32,0x85,0x07,0x08
	ret	;@raw=0x05

LABEL_7713:
	video type=1, offset=CINEMATIC_029, x=[0x07], y=[0x08], zoom=0x40	;@raw=0x54,0x7B,0x4E,0x07,0x08
	ret	;@raw=0x05

LABEL_7719:
	video type=1, offset=CINEMATIC_021, x=[0x07], y=[0x08], zoom=0x40	;@raw=0x54,0x07,0xEB,0x07,0x08
	ret	;@raw=0x05

LABEL_771F:
	video type=1, offset=CINEMATIC_020, x=[0x07], y=[0x08], zoom=0x40	;@raw=0x54,0x08,0x09,0x07,0x08
	ret	;@raw=0x05

LABEL_7725:
	video type=1, offset=CINEMATIC_019, x=[0x07], y=[0x08], zoom=0x40	;@raw=0x54,0x08,0x15,0x07,0x08
	ret	;@raw=0x05

LABEL_772B:
	video type=1, offset=CINEMATIC_015, x=[0x07], y=[0x08], zoom=0x40	;@raw=0x54,0x33,0x0C,0x07,0x08
	ret	;@raw=0x05

LABEL_7731:
	video type=1, offset=CINEMATIC_018, x=[0x07], y=[0x08], zoom=0x40	;@raw=0x54,0x08,0x2F,0x07,0x08
	ret	;@raw=0x05

LABEL_7737:
	video type=1, offset=CINEMATIC_017, x=[0x07], y=[0x08], zoom=0x40	;@raw=0x54,0x33,0x29,0x07,0x08
	ret	;@raw=0x05

LABEL_773D:
	video type=1, offset=CINEMATIC_016, x=[0x07], y=[0x08], zoom=0x40	;@raw=0x54,0x0B,0x08,0x07,0x08
	ret	;@raw=0x05

LABEL_7743:
	video type=1, offset=CINEMATIC_012, x=[0x07], y=[0x08], zoom=0x40	;@raw=0x54,0x23,0x23,0x07,0x08
	ret	;@raw=0x05

LABEL_7749:
	video type=1, offset=CINEMATIC_013, x=[0x07], y=[0x08], zoom=0x40	;@raw=0x54,0x23,0x4E,0x07,0x08
	ret	;@raw=0x05

LABEL_774F:
	mov [0xF8], [0x09]	;@raw=0x01,0xF8,0x09
	and [0xF8], 0x000F	;@raw=0x14,0xF8,0x00,0x0F
	je [0xF8], 0x01, LABEL_7763	;@raw=0x0A,0x00,0xF8,0x01,0x77,0x63
	je [0xF8], 0x02, LABEL_7769	;@raw=0x0A,0x00,0xF8,0x02,0x77,0x69
	ret	;@raw=0x05

LABEL_7763:
	video type=1, offset=CINEMATIC_246, x=[0xf5], y=[0x08], zoom=0x40	;@raw=0x54,0x24,0xB3,0xF5,0x08
	ret	;@raw=0x05

LABEL_7769:
	video type=1, offset=CINEMATIC_247, x=[0xf5], y=[0x08], zoom=0x40	;@raw=0x54,0x33,0x01,0xF5,0x08
	ret	;@raw=0x05

LABEL_776F:
	mov [0xF8], [0x09]	;@raw=0x01,0xF8,0x09
	and [0xF8], 0x000F	;@raw=0x14,0xF8,0x00,0x0F
	je [0xF8], 0x01, LABEL_7783	;@raw=0x0A,0x00,0xF8,0x01,0x77,0x83
	je [0xF8], 0x02, LABEL_7799	;@raw=0x0A,0x00,0xF8,0x02,0x77,0x99
	ret	;@raw=0x05

LABEL_7783:
	add [0x08], 0x000D	;@raw=0x03,0x08,0x00,0x0D
	sub [0x07], 0x0002	;@raw=0x03,0x07,0xFF,0xFE
	video type=1, offset=CINEMATIC_111, x=[0x07], y=[0x08], zoom=0x40	;@raw=0x54,0x24,0x9F,0x07,0x08
	add [0x07], 0x0002	;@raw=0x03,0x07,0x00,0x02
	sub [0x08], 0x000D	;@raw=0x03,0x08,0xFF,0xF3
	ret	;@raw=0x05

LABEL_7799:
	add [0x08], 0x000D	;@raw=0x03,0x08,0x00,0x0D
	sub [0x07], 0x0002	;@raw=0x03,0x07,0xFF,0xFE
	video type=1, offset=CINEMATIC_112, x=[0x07], y=[0x08], zoom=0x40	;@raw=0x54,0x32,0xAF,0x07,0x08
	add [0x07], 0x0002	;@raw=0x03,0x07,0x00,0x02
	sub [0x08], 0x000D	;@raw=0x03,0x08,0xFF,0xF3
	ret	;@raw=0x05

LABEL_77AF:
	video type=0, offset=COMMON_VIDEO_320, x=[0x07], y=[0x08], zoom=0x40	;@raw=0x57,0x1F,0x76,0x07,0x08
	mov [0xF5], [0x07]	;@raw=0x01,0xF5,0x07
	jg [0xF6], 0x00, LABEL_77C2	;@raw=0x0A,0x02,0xF6,0x00,0x77,0xC2
	video type=0, offset=COMMON_VIDEO_322, x=[0x07], y=[0x08], zoom=0x40	;@raw=0x57,0x30,0x02,0x07,0x08

LABEL_77C2:
	jg [0x13], [0x30], LABEL_774F	;@raw=0x0A,0x82,0x13,0x30,0x77,0x4F
	mov [0xF8], [0x31]	;@raw=0x01,0xF8,0x31
	and [0xF8], 0x0004	;@raw=0x14,0xF8,0x00,0x04
	je [0xF8], 0x00, LABEL_774F	;@raw=0x0A,0x00,0xF8,0x00,0x77,0x4F
	video type=0, offset=COMMON_VIDEO_321, x=[0x07], y=[0x08], zoom=0x40	;@raw=0x57,0x2E,0x5E,0x07,0x08
	jmp LABEL_774F	;@raw=0x07,0x77,0x4F

LABEL_77DD:
	video type=0, offset=COMMON_VIDEO_323, x=[0x07], y=[0x08], zoom=0x40	;@raw=0x57,0x1F,0xA5,0x07,0x08
	mov [0xF5], [0x07]	;@raw=0x01,0xF5,0x07
	sub [0xF5], 0x0001	;@raw=0x03,0xF5,0xFF,0xFF
	jg [0xF6], 0x00, LABEL_77F4	;@raw=0x0A,0x02,0xF6,0x00,0x77,0xF4
	video type=0, offset=COMMON_VIDEO_325, x=[0x07], y=[0x08], zoom=0x40	;@raw=0x57,0x30,0x08,0x07,0x08

LABEL_77F4:
	jg [0x13], [0x30], LABEL_774F	;@raw=0x0A,0x82,0x13,0x30,0x77,0x4F
	mov [0xF8], [0x31]	;@raw=0x01,0xF8,0x31
	and [0xF8], 0x0004	;@raw=0x14,0xF8,0x00,0x04
	je [0xF8], 0x00, LABEL_774F	;@raw=0x0A,0x00,0xF8,0x00,0x77,0x4F
	video type=0, offset=COMMON_VIDEO_324, x=[0x07], y=[0x08], zoom=0x40	;@raw=0x57,0x2E,0x62,0x07,0x08
	jmp LABEL_774F	;@raw=0x07,0x77,0x4F

LABEL_780F:
	video type=0, offset=COMMON_VIDEO_326, x=[0x07], y=[0x08], zoom=0x40	;@raw=0x57,0x20,0x2C,0x07,0x08
	jg [0x13], [0x30], LABEL_776F	;@raw=0x0A,0x82,0x13,0x30,0x77,0x6F
	mov [0xF8], [0x31]	;@raw=0x01,0xF8,0x31
	and [0xF8], 0x0004	;@raw=0x14,0xF8,0x00,0x04
	je [0xF8], 0x00, LABEL_776F	;@raw=0x0A,0x00,0xF8,0x00,0x77,0x6F
	video type=0, offset=COMMON_VIDEO_327, x=[0x07], y=[0x08], zoom=0x40	;@raw=0x57,0x2E,0x66,0x07,0x08
	jmp LABEL_776F	;@raw=0x07,0x77,0x6F

LABEL_782F:
	video type=0, offset=COMMON_VIDEO_328, x=[0x07], y=[0x08], zoom=0x40	;@raw=0x57,0x22,0x0B,0x07,0x08
	jmp LABEL_776F	;@raw=0x07,0x77,0x6F

LABEL_7837:
	sub [0x07], 0x0001	;@raw=0x03,0x07,0xFF,0xFF
	call LABEL_7843	;@raw=0x04,0x78,0x43
	add [0x07], 0x0001	;@raw=0x03,0x07,0x00,0x01
	ret	;@raw=0x05

LABEL_7843:
	video type=0, offset=COMMON_VIDEO_308, x=[0x07], y=[0x08], zoom=0x40	;@raw=0x57,0x1E,0x1D,0x07,0x08
	jg [0x13], [0x30], LABEL_78B5	;@raw=0x0A,0x82,0x13,0x30,0x78,0xB5
	mov [0xF8], [0x31]	;@raw=0x01,0xF8,0x31
	and [0xF8], 0x0004	;@raw=0x14,0xF8,0x00,0x04
	je [0xF8], 0x00, LABEL_78B5	;@raw=0x0A,0x00,0xF8,0x00,0x78,0xB5
	video type=0, offset=COMMON_VIDEO_309, x=[0x07], y=[0x08], zoom=0x40	;@raw=0x57,0x2E,0x2E,0x07,0x08
	ret	;@raw=0x05

LABEL_7861:
	sub [0x07], 0x0001	;@raw=0x03,0x07,0xFF,0xFF
	call LABEL_786D	;@raw=0x04,0x78,0x6D
	add [0x07], 0x0001	;@raw=0x03,0x07,0x00,0x01
	ret	;@raw=0x05

LABEL_786D:
	video type=0, offset=COMMON_VIDEO_306, x=[0x07], y=[0x08], zoom=0x40	;@raw=0x57,0x1E,0x33,0x07,0x08
	jg [0x13], [0x30], LABEL_78B5	;@raw=0x0A,0x82,0x13,0x30,0x78,0xB5
	mov [0xF8], [0x31]	;@raw=0x01,0xF8,0x31
	and [0xF8], 0x0004	;@raw=0x14,0xF8,0x00,0x04
	je [0xF8], 0x00, LABEL_78B5	;@raw=0x0A,0x00,0xF8,0x00,0x78,0xB5
	video type=0, offset=COMMON_VIDEO_307, x=[0x07], y=[0x08], zoom=0x40	;@raw=0x57,0x2E,0x32,0x07,0x08
	ret	;@raw=0x05

LABEL_788B:
	video type=0, offset=COMMON_VIDEO_304, x=[0x07], y=[0x08], zoom=0x40	;@raw=0x57,0x1E,0x49,0x07,0x08
	jg [0x13], [0x30], LABEL_78B5	;@raw=0x0A,0x82,0x13,0x30,0x78,0xB5
	mov [0xF8], [0x31]	;@raw=0x01,0xF8,0x31
	and [0xF8], 0x0004	;@raw=0x14,0xF8,0x00,0x04
	je [0xF8], 0x00, LABEL_78B5	;@raw=0x0A,0x00,0xF8,0x00,0x78,0xB5
	video type=0, offset=COMMON_VIDEO_305, x=[0x07], y=[0x08], zoom=0x40	;@raw=0x57,0x2E,0x36,0x07,0x08
	ret	;@raw=0x05

LABEL_78A9:
	add [0x07], 0x0001	;@raw=0x03,0x07,0x00,0x01
	call LABEL_788B	;@raw=0x04,0x78,0x8B
	sub [0x07], 0x0001	;@raw=0x03,0x07,0xFF,0xFF
	ret	;@raw=0x05

LABEL_78B5:
	ret	;@raw=0x05

LABEL_78B6:
	mov [0xF8], [0x09]	;@raw=0x01,0xF8,0x09
	and [0xF8], 0x000F	;@raw=0x14,0xF8,0x00,0x0F
	je [0xF8], 0x01, LABEL_78D0	;@raw=0x0A,0x00,0xF8,0x01,0x78,0xD0
	je [0xF8], 0x02, LABEL_78D6	;@raw=0x0A,0x00,0xF8,0x02,0x78,0xD6
	je [0xF8], 0x03, LABEL_78DC	;@raw=0x0A,0x00,0xF8,0x03,0x78,0xDC
	ret	;@raw=0x05

LABEL_78D0:
	video type=1, offset=CINEMATIC_030, x=[0x07], y=[0x08], zoom=0x40	;@raw=0x54,0x24,0xF5,0x07,0x08
	ret	;@raw=0x05

LABEL_78D6:
	video type=1, offset=CINEMATIC_031, x=[0x07], y=[0x08], zoom=0x40	;@raw=0x54,0x32,0xF5,0x07,0x08
	ret	;@raw=0x05

LABEL_78DC:
	video type=1, offset=CINEMATIC_032, x=[0x07], y=[0x08], zoom=0x40	;@raw=0x54,0x32,0xE7,0x07,0x08
	ret	;@raw=0x05

LABEL_78E2:
	mov [0xF8], [0x09]	;@raw=0x01,0xF8,0x09
	and [0xF8], 0x000F	;@raw=0x14,0xF8,0x00,0x0F
	je [0xF8], 0x01, LABEL_78F6	;@raw=0x0A,0x00,0xF8,0x01,0x78,0xF6
	je [0xF8], 0x02, LABEL_78FC	;@raw=0x0A,0x00,0xF8,0x02,0x78,0xFC
	ret	;@raw=0x05

LABEL_78F6:
	video type=1, offset=CINEMATIC_033, x=[0xf5], y=[0x08], zoom=0x40	;@raw=0x54,0x24,0xE7,0xF5,0x08
	ret	;@raw=0x05

LABEL_78FC:
	video type=1, offset=CINEMATIC_034, x=[0xf5], y=[0x08], zoom=0x40	;@raw=0x54,0x32,0xF1,0xF5,0x08
	ret	;@raw=0x05

LABEL_7902:
	jg [0x09], 0x03FF, LABEL_78B5	;@raw=0x0A,0x42,0x09,0x03,0xFF,0x78,0xB5
	video type=0, offset=COMMON_VIDEO_239, x=[0x07], y=[0x08], zoom=0x40	;@raw=0x57,0x15,0x3F,0x07,0x08
	mov [0xF5], [0x07]	;@raw=0x01,0xF5,0x07
	jg [0xF6], 0x00, LABEL_78E2	;@raw=0x0A,0x02,0xF6,0x00,0x78,0xE2
	video type=0, offset=COMMON_VIDEO_240, x=[0x07], y=[0x08], zoom=0x40	;@raw=0x57,0x2F,0xDE,0x07,0x08
	jmp LABEL_78E2	;@raw=0x07,0x78,0xE2

LABEL_791F:
	jg [0x09], 0x03FF, LABEL_78B5	;@raw=0x0A,0x42,0x09,0x03,0xFF,0x78,0xB5
	video type=0, offset=COMMON_VIDEO_206, x=[0x07], y=[0x08], zoom=0x40	;@raw=0x57,0x15,0x63,0x07,0x08
	mov [0xF5], [0x07]	;@raw=0x01,0xF5,0x07
	jg [0xF6], 0x00, LABEL_78E2	;@raw=0x0A,0x02,0xF6,0x00,0x78,0xE2
	video type=0, offset=COMMON_VIDEO_207, x=[0x07], y=[0x08], zoom=0x40	;@raw=0x57,0x2F,0xE2,0x07,0x08
	jmp LABEL_78E2	;@raw=0x07,0x78,0xE2

LABEL_793C:
	jg [0x09], 0x03FF, LABEL_78B5	;@raw=0x0A,0x42,0x09,0x03,0xFF,0x78,0xB5
	video type=0, offset=COMMON_VIDEO_165, x=[0x07], y=[0x08], zoom=0x40	;@raw=0x57,0x15,0x87,0x07,0x08
	mov [0xF5], [0x07]	;@raw=0x01,0xF5,0x07
	sub [0xF5], 0x0001	;@raw=0x03,0xF5,0xFF,0xFF
	jg [0xF6], 0x00, LABEL_78E2	;@raw=0x0A,0x02,0xF6,0x00,0x78,0xE2
	video type=0, offset=COMMON_VIDEO_166, x=[0x07], y=[0x08], zoom=0x40	;@raw=0x57,0x2F,0xE6,0x07,0x08
	jmp LABEL_78E2	;@raw=0x07,0x78,0xE2

LABEL_795D:
	jg [0x09], 0x03FF, LABEL_78B5	;@raw=0x0A,0x42,0x09,0x03,0xFF,0x78,0xB5
	video type=0, offset=COMMON_VIDEO_211, x=[0x07], y=[0x08], zoom=0x40	;@raw=0x57,0x15,0xAB,0x07,0x08
	mov [0xF5], [0x07]	;@raw=0x01,0xF5,0x07
	jg [0xF6], 0x00, LABEL_78E2	;@raw=0x0A,0x02,0xF6,0x00,0x78,0xE2
	video type=0, offset=COMMON_VIDEO_212, x=[0x07], y=[0x08], zoom=0x40	;@raw=0x57,0x2F,0xEA,0x07,0x08
	jmp LABEL_78E2	;@raw=0x07,0x78,0xE2

LABEL_797A:
	jg [0x09], 0x03FF, LABEL_78B5	;@raw=0x0A,0x42,0x09,0x03,0xFF,0x78,0xB5
	video type=0, offset=COMMON_VIDEO_214, x=[0x07], y=[0x08], zoom=0x40	;@raw=0x57,0x15,0xCF,0x07,0x08
	mov [0xF5], [0x07]	;@raw=0x01,0xF5,0x07
	add [0xF5], 0x0001	;@raw=0x03,0xF5,0x00,0x01
	jg [0xF6], 0x00, LABEL_78E2	;@raw=0x0A,0x02,0xF6,0x00,0x78,0xE2
	video type=0, offset=COMMON_VIDEO_215, x=[0x07], y=[0x08], zoom=0x40	;@raw=0x57,0x2F,0xEE,0x07,0x08
	jmp LABEL_78E2	;@raw=0x07,0x78,0xE2

LABEL_799B:
	jg [0x09], 0x03FF, LABEL_78B5	;@raw=0x0A,0x42,0x09,0x03,0xFF,0x78,0xB5
	video type=0, offset=COMMON_VIDEO_218, x=[0x07], y=[0x08], zoom=0x40	;@raw=0x57,0x15,0xF3,0x07,0x08
	mov [0xF5], [0x07]	;@raw=0x01,0xF5,0x07
	add [0xF5], 0x0001	;@raw=0x03,0xF5,0x00,0x01
	jg [0xF6], 0x00, LABEL_78E2	;@raw=0x0A,0x02,0xF6,0x00,0x78,0xE2
	video type=0, offset=COMMON_VIDEO_219, x=[0x07], y=[0x08], zoom=0x40	;@raw=0x57,0x2F,0xF2,0x07,0x08
	jmp LABEL_78E2	;@raw=0x07,0x78,0xE2

LABEL_79BC:
	jg [0x09], 0x03FF, LABEL_78B5	;@raw=0x0A,0x42,0x09,0x03,0xFF,0x78,0xB5
	video type=0, offset=COMMON_VIDEO_222, x=[0x07], y=[0x08], zoom=0x40	;@raw=0x57,0x16,0x17,0x07,0x08
	mov [0xF5], [0x07]	;@raw=0x01,0xF5,0x07
	add [0xF5], 0x0002	;@raw=0x03,0xF5,0x00,0x02
	jg [0xF6], 0x00, LABEL_78E2	;@raw=0x0A,0x02,0xF6,0x00,0x78,0xE2
	video type=0, offset=COMMON_VIDEO_223, x=[0x07], y=[0x08], zoom=0x40	;@raw=0x57,0x2F,0xF6,0x07,0x08
	jmp LABEL_78E2	;@raw=0x07,0x78,0xE2

LABEL_79DD:
	jg [0x09], 0x03FF, LABEL_78B5	;@raw=0x0A,0x42,0x09,0x03,0xFF,0x78,0xB5
	video type=0, offset=COMMON_VIDEO_226, x=[0x07], y=[0x08], zoom=0x40	;@raw=0x57,0x16,0x3B,0x07,0x08
	mov [0xF5], [0x07]	;@raw=0x01,0xF5,0x07
	add [0xF5], 0x0002	;@raw=0x03,0xF5,0x00,0x02
	jg [0xF6], 0x00, LABEL_78E2	;@raw=0x0A,0x02,0xF6,0x00,0x78,0xE2
	video type=0, offset=COMMON_VIDEO_227, x=[0x07], y=[0x08], zoom=0x40	;@raw=0x57,0x2F,0xFA,0x07,0x08
	jmp LABEL_78E2	;@raw=0x07,0x78,0xE2

LABEL_79FE:
	jg [0x09], 0x03FF, LABEL_78B5	;@raw=0x0A,0x42,0x09,0x03,0xFF,0x78,0xB5
	video type=0, offset=COMMON_VIDEO_230, x=[0x07], y=[0x08], zoom=0x40	;@raw=0x57,0x16,0x5F,0x07,0x08
	mov [0xF5], [0x07]	;@raw=0x01,0xF5,0x07
	add [0xF5], 0x0002	;@raw=0x03,0xF5,0x00,0x02
	jg [0xF6], 0x00, LABEL_78E2	;@raw=0x0A,0x02,0xF6,0x00,0x78,0xE2
	video type=0, offset=COMMON_VIDEO_231, x=[0x07], y=[0x08], zoom=0x40	;@raw=0x57,0x2F,0xFE,0x07,0x08
	jmp LABEL_78E2	;@raw=0x07,0x78,0xE2

LABEL_7A1F:
	video type=0, offset=COMMON_VIDEO_268, x=[0x07], y=[0x08], zoom=0x40	;@raw=0x57,0x18,0x8B,0x07,0x08
	mov [0xF5], [0x07]	;@raw=0x01,0xF5,0x07
	jmp LABEL_78E2	;@raw=0x07,0x78,0xE2

LABEL_7A2A:
	video type=0, offset=COMMON_VIDEO_271, x=[0x07], y=[0x08], zoom=0x40	;@raw=0x57,0x18,0x92,0x07,0x08
	mov [0xF5], [0x07]	;@raw=0x01,0xF5,0x07
	jmp LABEL_78E2	;@raw=0x07,0x78,0xE2

LABEL_7A35:
	video type=0, offset=COMMON_VIDEO_274, x=[0x07], y=[0x08], zoom=0x40	;@raw=0x57,0x18,0xB7,0x07,0x08
	mov [0xF5], [0x07]	;@raw=0x01,0xF5,0x07
	jmp LABEL_78E2	;@raw=0x07,0x78,0xE2

LABEL_7A40:
	video type=0, offset=COMMON_VIDEO_277, x=[0x07], y=[0x08], zoom=0x40	;@raw=0x57,0x18,0xC0,0x07,0x08
	mov [0xF5], [0x07]	;@raw=0x01,0xF5,0x07
	jmp LABEL_78E2	;@raw=0x07,0x78,0xE2

LABEL_7A4B:
	video type=0, offset=COMMON_VIDEO_281, x=[0x07], y=[0x08], zoom=0x40	;@raw=0x57,0x18,0xD4,0x07,0x08
	mov [0xF5], [0x07]	;@raw=0x01,0xF5,0x07
	jmp LABEL_78E2	;@raw=0x07,0x78,0xE2

LABEL_7A56:
	video type=0, offset=COMMON_VIDEO_283, x=[0x07], y=[0x08], zoom=0x40	;@raw=0x57,0x18,0xE5,0x07,0x08
	mov [0xF5], [0x07]	;@raw=0x01,0xF5,0x07
	jmp LABEL_78E2	;@raw=0x07,0x78,0xE2

LABEL_7A61:
	video type=0, offset=COMMON_VIDEO_265, x=[0x07], y=[0x08], zoom=0x40	;@raw=0x57,0x30,0xD1,0x07,0x08
	mov [0xF5], [0x07]	;@raw=0x01,0xF5,0x07
	jmp LABEL_78E2	;@raw=0x07,0x78,0xE2

LABEL_7A6C:
	jne [HACK_VAR_67], [0x10], LABEL_78B5	;@raw=0x0A,0x81,0x67,0x10,0x78,0xB5
	je [0x0D], 0x00, LABEL_7A7E	;@raw=0x0A,0x00,0x0D,0x00,0x7A,0x7E
	call LABEL_78A9	;@raw=0x04,0x78,0xA9
	jmp LABEL_7A83	;@raw=0x07,0x7A,0x83

LABEL_7A7E:
	video type=0, offset=COMMON_VIDEO_204, x=[0x07], y=[0x08], zoom=0x40	;@raw=0x57,0x16,0xB7,0x07,0x08

LABEL_7A83:
	call LABEL_7647	;@raw=0x04,0x76,0x47
	video type=0, offset=COMMON_VIDEO_205, x=[0x07], y=[0x08], zoom=0x40	;@raw=0x57,0x12,0xBD,0x07,0x08
	call LABEL_78B6	;@raw=0x04,0x78,0xB6
	call LABEL_791F	;@raw=0x04,0x79,0x1F
	ret	;@raw=0x05

LABEL_7A92:
	jne [HACK_VAR_67], [0x10], LABEL_78B5	;@raw=0x0A,0x81,0x67,0x10,0x78,0xB5
	je [0x0D], 0x00, LABEL_7AA4	;@raw=0x0A,0x00,0x0D,0x00,0x7A,0xA4
	call LABEL_78A9	;@raw=0x04,0x78,0xA9
	jmp LABEL_7AB1	;@raw=0x07,0x7A,0xB1

LABEL_7AA4:
	add [0x07], 0x0001	;@raw=0x03,0x07,0x00,0x01
	video type=0, offset=COMMON_VIDEO_204, x=[0x07], y=[0x08], zoom=0x40	;@raw=0x57,0x16,0xB7,0x07,0x08
	sub [0x07], 0x0001	;@raw=0x03,0x07,0xFF,0xFF

LABEL_7AB1:
	call LABEL_7647	;@raw=0x04,0x76,0x47
	video type=0, offset=COMMON_VIDEO_208, x=[0x07], y=[0x08], zoom=0x40	;@raw=0x57,0x13,0x08,0x07,0x08
	call LABEL_78B6	;@raw=0x04,0x78,0xB6
	call LABEL_791F	;@raw=0x04,0x79,0x1F
	ret	;@raw=0x05

LABEL_7AC0:
	jne [HACK_VAR_67], [0x10], LABEL_78B5	;@raw=0x0A,0x81,0x67,0x10,0x78,0xB5
	je [0x0D], 0x00, LABEL_7ACF	;@raw=0x0A,0x00,0x0D,0x00,0x7A,0xCF
	call LABEL_788B	;@raw=0x04,0x78,0x8B

LABEL_7ACF:
	call LABEL_7647	;@raw=0x04,0x76,0x47
	video type=0, offset=COMMON_VIDEO_209, x=[0x07], y=[0x08], zoom=0x40	;@raw=0x57,0x13,0x39,0x07,0x08
	call LABEL_78B6	;@raw=0x04,0x78,0xB6
	call LABEL_793C	;@raw=0x04,0x79,0x3C
	ret	;@raw=0x05

LABEL_7ADE:
	jne [HACK_VAR_67], [0x10], LABEL_78B5	;@raw=0x0A,0x81,0x67,0x10,0x78,0xB5
	play id=0x0055, freq=0x0F, vol=0x14, channel=0x00	;@raw=0x18,0x00,0x55,0x0F,0x14,0x00
	je [0x0D], 0x00, LABEL_7AF3	;@raw=0x0A,0x00,0x0D,0x00,0x7A,0xF3
	call LABEL_788B	;@raw=0x04,0x78,0x8B

LABEL_7AF3:
	call LABEL_7647	;@raw=0x04,0x76,0x47
	video type=0, offset=COMMON_VIDEO_210, x=[0x07], y=[0x08], zoom=0x40	;@raw=0x57,0x13,0x86,0x07,0x08
	call LABEL_78B6	;@raw=0x04,0x78,0xB6
	call LABEL_795D	;@raw=0x04,0x79,0x5D
	play id=0x0055, freq=0x0F, vol=0x14, channel=0x00	;@raw=0x18,0x00,0x55,0x0F,0x14,0x00
	ret	;@raw=0x05

LABEL_7B08:
	jne [HACK_VAR_67], [0x10], LABEL_78B5	;@raw=0x0A,0x81,0x67,0x10,0x78,0xB5
	je [0x0D], 0x00, LABEL_7B17	;@raw=0x0A,0x00,0x0D,0x00,0x7B,0x17
	call LABEL_788B	;@raw=0x04,0x78,0x8B

LABEL_7B17:
	call LABEL_7647	;@raw=0x04,0x76,0x47
	video type=0, offset=COMMON_VIDEO_213, x=[0x07], y=[0x08], zoom=0x40	;@raw=0x57,0x13,0xC3,0x07,0x08
	call LABEL_78B6	;@raw=0x04,0x78,0xB6
	call LABEL_797A	;@raw=0x04,0x79,0x7A
	ret	;@raw=0x05

LABEL_7B26:
	jne [HACK_VAR_67], [0x10], LABEL_78B5	;@raw=0x0A,0x81,0x67,0x10,0x78,0xB5
	je [0x0D], 0x00, LABEL_7B38	;@raw=0x0A,0x00,0x0D,0x00,0x7B,0x38
	call LABEL_786D	;@raw=0x04,0x78,0x6D
	jmp LABEL_7B3D	;@raw=0x07,0x7B,0x3D

LABEL_7B38:
	video type=0, offset=COMMON_VIDEO_216, x=[0x07], y=[0x08], zoom=0x40	;@raw=0x57,0x16,0xB3,0x07,0x08

LABEL_7B3D:
	call LABEL_7647	;@raw=0x04,0x76,0x47
	video type=0, offset=COMMON_VIDEO_217, x=[0x07], y=[0x08], zoom=0x40	;@raw=0x57,0x13,0xFE,0x07,0x08
	call LABEL_78B6	;@raw=0x04,0x78,0xB6
	call LABEL_799B	;@raw=0x04,0x79,0x9B
	ret	;@raw=0x05

LABEL_7B4C:
	jne [HACK_VAR_67], [0x10], LABEL_78B5	;@raw=0x0A,0x81,0x67,0x10,0x78,0xB5
	je [0x0D], 0x00, LABEL_7B5E	;@raw=0x0A,0x00,0x0D,0x00,0x7B,0x5E
	call LABEL_7861	;@raw=0x04,0x78,0x61
	jmp LABEL_7B63	;@raw=0x07,0x7B,0x63

LABEL_7B5E:
	video type=0, offset=COMMON_VIDEO_220, x=[0x07], y=[0x08], zoom=0x40	;@raw=0x57,0x16,0xAF,0x07,0x08

LABEL_7B63:
	call LABEL_7647	;@raw=0x04,0x76,0x47
	video type=0, offset=COMMON_VIDEO_221, x=[0x07], y=[0x08], zoom=0x40	;@raw=0x57,0x14,0x3F,0x07,0x08
	call LABEL_78B6	;@raw=0x04,0x78,0xB6
	call LABEL_79BC	;@raw=0x04,0x79,0xBC
	ret	;@raw=0x05

LABEL_7B72:
	jne [HACK_VAR_67], [0x10], LABEL_78B5	;@raw=0x0A,0x81,0x67,0x10,0x78,0xB5
	je [0x0D], 0x00, LABEL_7B84	;@raw=0x0A,0x00,0x0D,0x00,0x7B,0x84
	call LABEL_7843	;@raw=0x04,0x78,0x43
	jmp LABEL_7B89	;@raw=0x07,0x7B,0x89

LABEL_7B84:
	video type=0, offset=COMMON_VIDEO_224, x=[0x07], y=[0x08], zoom=0x40	;@raw=0x57,0x16,0xA7,0x07,0x08

LABEL_7B89:
	call LABEL_7647	;@raw=0x04,0x76,0x47
	video type=0, offset=COMMON_VIDEO_225, x=[0x07], y=[0x08], zoom=0x40	;@raw=0x57,0x14,0x7C,0x07,0x08
	call LABEL_78B6	;@raw=0x04,0x78,0xB6
	call LABEL_79DD	;@raw=0x04,0x79,0xDD
	ret	;@raw=0x05

LABEL_7B98:
	jne [HACK_VAR_67], [0x10], LABEL_78B5	;@raw=0x0A,0x81,0x67,0x10,0x78,0xB5
	je [0x0D], 0x00, LABEL_7BAA	;@raw=0x0A,0x00,0x0D,0x00,0x7B,0xAA
	call LABEL_7837	;@raw=0x04,0x78,0x37
	jmp LABEL_7BAF	;@raw=0x07,0x7B,0xAF

LABEL_7BAA:
	video type=0, offset=COMMON_VIDEO_228, x=[0x07], y=[0x08], zoom=0x40	;@raw=0x57,0x16,0xAB,0x07,0x08

LABEL_7BAF:
	call LABEL_7647	;@raw=0x04,0x76,0x47
	video type=0, offset=COMMON_VIDEO_229, x=[0x07], y=[0x08], zoom=0x40	;@raw=0x57,0x14,0xB7,0x07,0x08
	call LABEL_78B6	;@raw=0x04,0x78,0xB6
	call LABEL_79FE	;@raw=0x04,0x79,0xFE
	ret	;@raw=0x05

LABEL_7BBE:
	jne [HACK_VAR_67], [0x10], LABEL_78B5	;@raw=0x0A,0x81,0x67,0x10,0x78,0xB5
	je [0x0D], 0x00, LABEL_7BD0	;@raw=0x0A,0x00,0x0D,0x00,0x7B,0xD0
	call LABEL_7837	;@raw=0x04,0x78,0x37
	jmp LABEL_7BD5	;@raw=0x07,0x7B,0xD5

LABEL_7BD0:
	video type=0, offset=COMMON_VIDEO_228, x=[0x07], y=[0x08], zoom=0x40	;@raw=0x57,0x16,0xAB,0x07,0x08

LABEL_7BD5:
	call LABEL_7647	;@raw=0x04,0x76,0x47
	video type=0, offset=COMMON_VIDEO_232, x=[0x07], y=[0x08], zoom=0x40	;@raw=0x57,0x14,0xC8,0x07,0x08
	call LABEL_78B6	;@raw=0x04,0x78,0xB6
	add [0x07], 0x0001	;@raw=0x03,0x07,0x00,0x01
	call LABEL_79FE	;@raw=0x04,0x79,0xFE
	sub [0x07], 0x0001	;@raw=0x03,0x07,0xFF,0xFF
	ret	;@raw=0x05

LABEL_7BEC:
	jne [HACK_VAR_67], [0x10], LABEL_78B5	;@raw=0x0A,0x81,0x67,0x10,0x78,0xB5
	je [0x0D], 0x00, LABEL_7BFE	;@raw=0x0A,0x00,0x0D,0x00,0x7B,0xFE
	call LABEL_7843	;@raw=0x04,0x78,0x43
	jmp LABEL_7C03	;@raw=0x07,0x7C,0x03

LABEL_7BFE:
	video type=0, offset=COMMON_VIDEO_220, x=[0x07], y=[0x08], zoom=0x40	;@raw=0x57,0x16,0xAF,0x07,0x08

LABEL_7C03:
	call LABEL_7647	;@raw=0x04,0x76,0x47
	video type=0, offset=COMMON_VIDEO_233, x=[0x07], y=[0x08], zoom=0x40	;@raw=0x57,0x14,0xD9,0x07,0x08
	call LABEL_78B6	;@raw=0x04,0x78,0xB6
	call LABEL_79BC	;@raw=0x04,0x79,0xBC
	ret	;@raw=0x05

LABEL_7C12:
	jne [HACK_VAR_67], [0x10], LABEL_78B5	;@raw=0x0A,0x81,0x67,0x10,0x78,0xB5
	play id=0x0055, freq=0x14, vol=0x14, channel=0x00	;@raw=0x18,0x00,0x55,0x14,0x14,0x00
	je [0x0D], 0x00, LABEL_7C2A	;@raw=0x0A,0x00,0x0D,0x00,0x7C,0x2A
	call LABEL_7843	;@raw=0x04,0x78,0x43
	jmp LABEL_7C2F	;@raw=0x07,0x7C,0x2F

LABEL_7C2A:
	video type=0, offset=COMMON_VIDEO_216, x=[0x07], y=[0x08], zoom=0x40	;@raw=0x57,0x16,0xB3,0x07,0x08

LABEL_7C2F:
	call LABEL_7647	;@raw=0x04,0x76,0x47
	video type=0, offset=COMMON_VIDEO_234, x=[0x07], y=[0x08], zoom=0x40	;@raw=0x57,0x14,0xEA,0x07,0x08
	call LABEL_78B6	;@raw=0x04,0x78,0xB6
	call LABEL_799B	;@raw=0x04,0x79,0x9B
	play id=0x0055, freq=0x14, vol=0x14, channel=0x00	;@raw=0x18,0x00,0x55,0x14,0x14,0x00
	ret	;@raw=0x05

LABEL_7C44:
	jne [HACK_VAR_67], [0x10], LABEL_78B5	;@raw=0x0A,0x81,0x67,0x10,0x78,0xB5
	je [0x0D], 0x00, LABEL_7C53	;@raw=0x0A,0x00,0x0D,0x00,0x7C,0x53
	call LABEL_7843	;@raw=0x04,0x78,0x43

LABEL_7C53:
	call LABEL_7647	;@raw=0x04,0x76,0x47
	video type=0, offset=COMMON_VIDEO_235, x=[0x07], y=[0x08], zoom=0x40	;@raw=0x57,0x14,0xFB,0x07,0x08
	call LABEL_78B6	;@raw=0x04,0x78,0xB6
	call LABEL_797A	;@raw=0x04,0x79,0x7A
	ret	;@raw=0x05

LABEL_7C62:
	jne [HACK_VAR_67], [0x10], LABEL_78B5	;@raw=0x0A,0x81,0x67,0x10,0x78,0xB5
	je [0x0D], 0x00, LABEL_7C71	;@raw=0x0A,0x00,0x0D,0x00,0x7C,0x71
	call LABEL_7861	;@raw=0x04,0x78,0x61

LABEL_7C71:
	call LABEL_7647	;@raw=0x04,0x76,0x47
	video type=0, offset=COMMON_VIDEO_236, x=[0x07], y=[0x08], zoom=0x40	;@raw=0x57,0x15,0x0C,0x07,0x08
	call LABEL_78B6	;@raw=0x04,0x78,0xB6
	call LABEL_795D	;@raw=0x04,0x79,0x5D
	ret	;@raw=0x05

LABEL_7C80:
	jne [HACK_VAR_67], [0x10], LABEL_78B5	;@raw=0x0A,0x81,0x67,0x10,0x78,0xB5
	je [0x0D], 0x00, LABEL_7C8F	;@raw=0x0A,0x00,0x0D,0x00,0x7C,0x8F
	call LABEL_786D	;@raw=0x04,0x78,0x6D

LABEL_7C8F:
	call LABEL_7647	;@raw=0x04,0x76,0x47
	video type=0, offset=COMMON_VIDEO_237, x=[0x07], y=[0x08], zoom=0x40	;@raw=0x57,0x15,0x1D,0x07,0x08
	call LABEL_78B6	;@raw=0x04,0x78,0xB6
	call LABEL_793C	;@raw=0x04,0x79,0x3C
	ret	;@raw=0x05

LABEL_7C9E:
	jne [HACK_VAR_67], [0x10], LABEL_78B5	;@raw=0x0A,0x81,0x67,0x10,0x78,0xB5
	je [0x0D], 0x00, LABEL_7CAD	;@raw=0x0A,0x00,0x0D,0x00,0x7C,0xAD
	call LABEL_788B	;@raw=0x04,0x78,0x8B

LABEL_7CAD:
	call LABEL_7647	;@raw=0x04,0x76,0x47
	video type=0, offset=COMMON_VIDEO_238, x=[0x07], y=[0x08], zoom=0x40	;@raw=0x57,0x15,0x2E,0x07,0x08
	call LABEL_78B6	;@raw=0x04,0x78,0xB6
	call LABEL_7902	;@raw=0x04,0x79,0x02
	ret	;@raw=0x05

LABEL_7CBC:
	jne [HACK_VAR_67], [0x10], LABEL_78B5	;@raw=0x0A,0x81,0x67,0x10,0x78,0xB5
	je [0x0D], 0x00, LABEL_7CCB	;@raw=0x0A,0x00,0x0D,0x00,0x7C,0xCB
	call LABEL_788B	;@raw=0x04,0x78,0x8B

LABEL_7CCB:
	call LABEL_7647	;@raw=0x04,0x76,0x47
	video type=0, offset=COMMON_VIDEO_164, x=[0x07], y=[0x08], zoom=0x40	;@raw=0x57,0x20,0x76,0x07,0x08
	call LABEL_78B6	;@raw=0x04,0x78,0xB6
	call LABEL_793C	;@raw=0x04,0x79,0x3C
	ret	;@raw=0x05

LABEL_7CDA:
	jne [HACK_VAR_67], [0x10], LABEL_78B5	;@raw=0x0A,0x81,0x67,0x10,0x78,0xB5
	je [0x0D], 0x00, LABEL_7CE9	;@raw=0x0A,0x00,0x0D,0x00,0x7C,0xE9
	call LABEL_786D	;@raw=0x04,0x78,0x6D

LABEL_7CE9:
	call LABEL_7647	;@raw=0x04,0x76,0x47
	video type=0, offset=COMMON_VIDEO_164, x=[0x07], y=[0x08], zoom=0x40	;@raw=0x57,0x20,0x76,0x07,0x08
	call LABEL_78B6	;@raw=0x04,0x78,0xB6
	call LABEL_795D	;@raw=0x04,0x79,0x5D
	ret	;@raw=0x05

LABEL_7CF8:
	jne [HACK_VAR_67], [0x10], LABEL_78B5	;@raw=0x0A,0x81,0x67,0x10,0x78,0xB5
	je [0x0D], 0x00, LABEL_7D07	;@raw=0x0A,0x00,0x0D,0x00,0x7D,0x07
	call LABEL_7861	;@raw=0x04,0x78,0x61

LABEL_7D07:
	call LABEL_7647	;@raw=0x04,0x76,0x47
	video type=0, offset=COMMON_VIDEO_164, x=[0x07], y=[0x08], zoom=0x40	;@raw=0x57,0x20,0x76,0x07,0x08
	call LABEL_78B6	;@raw=0x04,0x78,0xB6
	call LABEL_797A	;@raw=0x04,0x79,0x7A
	ret	;@raw=0x05
	jne [HACK_VAR_67], [0x10], LABEL_78B5	;@raw=0x0A,0x81,0x67,0x10,0x78,0xB5
	video type=1, offset=CINEMATIC_702, x=[0x07], y=[0x08], zoom=0x40	;@raw=0x54,0x0B,0x24,0x07,0x08
	call LABEL_7647	;@raw=0x04,0x76,0x47
	video type=0, offset=COMMON_VIDEO_164, x=[0x07], y=[0x08], zoom=0x40	;@raw=0x57,0x20,0x76,0x07,0x08
	call LABEL_78B6	;@raw=0x04,0x78,0xB6
	call LABEL_795D	;@raw=0x04,0x79,0x5D
	ret	;@raw=0x05

LABEL_7D30:
	jne [HACK_VAR_67], [0x10], LABEL_78B5	;@raw=0x0A,0x81,0x67,0x10,0x78,0xB5
	video type=0, offset=COMMON_VIDEO_216, x=[0x07], y=[0x08], zoom=0x40	;@raw=0x57,0x16,0xB3,0x07,0x08
	call LABEL_7647	;@raw=0x04,0x76,0x47
	video type=0, offset=COMMON_VIDEO_164, x=[0x07], y=[0x08], zoom=0x40	;@raw=0x57,0x20,0x76,0x07,0x08
	call LABEL_78B6	;@raw=0x04,0x78,0xB6
	video type=1, offset=CINEMATIC_293, x=[0x07], y=[0x08], zoom=0x40	;@raw=0x54,0x1C,0x32,0x07,0x08
	ret	;@raw=0x05

LABEL_7D4C:
	jne [HACK_VAR_67], [0x10], LABEL_78B5	;@raw=0x0A,0x81,0x67,0x10,0x78,0xB5
	video type=0, offset=COMMON_VIDEO_216, x=[0x07], y=[0x08], zoom=0x40	;@raw=0x57,0x16,0xB3,0x07,0x08
	call LABEL_7647	;@raw=0x04,0x76,0x47
	video type=0, offset=COMMON_VIDEO_164, x=[0x07], y=[0x08], zoom=0x40	;@raw=0x57,0x20,0x76,0x07,0x08
	call LABEL_78B6	;@raw=0x04,0x78,0xB6
	video type=1, offset=CINEMATIC_294, x=[0x07], y=[0x08], zoom=0x40	;@raw=0x54,0x1C,0x14,0x07,0x08
	ret	;@raw=0x05

LABEL_7D68:
	jne [HACK_VAR_67], [0x10], LABEL_78B5	;@raw=0x0A,0x81,0x67,0x10,0x78,0xB5
	call LABEL_7647	;@raw=0x04,0x76,0x47
	video type=1, offset=CINEMATIC_309, x=[0x07], y=[0x08], zoom=0x40	;@raw=0x54,0x79,0xAA,0x07,0x08
	ret	;@raw=0x05

LABEL_7D77:
	jne [HACK_VAR_67], [0x10], LABEL_78B5	;@raw=0x0A,0x81,0x67,0x10,0x78,0xB5
	call LABEL_7647	;@raw=0x04,0x76,0x47
	video type=1, offset=CINEMATIC_310, x=[0x07], y=[0x08], zoom=0x40	;@raw=0x54,0x79,0xE9,0x07,0x08
	ret	;@raw=0x05

LABEL_7D86:
	jne [HACK_VAR_67], [0x10], LABEL_78B5	;@raw=0x0A,0x81,0x67,0x10,0x78,0xB5
	call LABEL_7647	;@raw=0x04,0x76,0x47
	video type=1, offset=CINEMATIC_317, x=[0x07], y=[0x08], zoom=0x40	;@raw=0x54,0x79,0xFE,0x07,0x08
	ret	;@raw=0x05

LABEL_7D95:
	jne [HACK_VAR_67], [0x10], LABEL_78B5	;@raw=0x0A,0x81,0x67,0x10,0x78,0xB5
	call LABEL_7647	;@raw=0x04,0x76,0x47
	video type=1, offset=CINEMATIC_318, x=[0x07], y=[0x08], zoom=0x40	;@raw=0x54,0x7A,0x1D,0x07,0x08
	ret	;@raw=0x05

JUNK__7DA4:
	call LABEL_8C16	;@raw=0x04,0x8C,0x16
	break	;@raw=0x06
	jmp JUNK__7DA4	;@raw=0x07,0x7D,0xA4
LABEL_7DAB:
	db 0x11

LABEL_7DAC:
	call LABEL_4F8A	;@raw=0x04,0x4F,0x8A
	jmp LABEL_7DBB	;@raw=0x07,0x7D,0xBB
	call LABEL_51D8	;@raw=0x04,0x51,0xD8
	jne [0x2F], 0x02, LABEL_4AF9	;@raw=0x0A,0x01,0x2F,0x02,0x4A,0xF9

LABEL_7DBB:
	call LABEL_7A6C	;@raw=0x04,0x7A,0x6C
	sub [0x07], 0x0002	;@raw=0x03,0x07,0xFF,0xFE
	break	;@raw=0x06
	jg [0x07], [0x29], LABEL_7DD2	;@raw=0x0A,0x82,0x07,0x29,0x7D,0xD2
	call LABEL_51D8	;@raw=0x04,0x51,0xD8
	jne [0x2F], 0x02, LABEL_4AF9	;@raw=0x0A,0x01,0x2F,0x02,0x4A,0xF9

LABEL_7DD2:
	call LABEL_7A92	;@raw=0x04,0x7A,0x92
	sub [0x07], 0x0002	;@raw=0x03,0x07,0xFF,0xFE
	break	;@raw=0x06
	jg [0x07], [0x29], LABEL_7DE9	;@raw=0x0A,0x82,0x07,0x29,0x7D,0xE9
	call LABEL_51D8	;@raw=0x04,0x51,0xD8
	jne [0x2F], 0x02, LABEL_4AF9	;@raw=0x0A,0x01,0x2F,0x02,0x4A,0xF9

LABEL_7DE9:
	call LABEL_7AC0	;@raw=0x04,0x7A,0xC0
	sub [0x07], 0x0003	;@raw=0x03,0x07,0xFF,0xFD
	break	;@raw=0x06
	jg [0x07], [0x29], LABEL_7E00	;@raw=0x0A,0x82,0x07,0x29,0x7E,0x00
	call LABEL_51D8	;@raw=0x04,0x51,0xD8
	jne [0x2F], 0x02, LABEL_4AF9	;@raw=0x0A,0x01,0x2F,0x02,0x4A,0xF9

LABEL_7E00:
	call LABEL_7ADE	;@raw=0x04,0x7A,0xDE
	sub [0x07], 0x0003	;@raw=0x03,0x07,0xFF,0xFD
	break	;@raw=0x06
	jg [0x07], [0x29], LABEL_7E17	;@raw=0x0A,0x82,0x07,0x29,0x7E,0x17
	call LABEL_51D8	;@raw=0x04,0x51,0xD8
	jne [0x2F], 0x02, LABEL_4AF9	;@raw=0x0A,0x01,0x2F,0x02,0x4A,0xF9

LABEL_7E17:
	call LABEL_7B08	;@raw=0x04,0x7B,0x08
	sub [0x07], 0x0003	;@raw=0x03,0x07,0xFF,0xFD
	break	;@raw=0x06
	jg [0x07], [0x29], LABEL_7E2E	;@raw=0x0A,0x82,0x07,0x29,0x7E,0x2E
	call LABEL_51D8	;@raw=0x04,0x51,0xD8
	jne [0x2F], 0x02, LABEL_4AF9	;@raw=0x0A,0x01,0x2F,0x02,0x4A,0xF9

LABEL_7E2E:
	call LABEL_7B26	;@raw=0x04,0x7B,0x26
	sub [0x07], 0x0003	;@raw=0x03,0x07,0xFF,0xFD
	break	;@raw=0x06
	jg [0x07], [0x29], LABEL_7E45	;@raw=0x0A,0x82,0x07,0x29,0x7E,0x45
	call LABEL_51D8	;@raw=0x04,0x51,0xD8
	jne [0x2F], 0x02, LABEL_4AF9	;@raw=0x0A,0x01,0x2F,0x02,0x4A,0xF9

LABEL_7E45:
	call LABEL_7B4C	;@raw=0x04,0x7B,0x4C
	sub [0x07], 0x0003	;@raw=0x03,0x07,0xFF,0xFD
	break	;@raw=0x06
	jg [0x07], [0x29], LABEL_7E5C	;@raw=0x0A,0x82,0x07,0x29,0x7E,0x5C
	call LABEL_51D8	;@raw=0x04,0x51,0xD8
	jne [0x2F], 0x02, LABEL_4AF9	;@raw=0x0A,0x01,0x2F,0x02,0x4A,0xF9

LABEL_7E5C:
	call LABEL_7B72	;@raw=0x04,0x7B,0x72
	sub [0x07], 0x0002	;@raw=0x03,0x07,0xFF,0xFE
	break	;@raw=0x06
	jg [0x07], [0x29], LABEL_7E73	;@raw=0x0A,0x82,0x07,0x29,0x7E,0x73
	call LABEL_51D8	;@raw=0x04,0x51,0xD8
	jne [0x2F], 0x02, LABEL_4AF9	;@raw=0x0A,0x01,0x2F,0x02,0x4A,0xF9

LABEL_7E73:
	call LABEL_7B98	;@raw=0x04,0x7B,0x98
	sub [0x07], 0x0002	;@raw=0x03,0x07,0xFF,0xFE
	break	;@raw=0x06
	jg [0x07], [0x29], LABEL_7E8A	;@raw=0x0A,0x82,0x07,0x29,0x7E,0x8A
	call LABEL_51D8	;@raw=0x04,0x51,0xD8
	jne [0x2F], 0x02, LABEL_4AF9	;@raw=0x0A,0x01,0x2F,0x02,0x4A,0xF9

LABEL_7E8A:
	call LABEL_7BBE	;@raw=0x04,0x7B,0xBE
	sub [0x07], 0x0002	;@raw=0x03,0x07,0xFF,0xFE
	break	;@raw=0x06
	jg [0x07], [0x29], LABEL_7EA1	;@raw=0x0A,0x82,0x07,0x29,0x7E,0xA1
	call LABEL_51D8	;@raw=0x04,0x51,0xD8
	jne [0x2F], 0x02, LABEL_4AF9	;@raw=0x0A,0x01,0x2F,0x02,0x4A,0xF9

LABEL_7EA1:
	call LABEL_7BEC	;@raw=0x04,0x7B,0xEC
	sub [0x07], 0x0003	;@raw=0x03,0x07,0xFF,0xFD
	break	;@raw=0x06
	jg [0x07], [0x29], LABEL_7EB8	;@raw=0x0A,0x82,0x07,0x29,0x7E,0xB8
	call LABEL_51D8	;@raw=0x04,0x51,0xD8
	jne [0x2F], 0x02, LABEL_4AF9	;@raw=0x0A,0x01,0x2F,0x02,0x4A,0xF9

LABEL_7EB8:
	call LABEL_7C12	;@raw=0x04,0x7C,0x12
	sub [0x07], 0x0003	;@raw=0x03,0x07,0xFF,0xFD
	break	;@raw=0x06
	jg [0x07], [0x29], LABEL_7ECF	;@raw=0x0A,0x82,0x07,0x29,0x7E,0xCF
	call LABEL_51D8	;@raw=0x04,0x51,0xD8
	jne [0x2F], 0x02, LABEL_4AF9	;@raw=0x0A,0x01,0x2F,0x02,0x4A,0xF9

LABEL_7ECF:
	call LABEL_7C44	;@raw=0x04,0x7C,0x44
	sub [0x07], 0x0003	;@raw=0x03,0x07,0xFF,0xFD
	break	;@raw=0x06
	jg [0x07], [0x29], LABEL_7EE6	;@raw=0x0A,0x82,0x07,0x29,0x7E,0xE6
	call LABEL_51D8	;@raw=0x04,0x51,0xD8
	jne [0x2F], 0x02, LABEL_4AF9	;@raw=0x0A,0x01,0x2F,0x02,0x4A,0xF9

LABEL_7EE6:
	call LABEL_7C62	;@raw=0x04,0x7C,0x62
	sub [0x07], 0x0003	;@raw=0x03,0x07,0xFF,0xFD
	break	;@raw=0x06
	jg [0x07], [0x29], LABEL_7EFD	;@raw=0x0A,0x82,0x07,0x29,0x7E,0xFD
	call LABEL_51D8	;@raw=0x04,0x51,0xD8
	jne [0x2F], 0x02, LABEL_4AF9	;@raw=0x0A,0x01,0x2F,0x02,0x4A,0xF9

LABEL_7EFD:
	call LABEL_7C80	;@raw=0x04,0x7C,0x80
	sub [0x07], 0x0003	;@raw=0x03,0x07,0xFF,0xFD
	break	;@raw=0x06
	jg [0x07], [0x29], LABEL_7F14	;@raw=0x0A,0x82,0x07,0x29,0x7F,0x14
	call LABEL_51D8	;@raw=0x04,0x51,0xD8
	jne [0x2F], 0x02, LABEL_4AF9	;@raw=0x0A,0x01,0x2F,0x02,0x4A,0xF9

LABEL_7F14:
	call LABEL_7C9E	;@raw=0x04,0x7C,0x9E
	sub [0x07], 0x0002	;@raw=0x03,0x07,0xFF,0xFE
	break	;@raw=0x06
	jmp LABEL_7DAC	;@raw=0x07,0x7D,0xAC
LABEL_7F1F:
	db 0x11

LABEL_7F20:
	jne [HACK_VAR_67], [0x10], LABEL_78B5	;@raw=0x0A,0x81,0x67,0x10,0x78,0xB5
	sub [0x08], 0x0001	;@raw=0x03,0x08,0xFF,0xFF
	je [0x0D], 0x00, LABEL_7F36	;@raw=0x0A,0x00,0x0D,0x00,0x7F,0x36
	call LABEL_7861	;@raw=0x04,0x78,0x61
	jmp LABEL_7F3B	;@raw=0x07,0x7F,0x3B

LABEL_7F36:
	video type=0, offset=COMMON_VIDEO_263, x=[0x07], y=[0x08], zoom=0x40	;@raw=0x57,0x19,0x05,0x07,0x08

LABEL_7F3B:
	call LABEL_7647	;@raw=0x04,0x76,0x47
	video type=0, offset=COMMON_VIDEO_264, x=[0x07], y=[0x08], zoom=0x40	;@raw=0x57,0x16,0xBB,0x07,0x08
	call LABEL_7A61	;@raw=0x04,0x7A,0x61
	add [0x08], 0x0001	;@raw=0x03,0x08,0x00,0x01
	ret	;@raw=0x05

LABEL_7F4B:
	jne [HACK_VAR_67], [0x10], LABEL_78B5	;@raw=0x0A,0x81,0x67,0x10,0x78,0xB5
	je [0x0D], 0x00, LABEL_7F5D	;@raw=0x0A,0x00,0x0D,0x00,0x7F,0x5D
	call LABEL_7861	;@raw=0x04,0x78,0x61
	jmp LABEL_7F62	;@raw=0x07,0x7F,0x62

LABEL_7F5D:
	video type=0, offset=COMMON_VIDEO_266, x=[0x07], y=[0x08], zoom=0x40	;@raw=0x57,0x19,0x00,0x07,0x08

LABEL_7F62:
	call LABEL_7647	;@raw=0x04,0x76,0x47
	video type=0, offset=COMMON_VIDEO_267, x=[0x07], y=[0x08], zoom=0x40	;@raw=0x57,0x17,0x05,0x07,0x08
	call LABEL_7A1F	;@raw=0x04,0x7A,0x1F
	ret	;@raw=0x05

LABEL_7F6E:
	jne [HACK_VAR_67], [0x10], LABEL_78B5	;@raw=0x0A,0x81,0x67,0x10,0x78,0xB5
	add [0x08], 0x0001	;@raw=0x03,0x08,0x00,0x01
	je [0x0D], 0x00, LABEL_7F84	;@raw=0x0A,0x00,0x0D,0x00,0x7F,0x84
	call LABEL_788B	;@raw=0x04,0x78,0x8B
	jmp LABEL_7F89	;@raw=0x07,0x7F,0x89

LABEL_7F84:
	video type=0, offset=COMMON_VIDEO_269, x=[0x07], y=[0x08], zoom=0x40	;@raw=0x57,0x18,0xFB,0x07,0x08

LABEL_7F89:
	call LABEL_7647	;@raw=0x04,0x76,0x47
	video type=0, offset=COMMON_VIDEO_270, x=[0x07], y=[0x08], zoom=0x40	;@raw=0x57,0x17,0x4F,0x07,0x08
	call LABEL_7A2A	;@raw=0x04,0x7A,0x2A
	sub [0x08], 0x0001	;@raw=0x03,0x08,0xFF,0xFF
	ret	;@raw=0x05

LABEL_7F99:
	jne [HACK_VAR_67], [0x10], LABEL_78B5	;@raw=0x0A,0x81,0x67,0x10,0x78,0xB5
	play id=0x0055, freq=0x14, vol=0x14, channel=0x00	;@raw=0x18,0x00,0x55,0x14,0x14,0x00
	add [0x08], 0x0001	;@raw=0x03,0x08,0x00,0x01
	je [0x0D], 0x00, LABEL_7FB5	;@raw=0x0A,0x00,0x0D,0x00,0x7F,0xB5
	call LABEL_788B	;@raw=0x04,0x78,0x8B
	jmp LABEL_7FBA	;@raw=0x07,0x7F,0xBA

LABEL_7FB5:
	video type=0, offset=COMMON_VIDEO_272, x=[0x07], y=[0x08], zoom=0x40	;@raw=0x57,0x18,0xF6,0x07,0x08

LABEL_7FBA:
	call LABEL_7647	;@raw=0x04,0x76,0x47
	video type=0, offset=COMMON_VIDEO_273, x=[0x07], y=[0x08], zoom=0x40	;@raw=0x57,0x17,0x9D,0x07,0x08
	call LABEL_7A35	;@raw=0x04,0x7A,0x35
	sub [0x08], 0x0001	;@raw=0x03,0x08,0xFF,0xFF
	ret	;@raw=0x05

LABEL_7FCA:
	jne [HACK_VAR_67], [0x10], LABEL_78B5	;@raw=0x0A,0x81,0x67,0x10,0x78,0xB5
	je [0x0D], 0x00, LABEL_7FDC	;@raw=0x0A,0x00,0x0D,0x00,0x7F,0xDC
	call LABEL_788B	;@raw=0x04,0x78,0x8B
	jmp LABEL_7FE1	;@raw=0x07,0x7F,0xE1

LABEL_7FDC:
	video type=0, offset=COMMON_VIDEO_275, x=[0x07], y=[0x08], zoom=0x40	;@raw=0x57,0x19,0x09,0x07,0x08

LABEL_7FE1:
	call LABEL_7647	;@raw=0x04,0x76,0x47
	video type=0, offset=COMMON_VIDEO_276, x=[0x07], y=[0x08], zoom=0x40	;@raw=0x57,0x17,0xEB,0x07,0x08
	call LABEL_7A40	;@raw=0x04,0x7A,0x40
	ret	;@raw=0x05

LABEL_7FED:
	jne [HACK_VAR_67], [0x10], LABEL_78B5	;@raw=0x0A,0x81,0x67,0x10,0x78,0xB5
	sub [0x08], 0x0001	;@raw=0x03,0x08,0xFF,0xFF
	je [0x0D], 0x00, LABEL_8003	;@raw=0x0A,0x00,0x0D,0x00,0x80,0x03
	call LABEL_7861	;@raw=0x04,0x78,0x61
	jmp LABEL_8008	;@raw=0x07,0x80,0x08

LABEL_8003:
	video type=0, offset=COMMON_VIDEO_272, x=[0x07], y=[0x08], zoom=0x40	;@raw=0x57,0x18,0xF6,0x07,0x08

LABEL_8008:
	call LABEL_7647	;@raw=0x04,0x76,0x47
	video type=0, offset=COMMON_VIDEO_278, x=[0x07], y=[0x08], zoom=0x40	;@raw=0x57,0x18,0x25,0x07,0x08
	call LABEL_7A40	;@raw=0x04,0x7A,0x40
	add [0x08], 0x0001	;@raw=0x03,0x08,0x00,0x01
	ret	;@raw=0x05

LABEL_8018:
	jne [HACK_VAR_67], [0x10], LABEL_78B5	;@raw=0x0A,0x81,0x67,0x10,0x78,0xB5
	je [0x0D], 0x00, LABEL_802A	;@raw=0x0A,0x00,0x0D,0x00,0x80,0x2A
	call LABEL_7861	;@raw=0x04,0x78,0x61
	jmp LABEL_802F	;@raw=0x07,0x80,0x2F

LABEL_802A:
	video type=0, offset=COMMON_VIDEO_272, x=[0x07], y=[0x08], zoom=0x40	;@raw=0x57,0x18,0xF6,0x07,0x08

LABEL_802F:
	call LABEL_7647	;@raw=0x04,0x76,0x47
	video type=0, offset=COMMON_VIDEO_279, x=[0x07], y=[0x08], zoom=0x40	;@raw=0x57,0x18,0x33,0x07,0x08
	call LABEL_7A35	;@raw=0x04,0x7A,0x35
	ret	;@raw=0x05

LABEL_803B:
	jne [HACK_VAR_67], [0x10], LABEL_78B5	;@raw=0x0A,0x81,0x67,0x10,0x78,0xB5
	play id=0x0055, freq=0x0F, vol=0x14, channel=0x00	;@raw=0x18,0x00,0x55,0x0F,0x14,0x00
	add [0x08], 0x0001	;@raw=0x03,0x08,0x00,0x01
	je [0x0D], 0x00, LABEL_8057	;@raw=0x0A,0x00,0x0D,0x00,0x80,0x57
	call LABEL_7843	;@raw=0x04,0x78,0x43
	jmp LABEL_805C	;@raw=0x07,0x80,0x5C

LABEL_8057:
	video type=0, offset=COMMON_VIDEO_269, x=[0x07], y=[0x08], zoom=0x40	;@raw=0x57,0x18,0xFB,0x07,0x08

LABEL_805C:
	call LABEL_7647	;@raw=0x04,0x76,0x47
	video type=0, offset=COMMON_VIDEO_280, x=[0x07], y=[0x08], zoom=0x40	;@raw=0x57,0x18,0x41,0x07,0x08
	call LABEL_7A4B	;@raw=0x04,0x7A,0x4B
	sub [0x08], 0x0001	;@raw=0x03,0x08,0xFF,0xFF
	ret	;@raw=0x05

LABEL_806C:
	jne [HACK_VAR_67], [0x10], LABEL_78B5	;@raw=0x0A,0x81,0x67,0x10,0x78,0xB5
	add [0x08], 0x0001	;@raw=0x03,0x08,0x00,0x01
	je [0x0D], 0x00, LABEL_8082	;@raw=0x0A,0x00,0x0D,0x00,0x80,0x82
	call LABEL_7837	;@raw=0x04,0x78,0x37
	jmp LABEL_8087	;@raw=0x07,0x80,0x87

LABEL_8082:
	video type=0, offset=COMMON_VIDEO_269, x=[0x07], y=[0x08], zoom=0x40	;@raw=0x57,0x18,0xFB,0x07,0x08

LABEL_8087:
	call LABEL_7647	;@raw=0x04,0x76,0x47
	video type=0, offset=COMMON_VIDEO_282, x=[0x07], y=[0x08], zoom=0x40	;@raw=0x57,0x18,0x4F,0x07,0x08
	call LABEL_7A56	;@raw=0x04,0x7A,0x56
	sub [0x08], 0x0001	;@raw=0x03,0x08,0xFF,0xFF
	ret	;@raw=0x05

LABEL_8097:
	jne [HACK_VAR_67], [0x10], LABEL_78B5	;@raw=0x0A,0x81,0x67,0x10,0x78,0xB5
	je [0x0D], 0x00, LABEL_80A9	;@raw=0x0A,0x00,0x0D,0x00,0x80,0xA9
	call LABEL_7843	;@raw=0x04,0x78,0x43
	jmp LABEL_80AE	;@raw=0x07,0x80,0xAE

LABEL_80A9:
	video type=0, offset=COMMON_VIDEO_266, x=[0x07], y=[0x08], zoom=0x40	;@raw=0x57,0x19,0x00,0x07,0x08

LABEL_80AE:
	call LABEL_7647	;@raw=0x04,0x76,0x47
	video type=0, offset=COMMON_VIDEO_284, x=[0x07], y=[0x08], zoom=0x40	;@raw=0x57,0x18,0x5D,0x07,0x08
	add [0x07], 0x0001	;@raw=0x03,0x07,0x00,0x01
	call LABEL_7A61	;@raw=0x04,0x7A,0x61
	sub [0x07], 0x0001	;@raw=0x03,0x07,0xFF,0xFF
	ret	;@raw=0x05

LABEL_80C2:
	call LABEL_4F8A	;@raw=0x04,0x4F,0x8A
	jmp LABEL_80D1	;@raw=0x07,0x80,0xD1
	call LABEL_51D8	;@raw=0x04,0x51,0xD8
	jne [0x2F], 0x04, LABEL_4B0A	;@raw=0x0A,0x01,0x2F,0x04,0x4B,0x0A

LABEL_80D1:
	call LABEL_7F20	;@raw=0x04,0x7F,0x20
	sub [0x07], 0x0007	;@raw=0x03,0x07,0xFF,0xF9
	break	;@raw=0x06
	jg [0x07], [0x29], LABEL_80E8	;@raw=0x0A,0x82,0x07,0x29,0x80,0xE8
	call LABEL_51D8	;@raw=0x04,0x51,0xD8
	jne [0x2F], 0x04, LABEL_4B0A	;@raw=0x0A,0x01,0x2F,0x04,0x4B,0x0A

LABEL_80E8:
	call LABEL_7F4B	;@raw=0x04,0x7F,0x4B
	sub [0x07], 0x0009	;@raw=0x03,0x07,0xFF,0xF7
	break	;@raw=0x06
	jg [0x07], [0x29], LABEL_80FF	;@raw=0x0A,0x82,0x07,0x29,0x80,0xFF
	call LABEL_51D8	;@raw=0x04,0x51,0xD8
	jne [0x2F], 0x04, LABEL_4B0A	;@raw=0x0A,0x01,0x2F,0x04,0x4B,0x0A

LABEL_80FF:
	call LABEL_7F6E	;@raw=0x04,0x7F,0x6E
	sub [0x07], 0x0009	;@raw=0x03,0x07,0xFF,0xF7
	break	;@raw=0x06
	jg [0x07], [0x29], LABEL_8116	;@raw=0x0A,0x82,0x07,0x29,0x81,0x16
	call LABEL_51D8	;@raw=0x04,0x51,0xD8
	jne [0x2F], 0x04, LABEL_4B0A	;@raw=0x0A,0x01,0x2F,0x04,0x4B,0x0A

LABEL_8116:
	call LABEL_7F99	;@raw=0x04,0x7F,0x99
	sub [0x07], 0x0008	;@raw=0x03,0x07,0xFF,0xF8
	break	;@raw=0x06
	jg [0x07], [0x29], LABEL_812D	;@raw=0x0A,0x82,0x07,0x29,0x81,0x2D
	call LABEL_51D8	;@raw=0x04,0x51,0xD8
	jne [0x2F], 0x04, LABEL_4B0A	;@raw=0x0A,0x01,0x2F,0x04,0x4B,0x0A

LABEL_812D:
	call LABEL_7FCA	;@raw=0x04,0x7F,0xCA
	sub [0x07], 0x000A	;@raw=0x03,0x07,0xFF,0xF6
	break	;@raw=0x06
	jg [0x07], [0x29], LABEL_8144	;@raw=0x0A,0x82,0x07,0x29,0x81,0x44
	call LABEL_51D8	;@raw=0x04,0x51,0xD8
	jne [0x2F], 0x04, LABEL_4B0A	;@raw=0x0A,0x01,0x2F,0x04,0x4B,0x0A

LABEL_8144:
	call LABEL_7FED	;@raw=0x04,0x7F,0xED
	sub [0x07], 0x0007	;@raw=0x03,0x07,0xFF,0xF9
	break	;@raw=0x06
	jg [0x07], [0x29], LABEL_815B	;@raw=0x0A,0x82,0x07,0x29,0x81,0x5B
	call LABEL_51D8	;@raw=0x04,0x51,0xD8
	jne [0x2F], 0x04, LABEL_4B0A	;@raw=0x0A,0x01,0x2F,0x04,0x4B,0x0A

LABEL_815B:
	call LABEL_8018	;@raw=0x04,0x80,0x18
	sub [0x07], 0x0009	;@raw=0x03,0x07,0xFF,0xF7
	break	;@raw=0x06
	jg [0x07], [0x29], LABEL_8172	;@raw=0x0A,0x82,0x07,0x29,0x81,0x72
	call LABEL_51D8	;@raw=0x04,0x51,0xD8
	jne [0x2F], 0x04, LABEL_4B0A	;@raw=0x0A,0x01,0x2F,0x04,0x4B,0x0A

LABEL_8172:
	call LABEL_803B	;@raw=0x04,0x80,0x3B
	sub [0x07], 0x0009	;@raw=0x03,0x07,0xFF,0xF7
	break	;@raw=0x06
	jg [0x07], [0x29], LABEL_8189	;@raw=0x0A,0x82,0x07,0x29,0x81,0x89
	call LABEL_51D8	;@raw=0x04,0x51,0xD8
	jne [0x2F], 0x04, LABEL_4B0A	;@raw=0x0A,0x01,0x2F,0x04,0x4B,0x0A

LABEL_8189:
	call LABEL_806C	;@raw=0x04,0x80,0x6C
	sub [0x07], 0x0008	;@raw=0x03,0x07,0xFF,0xF8
	break	;@raw=0x06
	jg [0x07], [0x29], LABEL_81A0	;@raw=0x0A,0x82,0x07,0x29,0x81,0xA0
	call LABEL_51D8	;@raw=0x04,0x51,0xD8
	jne [0x2F], 0x04, LABEL_4B0A	;@raw=0x0A,0x01,0x2F,0x04,0x4B,0x0A

LABEL_81A0:
	call LABEL_8097	;@raw=0x04,0x80,0x97
	sub [0x07], 0x000A	;@raw=0x03,0x07,0xFF,0xF6
	break	;@raw=0x06
	jmp LABEL_80C2	;@raw=0x07,0x80,0xC2
LABEL_81AB:
	db 0x11

LABEL_81AC:
	video type=0, offset=COMMON_VIDEO_314, x=[0x07], y=[0x08], zoom=0x40	;@raw=0x57,0x20,0xD4,0x07,0x08
	jg [0x13], [0x30], LABEL_78B5	;@raw=0x0A,0x82,0x13,0x30,0x78,0xB5
	mov [0xF8], [0x31]	;@raw=0x01,0xF8,0x31
	and [0xF8], 0x0002	;@raw=0x14,0xF8,0x00,0x02
	je [0xF8], 0x00, LABEL_78B5	;@raw=0x0A,0x00,0xF8,0x00,0x78,0xB5
	video type=0, offset=COMMON_VIDEO_315, x=[0x07], y=[0x08], zoom=0x40	;@raw=0x57,0x2E,0x3A,0x07,0x08
	ret	;@raw=0x05

LABEL_81CA:
	video type=0, offset=COMMON_VIDEO_316, x=[0x07], y=[0x08], zoom=0x40	;@raw=0x57,0x20,0xF0,0x07,0x08
	jg [0x13], [0x30], LABEL_78B5	;@raw=0x0A,0x82,0x13,0x30,0x78,0xB5
	mov [0xF8], [0x31]	;@raw=0x01,0xF8,0x31
	and [0xF8], 0x0002	;@raw=0x14,0xF8,0x00,0x02
	je [0xF8], 0x00, LABEL_78B5	;@raw=0x0A,0x00,0xF8,0x00,0x78,0xB5
	video type=0, offset=COMMON_VIDEO_317, x=[0x07], y=[0x08], zoom=0x40	;@raw=0x57,0x2E,0x3E,0x07,0x08
	ret	;@raw=0x05

LABEL_81E8:
	video type=0, offset=COMMON_VIDEO_318, x=[0x07], y=[0x08], zoom=0x40	;@raw=0x57,0x21,0x0C,0x07,0x08
	jg [0x13], [0x30], LABEL_78B5	;@raw=0x0A,0x82,0x13,0x30,0x78,0xB5
	mov [0xF8], [0x31]	;@raw=0x01,0xF8,0x31
	and [0xF8], 0x0004	;@raw=0x14,0xF8,0x00,0x04
	je [0xF8], 0x00, LABEL_78B5	;@raw=0x0A,0x00,0xF8,0x00,0x78,0xB5
	video type=0, offset=COMMON_VIDEO_319, x=[0x07], y=[0x08], zoom=0x40	;@raw=0x57,0x2E,0x42,0x07,0x08
	ret	;@raw=0x05

LABEL_8206:
	add [0x07], 0x0001	;@raw=0x03,0x07,0x00,0x01
	call LABEL_8212	;@raw=0x04,0x82,0x12
	sub [0x07], 0x0001	;@raw=0x03,0x07,0xFF,0xFF
	ret	;@raw=0x05

LABEL_8212:
	video type=0, offset=COMMON_VIDEO_302, x=[0x07], y=[0x08], zoom=0x40	;@raw=0x57,0x1D,0xA2,0x07,0x08
	mov [0xF5], [0x07]	;@raw=0x01,0xF5,0x07
	jg [0x13], [0x30], LABEL_854D	;@raw=0x0A,0x82,0x13,0x30,0x85,0x4D
	mov [0xF8], [0x31]	;@raw=0x01,0xF8,0x31
	and [0xF8], 0x0004	;@raw=0x14,0xF8,0x00,0x04
	je [0xF8], 0x00, LABEL_854D	;@raw=0x0A,0x00,0xF8,0x00,0x85,0x4D
	video type=0, offset=COMMON_VIDEO_303, x=[0x07], y=[0x08], zoom=0x40	;@raw=0x57,0x2E,0x52,0x07,0x08
	jmp LABEL_854D	;@raw=0x07,0x85,0x4D

LABEL_8235:
	add [0x07], 0x0001	;@raw=0x03,0x07,0x00,0x01
	call LABEL_8241	;@raw=0x04,0x82,0x41
	sub [0x07], 0x0001	;@raw=0x03,0x07,0xFF,0xFF
	ret	;@raw=0x05

LABEL_8241:
	video type=0, offset=COMMON_VIDEO_310, x=[0x07], y=[0x08], zoom=0x40	;@raw=0x57,0x1D,0xCB,0x07,0x08
	mov [0xF5], [0x07]	;@raw=0x01,0xF5,0x07
	jg [0x13], [0x30], LABEL_854D	;@raw=0x0A,0x82,0x13,0x30,0x85,0x4D
	mov [0xF8], [0x31]	;@raw=0x01,0xF8,0x31
	and [0xF8], 0x0004	;@raw=0x14,0xF8,0x00,0x04
	je [0xF8], 0x00, LABEL_854D	;@raw=0x0A,0x00,0xF8,0x00,0x85,0x4D
	video type=0, offset=COMMON_VIDEO_311, x=[0x07], y=[0x08], zoom=0x40	;@raw=0x57,0x2E,0x56,0x07,0x08
	jmp LABEL_854D	;@raw=0x07,0x85,0x4D

LABEL_8264:
	video type=0, offset=COMMON_VIDEO_312, x=[0x07], y=[0x08], zoom=0x40	;@raw=0x57,0x1D,0xF4,0x07,0x08
	mov [0xF5], [0x07]	;@raw=0x01,0xF5,0x07
	jg [0x13], [0x30], LABEL_854D	;@raw=0x0A,0x82,0x13,0x30,0x85,0x4D
	mov [0xF8], [0x31]	;@raw=0x01,0xF8,0x31
	and [0xF8], 0x0004	;@raw=0x14,0xF8,0x00,0x04
	je [0xF8], 0x00, LABEL_854D	;@raw=0x0A,0x00,0xF8,0x00,0x85,0x4D
	video type=0, offset=COMMON_VIDEO_313, x=[0x07], y=[0x08], zoom=0x40	;@raw=0x57,0x2E,0x5A,0x07,0x08
	jmp LABEL_854D	;@raw=0x07,0x85,0x4D

LABEL_8287:
	sub [0x07], 0x0001	;@raw=0x03,0x07,0xFF,0xFF
	call LABEL_8235	;@raw=0x04,0x82,0x35
	add [0x07], 0x0001	;@raw=0x03,0x07,0x00,0x01
	ret	;@raw=0x05

LABEL_8293:
	jne [HACK_VAR_67], [0x10], LABEL_78B5	;@raw=0x0A,0x81,0x67,0x10,0x78,0xB5
	sub [0x08], 0x0001	;@raw=0x03,0x08,0xFF,0xFF
	call LABEL_8449	;@raw=0x04,0x84,0x49
	video type=0, offset=COMMON_VIDEO_241, x=[0x07], y=[0x08], zoom=0x40	;@raw=0x57,0x12,0xB3,0x07,0x08
	video type=0, offset=COMMON_VIDEO_242, x=[0x07], y=[0x08], zoom=0x40	;@raw=0x57,0x0F,0xB8,0x07,0x08
	je [0x0D], 0x00, LABEL_82B6	;@raw=0x0A,0x00,0x0D,0x00,0x82,0xB6
	call LABEL_8235	;@raw=0x04,0x82,0x35
	jmp LABEL_82BB	;@raw=0x07,0x82,0xBB

LABEL_82B6:
	video type=0, offset=COMMON_VIDEO_243, x=[0x07], y=[0x08], zoom=0x40	;@raw=0x57,0x30,0x84,0x07,0x08

LABEL_82BB:
	add [0x08], 0x0001	;@raw=0x03,0x08,0x00,0x01
	ret	;@raw=0x05

LABEL_82C0:
	jne [HACK_VAR_67], [0x10], LABEL_78B5	;@raw=0x0A,0x81,0x67,0x10,0x78,0xB5
	call LABEL_8449	;@raw=0x04,0x84,0x49
	video type=0, offset=COMMON_VIDEO_244, x=[0x07], y=[0x08], zoom=0x40	;@raw=0x57,0x12,0xAE,0x07,0x08
	video type=0, offset=COMMON_VIDEO_245, x=[0x07], y=[0x08], zoom=0x40	;@raw=0x57,0x0F,0xF2,0x07,0x08
	je [0x0D], 0x00, LABEL_82DF	;@raw=0x0A,0x00,0x0D,0x00,0x82,0xDF
	call LABEL_8235	;@raw=0x04,0x82,0x35
	jmp LABEL_82E4	;@raw=0x07,0x82,0xE4

LABEL_82DF:
	video type=0, offset=COMMON_VIDEO_246, x=[0x07], y=[0x08], zoom=0x40	;@raw=0x57,0x10,0xD4,0x07,0x08

LABEL_82E4:
	ret	;@raw=0x05

LABEL_82E5:
	jne [HACK_VAR_67], [0x10], LABEL_78B5	;@raw=0x0A,0x81,0x67,0x10,0x78,0xB5
	play id=0x0055, freq=0x0F, vol=0x14, channel=0x00	;@raw=0x18,0x00,0x55,0x0F,0x14,0x00
	add [0x08], 0x0001	;@raw=0x03,0x08,0x00,0x01
	call LABEL_8449	;@raw=0x04,0x84,0x49
	video type=0, offset=COMMON_VIDEO_247, x=[0x07], y=[0x08], zoom=0x40	;@raw=0x57,0x12,0xA9,0x07,0x08
	video type=0, offset=COMMON_VIDEO_248, x=[0x07], y=[0x08], zoom=0x40	;@raw=0x57,0x10,0x2C,0x07,0x08
	je [0x0D], 0x00, LABEL_830E	;@raw=0x0A,0x00,0x0D,0x00,0x83,0x0E
	call LABEL_8212	;@raw=0x04,0x82,0x12
	jmp LABEL_8313	;@raw=0x07,0x83,0x13

LABEL_830E:
	video type=0, offset=COMMON_VIDEO_249, x=[0x07], y=[0x08], zoom=0x40	;@raw=0x57,0x10,0xEB,0x07,0x08

LABEL_8313:
	sub [0x08], 0x0001	;@raw=0x03,0x08,0xFF,0xFF
	ret	;@raw=0x05

LABEL_8318:
	jne [HACK_VAR_67], [0x10], LABEL_78B5	;@raw=0x0A,0x81,0x67,0x10,0x78,0xB5
	add [0x08], 0x0001	;@raw=0x03,0x08,0x00,0x01
	call LABEL_8449	;@raw=0x04,0x84,0x49
	video type=0, offset=COMMON_VIDEO_250, x=[0x07], y=[0x08], zoom=0x40	;@raw=0x57,0x12,0xA4,0x07,0x08
	video type=0, offset=COMMON_VIDEO_251, x=[0x07], y=[0x08], zoom=0x40	;@raw=0x57,0x10,0x5C,0x07,0x08
	je [0x0D], 0x00, LABEL_833B	;@raw=0x0A,0x00,0x0D,0x00,0x83,0x3B
	call LABEL_8206	;@raw=0x04,0x82,0x06
	jmp LABEL_8340	;@raw=0x07,0x83,0x40

LABEL_833B:
	video type=0, offset=COMMON_VIDEO_252, x=[0x07], y=[0x08], zoom=0x40	;@raw=0x57,0x11,0x00,0x07,0x08

LABEL_8340:
	sub [0x08], 0x0001	;@raw=0x03,0x08,0xFF,0xFF
	ret	;@raw=0x05

LABEL_8345:
	jne [HACK_VAR_67], [0x10], LABEL_78B5	;@raw=0x0A,0x81,0x67,0x10,0x78,0xB5
	call LABEL_8449	;@raw=0x04,0x84,0x49
	video type=0, offset=COMMON_VIDEO_253, x=[0x07], y=[0x08], zoom=0x40	;@raw=0x57,0x12,0xB8,0x07,0x08
	video type=0, offset=COMMON_VIDEO_254, x=[0x07], y=[0x08], zoom=0x40	;@raw=0x57,0x10,0x9A,0x07,0x08
	je [0x0D], 0x00, LABEL_8364	;@raw=0x0A,0x00,0x0D,0x00,0x83,0x64
	call LABEL_8212	;@raw=0x04,0x82,0x12
	jmp LABEL_8369	;@raw=0x07,0x83,0x69

LABEL_8364:
	video type=0, offset=COMMON_VIDEO_255, x=[0x07], y=[0x08], zoom=0x40	;@raw=0x57,0x11,0x09,0x07,0x08

LABEL_8369:
	ret	;@raw=0x05

LABEL_836A:
	jne [HACK_VAR_67], [0x10], LABEL_78B5	;@raw=0x0A,0x81,0x67,0x10,0x78,0xB5
	sub [0x08], 0x0001	;@raw=0x03,0x08,0xFF,0xFF
	call LABEL_8449	;@raw=0x04,0x84,0x49
	video type=0, offset=COMMON_VIDEO_250, x=[0x07], y=[0x08], zoom=0x40	;@raw=0x57,0x12,0xA4,0x07,0x08
	video type=0, offset=COMMON_VIDEO_256, x=[0x07], y=[0x08], zoom=0x40	;@raw=0x57,0x11,0x88,0x07,0x08
	je [0x0D], 0x00, LABEL_838D	;@raw=0x0A,0x00,0x0D,0x00,0x83,0x8D
	call LABEL_8235	;@raw=0x04,0x82,0x35
	jmp LABEL_8392	;@raw=0x07,0x83,0x92

LABEL_838D:
	video type=0, offset=COMMON_VIDEO_255, x=[0x07], y=[0x08], zoom=0x40	;@raw=0x57,0x11,0x09,0x07,0x08

LABEL_8392:
	add [0x08], 0x0001	;@raw=0x03,0x08,0x00,0x01
	ret	;@raw=0x05

LABEL_8397:
	jne [HACK_VAR_67], [0x10], LABEL_78B5	;@raw=0x0A,0x81,0x67,0x10,0x78,0xB5
	call LABEL_8449	;@raw=0x04,0x84,0x49
	video type=0, offset=COMMON_VIDEO_250, x=[0x07], y=[0x08], zoom=0x40	;@raw=0x57,0x12,0xA4,0x07,0x08
	video type=0, offset=COMMON_VIDEO_257, x=[0x07], y=[0x08], zoom=0x40	;@raw=0x57,0x11,0x96,0x07,0x08
	je [0x0D], 0x00, LABEL_83B6	;@raw=0x0A,0x00,0x0D,0x00,0x83,0xB6
	call LABEL_8235	;@raw=0x04,0x82,0x35
	jmp LABEL_83BB	;@raw=0x07,0x83,0xBB

LABEL_83B6:
	video type=0, offset=COMMON_VIDEO_252, x=[0x07], y=[0x08], zoom=0x40	;@raw=0x57,0x11,0x00,0x07,0x08

LABEL_83BB:
	ret	;@raw=0x05

LABEL_83BC:
	jne [HACK_VAR_67], [0x10], LABEL_78B5	;@raw=0x0A,0x81,0x67,0x10,0x78,0xB5
	play id=0x0055, freq=0x14, vol=0x14, channel=0x00	;@raw=0x18,0x00,0x55,0x14,0x14,0x00
	add [0x08], 0x0001	;@raw=0x03,0x08,0x00,0x01
	call LABEL_8449	;@raw=0x04,0x84,0x49
	video type=0, offset=COMMON_VIDEO_247, x=[0x07], y=[0x08], zoom=0x40	;@raw=0x57,0x12,0xA9,0x07,0x08
	video type=0, offset=COMMON_VIDEO_258, x=[0x07], y=[0x08], zoom=0x40	;@raw=0x57,0x11,0xA4,0x07,0x08
	je [0x0D], 0x00, LABEL_83E5	;@raw=0x0A,0x00,0x0D,0x00,0x83,0xE5
	call LABEL_8264	;@raw=0x04,0x82,0x64
	jmp LABEL_83EA	;@raw=0x07,0x83,0xEA

LABEL_83E5:
	video type=0, offset=COMMON_VIDEO_259, x=[0x07], y=[0x08], zoom=0x40	;@raw=0x57,0x11,0x26,0x07,0x08

LABEL_83EA:
	sub [0x08], 0x0001	;@raw=0x03,0x08,0xFF,0xFF
	ret	;@raw=0x05

LABEL_83EF:
	jne [HACK_VAR_67], [0x10], LABEL_78B5	;@raw=0x0A,0x81,0x67,0x10,0x78,0xB5
	add [0x08], 0x0001	;@raw=0x03,0x08,0x00,0x01
	call LABEL_8449	;@raw=0x04,0x84,0x49
	video type=0, offset=COMMON_VIDEO_247, x=[0x07], y=[0x08], zoom=0x40	;@raw=0x57,0x12,0xA9,0x07,0x08
	video type=0, offset=COMMON_VIDEO_260, x=[0x07], y=[0x08], zoom=0x40	;@raw=0x57,0x11,0xB2,0x07,0x08
	je [0x0D], 0x00, LABEL_8412	;@raw=0x0A,0x00,0x0D,0x00,0x84,0x12
	call LABEL_8287	;@raw=0x04,0x82,0x87
	jmp LABEL_8417	;@raw=0x07,0x84,0x17

LABEL_8412:
	video type=0, offset=COMMON_VIDEO_261, x=[0x07], y=[0x08], zoom=0x40	;@raw=0x57,0x11,0x3B,0x07,0x08

LABEL_8417:
	sub [0x08], 0x0001	;@raw=0x03,0x08,0xFF,0xFF
	ret	;@raw=0x05

LABEL_841C:
	jne [HACK_VAR_67], [0x10], LABEL_78B5	;@raw=0x0A,0x81,0x67,0x10,0x78,0xB5
	call LABEL_8449	;@raw=0x04,0x84,0x49
	video type=0, offset=COMMON_VIDEO_244, x=[0x07], y=[0x08], zoom=0x40	;@raw=0x57,0x12,0xAE,0x07,0x08
	video type=0, offset=COMMON_VIDEO_262, x=[0x07], y=[0x08], zoom=0x40	;@raw=0x57,0x11,0xC0,0x07,0x08
	sub [0x07], 0x0001	;@raw=0x03,0x07,0xFF,0xFF
	je [0x0D], 0x00, LABEL_843F	;@raw=0x0A,0x00,0x0D,0x00,0x84,0x3F
	call LABEL_8264	;@raw=0x04,0x82,0x64
	jmp LABEL_8444	;@raw=0x07,0x84,0x44

LABEL_843F:
	video type=0, offset=COMMON_VIDEO_243, x=[0x07], y=[0x08], zoom=0x40	;@raw=0x57,0x30,0x84,0x07,0x08

LABEL_8444:
	add [0x07], 0x0001	;@raw=0x03,0x07,0x00,0x01
	ret	;@raw=0x05

LABEL_8449:
	mov [0xF8], [0x09]	;@raw=0x01,0xF8,0x09
	shr [0xF8], 0x0004	;@raw=0x17,0xF8,0x00,0x04
	and [0xF8], 0x000F	;@raw=0x14,0xF8,0x00,0x0F
	jne [0x0E], 0x00, LABEL_848B	;@raw=0x0A,0x01,0x0E,0x00,0x84,0x8B
	je [0xF8], 0x00, LABEL_84CC	;@raw=0x0A,0x00,0xF8,0x00,0x84,0xCC
	je [0xF8], 0x01, LABEL_84D2	;@raw=0x0A,0x00,0xF8,0x01,0x84,0xD2
	je [0xF8], 0x02, LABEL_84D8	;@raw=0x0A,0x00,0xF8,0x02,0x84,0xD8
	je [0xF8], 0x03, LABEL_84DE	;@raw=0x0A,0x00,0xF8,0x03,0x84,0xDE
	je [0xF8], 0x04, LABEL_84E4	;@raw=0x0A,0x00,0xF8,0x04,0x84,0xE4
	je [0xF8], 0x05, LABEL_7707	;@raw=0x0A,0x00,0xF8,0x05,0x77,0x07
	je [0xF8], 0x06, LABEL_84EA	;@raw=0x0A,0x00,0xF8,0x06,0x84,0xEA
	je [0xF8], 0x07, LABEL_84F0	;@raw=0x0A,0x00,0xF8,0x07,0x84,0xF0
	ret	;@raw=0x05

LABEL_848B:
	jne [0x0E], 0x01, LABEL_8494	;@raw=0x0A,0x01,0x0E,0x01,0x84,0x94
	jmp LABEL_84F6	;@raw=0x07,0x84,0xF6

LABEL_8494:
	jne [0x0E], 0x02, LABEL_849D	;@raw=0x0A,0x01,0x0E,0x02,0x84,0x9D
	jmp LABEL_84FC	;@raw=0x07,0x84,0xFC

LABEL_849D:
	jne [0x0E], 0x03, LABEL_84A6	;@raw=0x0A,0x01,0x0E,0x03,0x84,0xA6
	jmp LABEL_8502	;@raw=0x07,0x85,0x02

LABEL_84A6:
	jne [0x0E], 0x04, LABEL_84B5	;@raw=0x0A,0x01,0x0E,0x04,0x84,0xB5
	je [0xF8], 0x01, LABEL_850E	;@raw=0x0A,0x00,0xF8,0x01,0x85,0x0E
	jmp LABEL_8508	;@raw=0x07,0x85,0x08

LABEL_84B5:
	jne [0x0E], 0x05, LABEL_84BE	;@raw=0x0A,0x01,0x0E,0x05,0x84,0xBE
	jmp LABEL_8514	;@raw=0x07,0x85,0x14

LABEL_84BE:
	jne [0x0E], 0x07, LABEL_84CB	;@raw=0x0A,0x01,0x0E,0x07,0x84,0xCB
	je [0xF8], 0x01, LABEL_851A	;@raw=0x0A,0x00,0xF8,0x01,0x85,0x1A
	ret	;@raw=0x05

LABEL_84CB:
	ret	;@raw=0x05

LABEL_84CC:
	video type=1, offset=CINEMATIC_101, x=[0x07], y=[0x08], zoom=0x40	;@raw=0x54,0x04,0x78,0x07,0x08
	ret	;@raw=0x05

LABEL_84D2:
	video type=1, offset=CINEMATIC_102, x=[0x07], y=[0x08], zoom=0x40	;@raw=0x54,0x22,0xB5,0x07,0x08
	ret	;@raw=0x05

LABEL_84D8:
	video type=1, offset=CINEMATIC_103, x=[0x07], y=[0x08], zoom=0x40	;@raw=0x54,0x22,0xCD,0x07,0x08
	ret	;@raw=0x05

LABEL_84DE:
	video type=1, offset=CINEMATIC_104, x=[0x07], y=[0x08], zoom=0x40	;@raw=0x54,0x22,0xDA,0x07,0x08
	ret	;@raw=0x05

LABEL_84E4:
	video type=1, offset=CINEMATIC_105, x=[0x07], y=[0x08], zoom=0x40	;@raw=0x54,0x32,0xB3,0x07,0x08
	ret	;@raw=0x05

LABEL_84EA:
	video type=1, offset=CINEMATIC_106, x=[0x07], y=[0x08], zoom=0x40	;@raw=0x54,0x32,0xD9,0x07,0x08
	ret	;@raw=0x05

LABEL_84F0:
	video type=1, offset=CINEMATIC_107, x=[0x07], y=[0x08], zoom=0x40	;@raw=0x54,0x7B,0x3A,0x07,0x08
	ret	;@raw=0x05

LABEL_84F6:
	video type=1, offset=CINEMATIC_100, x=[0x07], y=[0x08], zoom=0x40	;@raw=0x54,0x07,0x81,0x07,0x08
	ret	;@raw=0x05

LABEL_84FC:
	video type=1, offset=CINEMATIC_099, x=[0x07], y=[0x08], zoom=0x40	;@raw=0x54,0x07,0x9F,0x07,0x08
	ret	;@raw=0x05

LABEL_8502:
	video type=1, offset=CINEMATIC_098, x=[0x07], y=[0x08], zoom=0x40	;@raw=0x54,0x07,0xAB,0x07,0x08
	ret	;@raw=0x05

LABEL_8508:
	video type=1, offset=CINEMATIC_097, x=[0x07], y=[0x08], zoom=0x40	;@raw=0x54,0x07,0xCB,0x07,0x08
	ret	;@raw=0x05

LABEL_850E:
	video type=1, offset=CINEMATIC_096, x=[0x07], y=[0x08], zoom=0x40	;@raw=0x54,0x22,0xF4,0x07,0x08
	ret	;@raw=0x05

LABEL_8514:
	video type=1, offset=CINEMATIC_095, x=[0x07], y=[0x08], zoom=0x40	;@raw=0x54,0x1D,0x42,0x07,0x08
	ret	;@raw=0x05

LABEL_851A:
	video type=1, offset=CINEMATIC_094, x=[0x07], y=[0x08], zoom=0x40	;@raw=0x54,0x23,0x0B,0x07,0x08
	ret	;@raw=0x05
LABEL_8520:
	db 0x11

LABEL_8521:
	mov [0xF8], [0x09]	;@raw=0x01,0xF8,0x09
	and [0xF8], 0x000F	;@raw=0x14,0xF8,0x00,0x0F
	je [0xF8], 0x01, LABEL_853B	;@raw=0x0A,0x00,0xF8,0x01,0x85,0x3B
	je [0xF8], 0x02, LABEL_8541	;@raw=0x0A,0x00,0xF8,0x02,0x85,0x41
	je [0xF8], 0x03, LABEL_8547	;@raw=0x0A,0x00,0xF8,0x03,0x85,0x47
	ret	;@raw=0x05

LABEL_853B:
	video type=1, offset=CINEMATIC_108, x=[0x07], y=[0x08], zoom=0x40	;@raw=0x54,0x24,0x83,0x07,0x08
	ret	;@raw=0x05

LABEL_8541:
	video type=1, offset=CINEMATIC_109, x=[0x07], y=[0x08], zoom=0x40	;@raw=0x54,0x24,0xA7,0x07,0x08
	ret	;@raw=0x05

LABEL_8547:
	video type=1, offset=CINEMATIC_110, x=[0x07], y=[0x08], zoom=0x40	;@raw=0x54,0x32,0x93,0x07,0x08
	ret	;@raw=0x05

LABEL_854D:
	mov [0xF8], [0x09]	;@raw=0x01,0xF8,0x09
	and [0xF8], 0x000F	;@raw=0x14,0xF8,0x00,0x0F
	je [0xF8], 0x01, LABEL_8561	;@raw=0x0A,0x00,0xF8,0x01,0x85,0x61
	je [0xF8], 0x02, LABEL_8567	;@raw=0x0A,0x00,0xF8,0x02,0x85,0x67
	ret	;@raw=0x05

LABEL_8561:
	video type=1, offset=CINEMATIC_111, x=[0xf5], y=[0x08], zoom=0x40	;@raw=0x54,0x24,0x9F,0xF5,0x08
	ret	;@raw=0x05

LABEL_8567:
	video type=1, offset=CINEMATIC_112, x=[0xf5], y=[0x08], zoom=0x40	;@raw=0x54,0x32,0xAF,0xF5,0x08
	ret	;@raw=0x05

LABEL_856D:
	video type=0, offset=COMMON_VIDEO_202, x=[0x07], y=[0x08], zoom=0x40	;@raw=0x57,0x0D,0x2A,0x07,0x08
	mov [0xF5], [0x07]	;@raw=0x01,0xF5,0x07
	jg [0xF6], 0x00, LABEL_854D	;@raw=0x0A,0x02,0xF6,0x00,0x85,0x4D
	video type=0, offset=COMMON_VIDEO_203, x=[0x07], y=[0x08], zoom=0x40	;@raw=0x57,0x2F,0xBA,0x07,0x08
	jmp LABEL_854D	;@raw=0x07,0x85,0x4D

LABEL_8583:
	video type=0, offset=COMMON_VIDEO_169, x=[0x07], y=[0x08], zoom=0x40	;@raw=0x57,0x0D,0x42,0x07,0x08
	mov [0xF5], [0x07]	;@raw=0x01,0xF5,0x07
	jg [0xF6], 0x00, LABEL_854D	;@raw=0x0A,0x02,0xF6,0x00,0x85,0x4D
	video type=0, offset=COMMON_VIDEO_170, x=[0x07], y=[0x08], zoom=0x40	;@raw=0x57,0x2F,0xBE,0x07,0x08
	jmp LABEL_854D	;@raw=0x07,0x85,0x4D

LABEL_8599:
	video type=0, offset=COMMON_VIDEO_173, x=[0x07], y=[0x08], zoom=0x40	;@raw=0x57,0x0D,0x5A,0x07,0x08
	mov [0xF5], [0x07]	;@raw=0x01,0xF5,0x07
	add [0xF5], 0x0001	;@raw=0x03,0xF5,0x00,0x01
	jg [0xF6], 0x00, LABEL_854D	;@raw=0x0A,0x02,0xF6,0x00,0x85,0x4D
	video type=0, offset=COMMON_VIDEO_174, x=[0x07], y=[0x08], zoom=0x40	;@raw=0x57,0x2F,0xC2,0x07,0x08
	jmp LABEL_854D	;@raw=0x07,0x85,0x4D

LABEL_85B3:
	video type=0, offset=COMMON_VIDEO_176, x=[0x07], y=[0x08], zoom=0x40	;@raw=0x57,0x0D,0x72,0x07,0x08
	mov [0xF5], [0x07]	;@raw=0x01,0xF5,0x07
	jg [0xF6], 0x00, LABEL_854D	;@raw=0x0A,0x02,0xF6,0x00,0x85,0x4D
	video type=0, offset=COMMON_VIDEO_177, x=[0x07], y=[0x08], zoom=0x40	;@raw=0x57,0x2F,0xC6,0x07,0x08
	jmp LABEL_854D	;@raw=0x07,0x85,0x4D

LABEL_85C9:
	video type=0, offset=COMMON_VIDEO_129, x=[0x07], y=[0x08], zoom=0x40	;@raw=0x57,0x0D,0x8A,0x07,0x08
	mov [0xF5], [0x07]	;@raw=0x01,0xF5,0x07
	sub [0xF5], 0x0001	;@raw=0x03,0xF5,0xFF,0xFF
	jg [0xF6], 0x00, LABEL_854D	;@raw=0x0A,0x02,0xF6,0x00,0x85,0x4D
	video type=0, offset=COMMON_VIDEO_130, x=[0x07], y=[0x08], zoom=0x40	;@raw=0x57,0x2F,0xCA,0x07,0x08
	jmp LABEL_854D	;@raw=0x07,0x85,0x4D

LABEL_85E3:
	video type=0, offset=COMMON_VIDEO_181, x=[0x07], y=[0x08], zoom=0x40	;@raw=0x57,0x0D,0xA2,0x07,0x08
	mov [0xF5], [0x07]	;@raw=0x01,0xF5,0x07
	sub [0xF5], 0x0001	;@raw=0x03,0xF5,0xFF,0xFF
	jg [0xF6], 0x00, LABEL_854D	;@raw=0x0A,0x02,0xF6,0x00,0x85,0x4D
	video type=0, offset=COMMON_VIDEO_182, x=[0x07], y=[0x08], zoom=0x40	;@raw=0x57,0x2F,0xCE,0x07,0x08
	jmp LABEL_854D	;@raw=0x07,0x85,0x4D

LABEL_85FD:
	video type=0, offset=COMMON_VIDEO_185, x=[0x07], y=[0x08], zoom=0x40	;@raw=0x57,0x0D,0xBA,0x07,0x08
	mov [0xF5], [0x07]	;@raw=0x01,0xF5,0x07
	sub [0xF5], 0x0002	;@raw=0x03,0xF5,0xFF,0xFE
	jg [0xF6], 0x00, LABEL_854D	;@raw=0x0A,0x02,0xF6,0x00,0x85,0x4D
	video type=0, offset=COMMON_VIDEO_186, x=[0x07], y=[0x08], zoom=0x40	;@raw=0x57,0x2F,0xD2,0x07,0x08
	jmp LABEL_854D	;@raw=0x07,0x85,0x4D

LABEL_8617:
	video type=0, offset=COMMON_VIDEO_189, x=[0x07], y=[0x08], zoom=0x40	;@raw=0x57,0x0D,0xD2,0x07,0x08
	mov [0xF5], [0x07]	;@raw=0x01,0xF5,0x07
	sub [0xF5], 0x0002	;@raw=0x03,0xF5,0xFF,0xFE
	jg [0xF6], 0x00, LABEL_854D	;@raw=0x0A,0x02,0xF6,0x00,0x85,0x4D
	video type=0, offset=COMMON_VIDEO_190, x=[0x07], y=[0x08], zoom=0x40	;@raw=0x57,0x2F,0xD6,0x07,0x08
	jmp LABEL_854D	;@raw=0x07,0x85,0x4D

LABEL_8631:
	video type=0, offset=COMMON_VIDEO_193, x=[0x07], y=[0x08], zoom=0x40	;@raw=0x57,0x0D,0xEA,0x07,0x08
	mov [0xF5], [0x07]	;@raw=0x01,0xF5,0x07
	sub [0xF5], 0x0002	;@raw=0x03,0xF5,0xFF,0xFE
	jg [0xF6], 0x00, LABEL_854D	;@raw=0x0A,0x02,0xF6,0x00,0x85,0x4D
	video type=0, offset=COMMON_VIDEO_194, x=[0x07], y=[0x08], zoom=0x40	;@raw=0x57,0x2F,0xDA,0x07,0x08
	jmp LABEL_854D	;@raw=0x07,0x85,0x4D

LABEL_864B:
	jne [HACK_VAR_67], [0x10], LABEL_78B5	;@raw=0x0A,0x81,0x67,0x10,0x78,0xB5
	call LABEL_8449	;@raw=0x04,0x84,0x49
	video type=0, offset=COMMON_VIDEO_167, x=[0x07], y=[0x08], zoom=0x40	;@raw=0x57,0x12,0x3E,0x07,0x08
	video type=0, offset=COMMON_VIDEO_168, x=[0x07], y=[0x08], zoom=0x40	;@raw=0x57,0x0C,0x0E,0x07,0x08
	call LABEL_8521	;@raw=0x04,0x85,0x21
	je [0x0D], 0x00, LABEL_866D	;@raw=0x0A,0x00,0x0D,0x00,0x86,0x6D
	call LABEL_8206	;@raw=0x04,0x82,0x06
	jmp LABEL_8670	;@raw=0x07,0x86,0x70

LABEL_866D:
	call LABEL_8583	;@raw=0x04,0x85,0x83

LABEL_8670:
	ret	;@raw=0x05

LABEL_8671:
	jne [HACK_VAR_67], [0x10], LABEL_78B5	;@raw=0x0A,0x81,0x67,0x10,0x78,0xB5
	call LABEL_8449	;@raw=0x04,0x84,0x49
	sub [0x07], 0x0001	;@raw=0x03,0x07,0xFF,0xFF
	video type=0, offset=COMMON_VIDEO_167, x=[0x07], y=[0x08], zoom=0x40	;@raw=0x57,0x12,0x3E,0x07,0x08
	add [0x07], 0x0001	;@raw=0x03,0x07,0x00,0x01
	video type=0, offset=COMMON_VIDEO_171, x=[0x07], y=[0x08], zoom=0x40	;@raw=0x57,0x0C,0x33,0x07,0x08
	call LABEL_8521	;@raw=0x04,0x85,0x21
	je [0x0D], 0x00, LABEL_869B	;@raw=0x0A,0x00,0x0D,0x00,0x86,0x9B
	call LABEL_8206	;@raw=0x04,0x82,0x06
	jmp LABEL_869E	;@raw=0x07,0x86,0x9E

LABEL_869B:
	call LABEL_8583	;@raw=0x04,0x85,0x83

LABEL_869E:
	ret	;@raw=0x05

LABEL_869F:
	jne [HACK_VAR_67], [0x10], LABEL_78B5	;@raw=0x0A,0x81,0x67,0x10,0x78,0xB5
	call LABEL_8449	;@raw=0x04,0x84,0x49
	video type=0, offset=COMMON_VIDEO_172, x=[0x07], y=[0x08], zoom=0x40	;@raw=0x57,0x0C,0x58,0x07,0x08
	call LABEL_8521	;@raw=0x04,0x85,0x21
	je [0x0D], 0x00, LABEL_86BC	;@raw=0x0A,0x00,0x0D,0x00,0x86,0xBC
	call LABEL_8212	;@raw=0x04,0x82,0x12
	jmp LABEL_86BF	;@raw=0x07,0x86,0xBF

LABEL_86BC:
	call LABEL_8599	;@raw=0x04,0x85,0x99

LABEL_86BF:
	ret	;@raw=0x05

LABEL_86C0:
	jne [HACK_VAR_67], [0x10], LABEL_78B5	;@raw=0x0A,0x81,0x67,0x10,0x78,0xB5
	play id=0x0055, freq=0x0F, vol=0x14, channel=0x00	;@raw=0x18,0x00,0x55,0x0F,0x14,0x00
	call LABEL_8449	;@raw=0x04,0x84,0x49
	video type=0, offset=COMMON_VIDEO_175, x=[0x07], y=[0x08], zoom=0x40	;@raw=0x57,0x0C,0x7D,0x07,0x08
	call LABEL_8521	;@raw=0x04,0x85,0x21
	play id=0x0055, freq=0x0F, vol=0x14, channel=0x00	;@raw=0x18,0x00,0x55,0x0F,0x14,0x00
	je [0x0D], 0x00, LABEL_86E9	;@raw=0x0A,0x00,0x0D,0x00,0x86,0xE9
	call LABEL_8212	;@raw=0x04,0x82,0x12
	jmp LABEL_86EC	;@raw=0x07,0x86,0xEC

LABEL_86E9:
	call LABEL_85B3	;@raw=0x04,0x85,0xB3

LABEL_86EC:
	ret	;@raw=0x05

LABEL_86ED:
	jne [HACK_VAR_67], [0x10], LABEL_78B5	;@raw=0x0A,0x81,0x67,0x10,0x78,0xB5
	call LABEL_8449	;@raw=0x04,0x84,0x49
	video type=0, offset=COMMON_VIDEO_178, x=[0x07], y=[0x08], zoom=0x40	;@raw=0x57,0x0C,0xA2,0x07,0x08
	call LABEL_8521	;@raw=0x04,0x85,0x21
	je [0x0D], 0x00, LABEL_870A	;@raw=0x0A,0x00,0x0D,0x00,0x87,0x0A
	call LABEL_8212	;@raw=0x04,0x82,0x12
	jmp LABEL_870D	;@raw=0x07,0x87,0x0D

LABEL_870A:
	call LABEL_85C9	;@raw=0x04,0x85,0xC9

LABEL_870D:
	ret	;@raw=0x05

LABEL_870E:
	jne [HACK_VAR_67], [0x10], LABEL_78B5	;@raw=0x0A,0x81,0x67,0x10,0x78,0xB5
	call LABEL_8449	;@raw=0x04,0x84,0x49
	video type=0, offset=COMMON_VIDEO_179, x=[0x07], y=[0x08], zoom=0x40	;@raw=0x57,0x12,0x3A,0x07,0x08
	video type=0, offset=COMMON_VIDEO_180, x=[0x07], y=[0x08], zoom=0x40	;@raw=0x57,0x0C,0xC7,0x07,0x08
	call LABEL_8521	;@raw=0x04,0x85,0x21
	je [0x0D], 0x00, LABEL_8730	;@raw=0x0A,0x00,0x0D,0x00,0x87,0x30
	call LABEL_8235	;@raw=0x04,0x82,0x35
	jmp LABEL_8733	;@raw=0x07,0x87,0x33

LABEL_8730:
	call LABEL_85E3	;@raw=0x04,0x85,0xE3

LABEL_8733:
	ret	;@raw=0x05

LABEL_8734:
	jne [HACK_VAR_67], [0x10], LABEL_78B5	;@raw=0x0A,0x81,0x67,0x10,0x78,0xB5
	call LABEL_8449	;@raw=0x04,0x84,0x49
	video type=0, offset=COMMON_VIDEO_183, x=[0x07], y=[0x08], zoom=0x40	;@raw=0x57,0x12,0x36,0x07,0x08
	video type=0, offset=COMMON_VIDEO_184, x=[0x07], y=[0x08], zoom=0x40	;@raw=0x57,0x0C,0xE2,0x07,0x08
	call LABEL_8521	;@raw=0x04,0x85,0x21
	je [0x0D], 0x00, LABEL_8756	;@raw=0x0A,0x00,0x0D,0x00,0x87,0x56
	call LABEL_8241	;@raw=0x04,0x82,0x41
	jmp LABEL_8759	;@raw=0x07,0x87,0x59

LABEL_8756:
	call LABEL_85FD	;@raw=0x04,0x85,0xFD

LABEL_8759:
	ret	;@raw=0x05

LABEL_875A:
	jne [HACK_VAR_67], [0x10], LABEL_78B5	;@raw=0x0A,0x81,0x67,0x10,0x78,0xB5
	call LABEL_8449	;@raw=0x04,0x84,0x49
	video type=0, offset=COMMON_VIDEO_187, x=[0x07], y=[0x08], zoom=0x40	;@raw=0x57,0x12,0x2E,0x07,0x08
	video type=0, offset=COMMON_VIDEO_188, x=[0x07], y=[0x08], zoom=0x40	;@raw=0x57,0x0D,0x07,0x07,0x08
	call LABEL_8521	;@raw=0x04,0x85,0x21
	je [0x0D], 0x00, LABEL_877C	;@raw=0x0A,0x00,0x0D,0x00,0x87,0x7C
	call LABEL_8264	;@raw=0x04,0x82,0x64
	jmp LABEL_877F	;@raw=0x07,0x87,0x7F

LABEL_877C:
	call LABEL_8617	;@raw=0x04,0x86,0x17

LABEL_877F:
	ret	;@raw=0x05

LABEL_8780:
	jne [HACK_VAR_67], [0x10], LABEL_78B5	;@raw=0x0A,0x81,0x67,0x10,0x78,0xB5
	call LABEL_8449	;@raw=0x04,0x84,0x49
	video type=0, offset=COMMON_VIDEO_191, x=[0x07], y=[0x08], zoom=0x40	;@raw=0x57,0x12,0x32,0x07,0x08
	video type=0, offset=COMMON_VIDEO_192, x=[0x07], y=[0x08], zoom=0x40	;@raw=0x57,0x0E,0xBC,0x07,0x08
	call LABEL_8521	;@raw=0x04,0x85,0x21
	je [0x0D], 0x00, LABEL_87A2	;@raw=0x0A,0x00,0x0D,0x00,0x87,0xA2
	call LABEL_8287	;@raw=0x04,0x82,0x87
	jmp LABEL_87A5	;@raw=0x07,0x87,0xA5

LABEL_87A2:
	call LABEL_8631	;@raw=0x04,0x86,0x31

LABEL_87A5:
	ret	;@raw=0x05

LABEL_87A6:
	jne [HACK_VAR_67], [0x10], LABEL_78B5	;@raw=0x0A,0x81,0x67,0x10,0x78,0xB5
	call LABEL_8449	;@raw=0x04,0x84,0x49
	video type=0, offset=COMMON_VIDEO_191, x=[0x07], y=[0x08], zoom=0x40	;@raw=0x57,0x12,0x32,0x07,0x08
	video type=0, offset=COMMON_VIDEO_195, x=[0x07], y=[0x08], zoom=0x40	;@raw=0x57,0x0E,0xCD,0x07,0x08
	call LABEL_8521	;@raw=0x04,0x85,0x21
	je [0x0D], 0x00, LABEL_87C8	;@raw=0x0A,0x00,0x0D,0x00,0x87,0xC8
	call LABEL_8287	;@raw=0x04,0x82,0x87
	jmp LABEL_87D3	;@raw=0x07,0x87,0xD3

LABEL_87C8:
	sub [0x07], 0x0001	;@raw=0x03,0x07,0xFF,0xFF
	call LABEL_8631	;@raw=0x04,0x86,0x31
	add [0x07], 0x0001	;@raw=0x03,0x07,0x00,0x01

LABEL_87D3:
	ret	;@raw=0x05

LABEL_87D4:
	jne [HACK_VAR_67], [0x10], LABEL_78B5	;@raw=0x0A,0x81,0x67,0x10,0x78,0xB5
	call LABEL_8449	;@raw=0x04,0x84,0x49
	video type=0, offset=COMMON_VIDEO_183, x=[0x07], y=[0x08], zoom=0x40	;@raw=0x57,0x12,0x36,0x07,0x08
	video type=0, offset=COMMON_VIDEO_196, x=[0x07], y=[0x08], zoom=0x40	;@raw=0x57,0x0E,0xDE,0x07,0x08
	call LABEL_8521	;@raw=0x04,0x85,0x21
	je [0x0D], 0x00, LABEL_87F6	;@raw=0x0A,0x00,0x0D,0x00,0x87,0xF6
	call LABEL_8264	;@raw=0x04,0x82,0x64
	jmp LABEL_87F9	;@raw=0x07,0x87,0xF9

LABEL_87F6:
	call LABEL_85FD	;@raw=0x04,0x85,0xFD

LABEL_87F9:
	ret	;@raw=0x05

LABEL_87FA:
	jne [HACK_VAR_67], [0x10], LABEL_78B5	;@raw=0x0A,0x81,0x67,0x10,0x78,0xB5
	play id=0x0055, freq=0x14, vol=0x14, channel=0x00	;@raw=0x18,0x00,0x55,0x14,0x14,0x00
	call LABEL_8449	;@raw=0x04,0x84,0x49
	video type=0, offset=COMMON_VIDEO_179, x=[0x07], y=[0x08], zoom=0x40	;@raw=0x57,0x12,0x3A,0x07,0x08
	video type=0, offset=COMMON_VIDEO_197, x=[0x07], y=[0x08], zoom=0x40	;@raw=0x57,0x0E,0xEF,0x07,0x08
	call LABEL_8521	;@raw=0x04,0x85,0x21
	play id=0x0055, freq=0x14, vol=0x14, channel=0x00	;@raw=0x18,0x00,0x55,0x14,0x14,0x00
	je [0x0D], 0x00, LABEL_8828	;@raw=0x0A,0x00,0x0D,0x00,0x88,0x28
	call LABEL_8264	;@raw=0x04,0x82,0x64
	jmp LABEL_882B	;@raw=0x07,0x88,0x2B

LABEL_8828:
	call LABEL_85E3	;@raw=0x04,0x85,0xE3

LABEL_882B:
	ret	;@raw=0x05

LABEL_882C:
	jne [HACK_VAR_67], [0x10], LABEL_78B5	;@raw=0x0A,0x81,0x67,0x10,0x78,0xB5
	call LABEL_8449	;@raw=0x04,0x84,0x49
	video type=0, offset=COMMON_VIDEO_198, x=[0x07], y=[0x08], zoom=0x40	;@raw=0x57,0x0F,0x00,0x07,0x08
	call LABEL_8521	;@raw=0x04,0x85,0x21
	je [0x0D], 0x00, LABEL_8849	;@raw=0x0A,0x00,0x0D,0x00,0x88,0x49
	call LABEL_8264	;@raw=0x04,0x82,0x64
	jmp LABEL_884C	;@raw=0x07,0x88,0x4C

LABEL_8849:
	call LABEL_85C9	;@raw=0x04,0x85,0xC9

LABEL_884C:
	ret	;@raw=0x05

LABEL_884D:
	jne [HACK_VAR_67], [0x10], LABEL_78B5	;@raw=0x0A,0x81,0x67,0x10,0x78,0xB5
	call LABEL_8449	;@raw=0x04,0x84,0x49
	video type=0, offset=COMMON_VIDEO_199, x=[0x07], y=[0x08], zoom=0x40	;@raw=0x57,0x0F,0x11,0x07,0x08
	call LABEL_8521	;@raw=0x04,0x85,0x21
	je [0x0D], 0x00, LABEL_886A	;@raw=0x0A,0x00,0x0D,0x00,0x88,0x6A
	call LABEL_8241	;@raw=0x04,0x82,0x41
	jmp LABEL_886D	;@raw=0x07,0x88,0x6D

LABEL_886A:
	call LABEL_85B3	;@raw=0x04,0x85,0xB3

LABEL_886D:
	ret	;@raw=0x05

LABEL_886E:
	jne [HACK_VAR_67], [0x10], LABEL_78B5	;@raw=0x0A,0x81,0x67,0x10,0x78,0xB5
	call LABEL_8449	;@raw=0x04,0x84,0x49
	video type=0, offset=COMMON_VIDEO_200, x=[0x07], y=[0x08], zoom=0x40	;@raw=0x57,0x0F,0x22,0x07,0x08
	call LABEL_8521	;@raw=0x04,0x85,0x21
	je [0x0D], 0x00, LABEL_888B	;@raw=0x0A,0x00,0x0D,0x00,0x88,0x8B
	call LABEL_8235	;@raw=0x04,0x82,0x35
	jmp LABEL_888E	;@raw=0x07,0x88,0x8E

LABEL_888B:
	call LABEL_8599	;@raw=0x04,0x85,0x99

LABEL_888E:
	ret	;@raw=0x05

LABEL_888F:
	jne [HACK_VAR_67], [0x10], LABEL_78B5	;@raw=0x0A,0x81,0x67,0x10,0x78,0xB5
	call LABEL_8449	;@raw=0x04,0x84,0x49
	video type=0, offset=COMMON_VIDEO_201, x=[0x07], y=[0x08], zoom=0x40	;@raw=0x57,0x0F,0x33,0x07,0x08
	call LABEL_8521	;@raw=0x04,0x85,0x21
	je [0x0D], 0x00, LABEL_88AC	;@raw=0x0A,0x00,0x0D,0x00,0x88,0xAC
	call LABEL_8212	;@raw=0x04,0x82,0x12
	jmp LABEL_88AF	;@raw=0x07,0x88,0xAF

LABEL_88AC:
	call LABEL_856D	;@raw=0x04,0x85,0x6D

LABEL_88AF:
	ret	;@raw=0x05

LABEL_88B0:
	jne [HACK_VAR_67], [0x10], LABEL_78B5	;@raw=0x0A,0x81,0x67,0x10,0x78,0xB5
	call LABEL_8449	;@raw=0x04,0x84,0x49
	video type=0, offset=COMMON_VIDEO_128, x=[0x07], y=[0x08], zoom=0x40	;@raw=0x57,0x20,0x65,0x07,0x08
	call LABEL_8521	;@raw=0x04,0x85,0x21
	je [0x0D], 0x00, LABEL_88CD	;@raw=0x0A,0x00,0x0D,0x00,0x88,0xCD
	call LABEL_8212	;@raw=0x04,0x82,0x12
	jmp LABEL_88D0	;@raw=0x07,0x88,0xD0

LABEL_88CD:
	call LABEL_85C9	;@raw=0x04,0x85,0xC9

LABEL_88D0:
	ret	;@raw=0x05

LABEL_88D1:
	jne [HACK_VAR_67], [0x10], LABEL_78B5	;@raw=0x0A,0x81,0x67,0x10,0x78,0xB5
	call LABEL_8449	;@raw=0x04,0x84,0x49
	video type=0, offset=COMMON_VIDEO_128, x=[0x07], y=[0x08], zoom=0x40	;@raw=0x57,0x20,0x65,0x07,0x08
	call LABEL_8521	;@raw=0x04,0x85,0x21
	je [0x0D], 0x00, LABEL_88EE	;@raw=0x0A,0x00,0x0D,0x00,0x88,0xEE
	call LABEL_8235	;@raw=0x04,0x82,0x35
	jmp LABEL_88F1	;@raw=0x07,0x88,0xF1

LABEL_88EE:
	call LABEL_85E3	;@raw=0x04,0x85,0xE3

LABEL_88F1:
	ret	;@raw=0x05

LABEL_88F2:
	jne [HACK_VAR_67], [0x10], LABEL_78B5	;@raw=0x0A,0x81,0x67,0x10,0x78,0xB5
	call LABEL_8449	;@raw=0x04,0x84,0x49
	video type=0, offset=COMMON_VIDEO_128, x=[0x07], y=[0x08], zoom=0x40	;@raw=0x57,0x20,0x65,0x07,0x08
	call LABEL_8521	;@raw=0x04,0x85,0x21
	je [0x0D], 0x00, LABEL_890F	;@raw=0x0A,0x00,0x0D,0x00,0x89,0x0F
	call LABEL_8241	;@raw=0x04,0x82,0x41
	jmp LABEL_8912	;@raw=0x07,0x89,0x12

LABEL_890F:
	call LABEL_85FD	;@raw=0x04,0x85,0xFD

LABEL_8912:
	ret	;@raw=0x05

JUNK__8913:
	jne [HACK_VAR_67], [0x10], LABEL_78B5	;@raw=0x0A,0x81,0x67,0x10,0x78,0xB5
	call LABEL_8449	;@raw=0x04,0x84,0x49
	video type=1, offset=CINEMATIC_113, x=[0x07], y=[0x08], zoom=0x40	;@raw=0x54,0x24,0xFF,0x07,0x08
	call LABEL_8521	;@raw=0x04,0x85,0x21
	call LABEL_8241	;@raw=0x04,0x82,0x41
	ret	;@raw=0x05

LABEL_8928:
	jne [HACK_VAR_67], [0x10], LABEL_78B5	;@raw=0x0A,0x81,0x67,0x10,0x78,0xB5
	call LABEL_8449	;@raw=0x04,0x84,0x49
	video type=1, offset=CINEMATIC_114, x=[0x07], y=[0x08], zoom=0x40	;@raw=0x54,0x25,0x0F,0x07,0x08
	call LABEL_8521	;@raw=0x04,0x85,0x21
	call LABEL_8241	;@raw=0x04,0x82,0x41
	ret	;@raw=0x05

LABEL_893D:
	jne [HACK_VAR_67], [0x10], LABEL_78B5	;@raw=0x0A,0x81,0x67,0x10,0x78,0xB5
	call LABEL_8449	;@raw=0x04,0x84,0x49
	video type=1, offset=CINEMATIC_117, x=[0x07], y=[0x08], zoom=0x40	;@raw=0x54,0x25,0x1F,0x07,0x08
	call LABEL_8521	;@raw=0x04,0x85,0x21
	call LABEL_8241	;@raw=0x04,0x82,0x41
	ret	;@raw=0x05

LABEL_8952:
	jne [HACK_VAR_67], [0x10], LABEL_78B5	;@raw=0x0A,0x81,0x67,0x10,0x78,0xB5
	call LABEL_8449	;@raw=0x04,0x84,0x49
	video type=1, offset=CINEMATIC_115, x=[0x07], y=[0x08], zoom=0x40	;@raw=0x54,0x25,0x2F,0x07,0x08
	call LABEL_8521	;@raw=0x04,0x85,0x21
	call LABEL_8241	;@raw=0x04,0x82,0x41
	ret	;@raw=0x05

LABEL_8967:
	jne [HACK_VAR_67], [0x10], LABEL_78B5	;@raw=0x0A,0x81,0x67,0x10,0x78,0xB5
	call LABEL_8449	;@raw=0x04,0x84,0x49
	video type=1, offset=CINEMATIC_311, x=[0x07], y=[0x08], zoom=0x40	;@raw=0x54,0x7A,0x3C,0x07,0x08
	ret	;@raw=0x05

LABEL_8976:
	jne [HACK_VAR_67], [0x10], LABEL_78B5	;@raw=0x0A,0x81,0x67,0x10,0x78,0xB5
	call LABEL_8449	;@raw=0x04,0x84,0x49
	video type=1, offset=CINEMATIC_312, x=[0x07], y=[0x08], zoom=0x40	;@raw=0x54,0x7A,0x4F,0x07,0x08
	ret	;@raw=0x05

LABEL_8985:
	jne [HACK_VAR_67], [0x10], LABEL_78B5	;@raw=0x0A,0x81,0x67,0x10,0x78,0xB5
	call LABEL_8449	;@raw=0x04,0x84,0x49
	video type=1, offset=CINEMATIC_315, x=[0x07], y=[0x08], zoom=0x40	;@raw=0x54,0x7A,0x62,0x07,0x08
	ret	;@raw=0x05

LABEL_8994:
	jne [HACK_VAR_67], [0x10], LABEL_78B5	;@raw=0x0A,0x81,0x67,0x10,0x78,0xB5
	call LABEL_8449	;@raw=0x04,0x84,0x49
	video type=1, offset=CINEMATIC_313, x=[0x07], y=[0x08], zoom=0x40	;@raw=0x54,0x7A,0x83,0x07,0x08
	ret	;@raw=0x05

LABEL_89A3:
	jne [HACK_VAR_67], [0x10], LABEL_78B5	;@raw=0x0A,0x81,0x67,0x10,0x78,0xB5
	video type=1, offset=CINEMATIC_263, x=[0x07], y=[0x08], zoom=0x40	;@raw=0x54,0x22,0x97,0x07,0x08
	ret	;@raw=0x05

LABEL_89AF:
	jne [HACK_VAR_67], [0x10], LABEL_78B5	;@raw=0x0A,0x81,0x67,0x10,0x78,0xB5
	video type=1, offset=CINEMATIC_264, x=[0x07], y=[0x08], zoom=0x40	;@raw=0x54,0x22,0xA6,0x07,0x08
	ret	;@raw=0x05

LABEL_89BB:
	jne [HACK_VAR_67], [0x10], LABEL_78B5	;@raw=0x0A,0x81,0x67,0x10,0x78,0xB5
	call LABEL_81AC	;@raw=0x04,0x81,0xAC
	call LABEL_8C65	;@raw=0x04,0x8C,0x65
	video type=0, offset=COMMON_VIDEO_285, x=[0x07], y=[0x08], zoom=0x40	;@raw=0x57,0x20,0x99,0x07,0x08
	add [0x08], 0x000D	;@raw=0x03,0x08,0x00,0x0D
	call LABEL_7902	;@raw=0x04,0x79,0x02
	sub [0x08], 0x000D	;@raw=0x03,0x08,0xFF,0xF3
	ret	;@raw=0x05

LABEL_89D8:
	jne [HACK_VAR_67], [0x10], LABEL_78B5	;@raw=0x0A,0x81,0x67,0x10,0x78,0xB5
	add [0x07], 0x0001	;@raw=0x03,0x07,0x00,0x01
	sub [0x08], 0x0001	;@raw=0x03,0x08,0xFF,0xFF
	call LABEL_81CA	;@raw=0x04,0x81,0xCA
	add [0x08], 0x0001	;@raw=0x03,0x08,0x00,0x01
	call LABEL_8C65	;@raw=0x04,0x8C,0x65
	video type=0, offset=COMMON_VIDEO_286, x=[0x07], y=[0x08], zoom=0x40	;@raw=0x57,0x21,0x5D,0x07,0x08
	add [0x08], 0x000D	;@raw=0x03,0x08,0x00,0x0D
	call LABEL_791F	;@raw=0x04,0x79,0x1F
	sub [0x08], 0x000D	;@raw=0x03,0x08,0xFF,0xF3
	sub [0x07], 0x0001	;@raw=0x03,0x07,0xFF,0xFF
	ret	;@raw=0x05

LABEL_8A05:
	jne [HACK_VAR_67], [0x10], LABEL_78B5	;@raw=0x0A,0x81,0x67,0x10,0x78,0xB5
	call LABEL_81E8	;@raw=0x04,0x81,0xE8
	call LABEL_8C65	;@raw=0x04,0x8C,0x65
	video type=0, offset=COMMON_VIDEO_285, x=[0x07], y=[0x08], zoom=0x40	;@raw=0x57,0x20,0x99,0x07,0x08
	add [0x08], 0x000D	;@raw=0x03,0x08,0x00,0x0D
	call LABEL_7902	;@raw=0x04,0x79,0x02
	sub [0x08], 0x000D	;@raw=0x03,0x08,0xFF,0xF3
	ret	;@raw=0x05

LABEL_8A22:
	jne [HACK_VAR_67], [0x10], LABEL_78B5	;@raw=0x0A,0x81,0x67,0x10,0x78,0xB5
	call LABEL_81CA	;@raw=0x04,0x81,0xCA
	call LABEL_8C65	;@raw=0x04,0x8C,0x65
	video type=0, offset=COMMON_VIDEO_285, x=[0x07], y=[0x08], zoom=0x40	;@raw=0x57,0x20,0x99,0x07,0x08
	add [0x08], 0x000D	;@raw=0x03,0x08,0x00,0x0D
	call LABEL_7902	;@raw=0x04,0x79,0x02
	sub [0x08], 0x000D	;@raw=0x03,0x08,0xFF,0xF3
	ret	;@raw=0x05

LABEL_8A3F:
	jne [HACK_VAR_67], [0x10], LABEL_78B5	;@raw=0x0A,0x81,0x67,0x10,0x78,0xB5
	je [0x0D], 0x00, LABEL_8A56	;@raw=0x0A,0x00,0x0D,0x00,0x8A,0x56
	add [0x08], 0x000D	;@raw=0x03,0x08,0x00,0x0D
	call LABEL_788B	;@raw=0x04,0x78,0x8B
	sub [0x08], 0x000D	;@raw=0x03,0x08,0xFF,0xF3

LABEL_8A56:
	call LABEL_8C65	;@raw=0x04,0x8C,0x65
	video type=0, offset=COMMON_VIDEO_285, x=[0x07], y=[0x08], zoom=0x40	;@raw=0x57,0x20,0x99,0x07,0x08
	add [0x08], 0x000D	;@raw=0x03,0x08,0x00,0x0D
	call LABEL_791F	;@raw=0x04,0x79,0x1F
	sub [0x08], 0x000D	;@raw=0x03,0x08,0xFF,0xF3
	ret	;@raw=0x05

LABEL_8A6A:
	jne [HACK_VAR_67], [0x10], LABEL_78B5	;@raw=0x0A,0x81,0x67,0x10,0x78,0xB5
	video type=1, offset=CINEMATIC_245, x=[0x07], y=[0x08], zoom=0x40	;@raw=0x54,0x0F,0x7A,0x07,0x08
	call LABEL_8A3F	;@raw=0x04,0x8A,0x3F
	ret	;@raw=0x05

LABEL_8A79:
	jne [HACK_VAR_67], [0x10], LABEL_78B5	;@raw=0x0A,0x81,0x67,0x10,0x78,0xB5
	add [0x07], 0x0001	;@raw=0x03,0x07,0x00,0x01
	sub [0x08], 0x0001	;@raw=0x03,0x08,0xFF,0xFF
	video type=0, offset=COMMON_VIDEO_287, x=[0x07], y=[0x08], zoom=0x40	;@raw=0x57,0x21,0x8A,0x07,0x08
	add [0x08], 0x0001	;@raw=0x03,0x08,0x00,0x01
	call LABEL_8C65	;@raw=0x04,0x8C,0x65
	video type=0, offset=COMMON_VIDEO_286, x=[0x07], y=[0x08], zoom=0x40	;@raw=0x57,0x21,0x5D,0x07,0x08
	add [0x08], 0x000D	;@raw=0x03,0x08,0x00,0x0D
	call LABEL_791F	;@raw=0x04,0x79,0x1F
	sub [0x08], 0x000D	;@raw=0x03,0x08,0xFF,0xF3
	sub [0x07], 0x0001	;@raw=0x03,0x07,0xFF,0xFF
	ret	;@raw=0x05

LABEL_8AA8:
	jne [HACK_VAR_67], [0x10], LABEL_78B5	;@raw=0x0A,0x81,0x67,0x10,0x78,0xB5
	video type=0, offset=COMMON_VIDEO_287, x=[0x07], y=[0x08], zoom=0x40	;@raw=0x57,0x21,0x8A,0x07,0x08
	call LABEL_8C65	;@raw=0x04,0x8C,0x65
	video type=0, offset=COMMON_VIDEO_285, x=[0x07], y=[0x08], zoom=0x40	;@raw=0x57,0x20,0x99,0x07,0x08
	add [0x08], 0x000D	;@raw=0x03,0x08,0x00,0x0D
	call LABEL_7902	;@raw=0x04,0x79,0x02
	sub [0x08], 0x000D	;@raw=0x03,0x08,0xFF,0xF3
	ret	;@raw=0x05

LABEL_8AC7:
	jne [HACK_VAR_67], [0x10], LABEL_78B5	;@raw=0x0A,0x81,0x67,0x10,0x78,0xB5
	add [0x08], 0x000D	;@raw=0x03,0x08,0x00,0x0D
	add [0x07], 0x0004	;@raw=0x03,0x07,0x00,0x04
	video type=0, offset=COMMON_VIDEO_275, x=[0x07], y=[0x08], zoom=0x40	;@raw=0x57,0x19,0x09,0x07,0x08
	sub [0x07], 0x0004	;@raw=0x03,0x07,0xFF,0xFC
	sub [0x08], 0x000D	;@raw=0x03,0x08,0xFF,0xF3
	call LABEL_8C65	;@raw=0x04,0x8C,0x65
	video type=0, offset=COMMON_VIDEO_285, x=[0x07], y=[0x08], zoom=0x40	;@raw=0x57,0x20,0x99,0x07,0x08
	add [0x08], 0x000D	;@raw=0x03,0x08,0x00,0x0D
	call LABEL_793C	;@raw=0x04,0x79,0x3C
	sub [0x08], 0x000D	;@raw=0x03,0x08,0xFF,0xF3
	ret	;@raw=0x05

LABEL_8AF6:
	jne [HACK_VAR_67], [0x10], LABEL_78B5	;@raw=0x0A,0x81,0x67,0x10,0x78,0xB5
	call LABEL_8C65	;@raw=0x04,0x8C,0x65
	video type=0, offset=COMMON_VIDEO_285, x=[0x07], y=[0x08], zoom=0x40	;@raw=0x57,0x20,0x99,0x07,0x08
	add [0x08], 0x000D	;@raw=0x03,0x08,0x00,0x0D
	call LABEL_793C	;@raw=0x04,0x79,0x3C
	sub [0x08], 0x000D	;@raw=0x03,0x08,0xFF,0xF3
	ret	;@raw=0x05

LABEL_8B10:
	jne [HACK_VAR_67], [0x10], LABEL_78B5	;@raw=0x0A,0x81,0x67,0x10,0x78,0xB5
	add [0x08], 0x000D	;@raw=0x03,0x08,0x00,0x0D
	video type=1, offset=CINEMATIC_249, x=[0x07], y=[0x08], zoom=0x40	;@raw=0x54,0x1C,0x7E,0x07,0x08
	sub [0x08], 0x000D	;@raw=0x03,0x08,0xFF,0xF3
	call LABEL_8C65	;@raw=0x04,0x8C,0x65
	video type=0, offset=COMMON_VIDEO_285, x=[0x07], y=[0x08], zoom=0x40	;@raw=0x57,0x20,0x99,0x07,0x08
	add [0x08], 0x000D	;@raw=0x03,0x08,0x00,0x0D
	call LABEL_793C	;@raw=0x04,0x79,0x3C
	sub [0x08], 0x000D	;@raw=0x03,0x08,0xFF,0xF3
	ret	;@raw=0x05

LABEL_8B37:
	jne [HACK_VAR_67], [0x10], LABEL_78B5	;@raw=0x0A,0x81,0x67,0x10,0x78,0xB5
	add [0x07], 0x0001	;@raw=0x03,0x07,0x00,0x01
	add [0x08], 0x000D	;@raw=0x03,0x08,0x00,0x0D
	video type=1, offset=CINEMATIC_248, x=[0x07], y=[0x08], zoom=0x40	;@raw=0x54,0x1C,0x96,0x07,0x08
	sub [0x08], 0x000D	;@raw=0x03,0x08,0xFF,0xF3
	call LABEL_8C65	;@raw=0x04,0x8C,0x65
	video type=0, offset=COMMON_VIDEO_286, x=[0x07], y=[0x08], zoom=0x40	;@raw=0x57,0x21,0x5D,0x07,0x08
	add [0x08], 0x000D	;@raw=0x03,0x08,0x00,0x0D
	call LABEL_791F	;@raw=0x04,0x79,0x1F
	sub [0x08], 0x000D	;@raw=0x03,0x08,0xFF,0xF3
	sub [0x07], 0x0001	;@raw=0x03,0x07,0xFF,0xFF
	ret	;@raw=0x05
	jne [HACK_VAR_67], [0x10], LABEL_78B5	;@raw=0x0A,0x81,0x67,0x10,0x78,0xB5
	sub [0x78], 0x000A	;@raw=0x03,0x78,0xFF,0xF6
	add [0x79], 0x0005	;@raw=0x03,0x79,0x00,0x05
	video type=0, offset=COMMON_VIDEO_287, x=[0x78], y=[0x79], zoom=0x40	;@raw=0x57,0x21,0x8A,0x78,0x79
	sub [0x79], 0x0005	;@raw=0x03,0x79,0xFF,0xFB
	add [0x78], 0x000A	;@raw=0x03,0x78,0x00,0x0A
	video type=1, offset=CINEMATIC_701, x=[0x78], y=[0x79], zoom=0x40	;@raw=0x54,0x2D,0x17,0x78,0x79
	ret	;@raw=0x05

LABEL_8B87:
	jne [HACK_VAR_67], [0x10], LABEL_78B5	;@raw=0x0A,0x81,0x67,0x10,0x78,0xB5
	sub [0x08], 0x000D	;@raw=0x03,0x08,0xFF,0xF3
	call LABEL_81AC	;@raw=0x04,0x81,0xAC
	add [0x08], 0x000D	;@raw=0x03,0x08,0x00,0x0D
	call LABEL_7647	;@raw=0x04,0x76,0x47
	video type=0, offset=COMMON_VIDEO_164, x=[0x07], y=[0x08], zoom=0x40	;@raw=0x57,0x20,0x76,0x07,0x08
	call LABEL_797A	;@raw=0x04,0x79,0x7A
	ret	;@raw=0x05

LABEL_8BA4:
	jne [HACK_VAR_67], [0x10], LABEL_78B5	;@raw=0x0A,0x81,0x67,0x10,0x78,0xB5
	add [0x07], 0x0001	;@raw=0x03,0x07,0x00,0x01
	sub [0x08], 0x000E	;@raw=0x03,0x08,0xFF,0xF2
	call LABEL_81CA	;@raw=0x04,0x81,0xCA
	add [0x08], 0x000E	;@raw=0x03,0x08,0x00,0x0E
	call LABEL_7647	;@raw=0x04,0x76,0x47
	video type=0, offset=COMMON_VIDEO_290, x=[0x07], y=[0x08], zoom=0x40	;@raw=0x57,0x21,0x36,0x07,0x08
	add [0x07], 0x0001	;@raw=0x03,0x07,0x00,0x01
	call LABEL_797A	;@raw=0x04,0x79,0x7A
	sub [0x07], 0x0002	;@raw=0x03,0x07,0xFF,0xFE
	ret	;@raw=0x05
	jne [HACK_VAR_67], [0x10], LABEL_78B5	;@raw=0x0A,0x81,0x67,0x10,0x78,0xB5
	sub [0x08], 0x000D	;@raw=0x03,0x08,0xFF,0xF3
	call LABEL_81E8	;@raw=0x04,0x81,0xE8
	add [0x08], 0x000D	;@raw=0x03,0x08,0x00,0x0D
	call LABEL_7647	;@raw=0x04,0x76,0x47
	video type=0, offset=COMMON_VIDEO_164, x=[0x07], y=[0x08], zoom=0x40	;@raw=0x57,0x20,0x76,0x07,0x08
	call LABEL_797A	;@raw=0x04,0x79,0x7A
	ret	;@raw=0x05

LABEL_8BEA:
	jne [HACK_VAR_67], [0x10], LABEL_78B5	;@raw=0x0A,0x81,0x67,0x10,0x78,0xB5
	sub [0x08], 0x000D	;@raw=0x03,0x08,0xFF,0xF3
	call LABEL_81CA	;@raw=0x04,0x81,0xCA
	add [0x08], 0x000D	;@raw=0x03,0x08,0x00,0x0D
	call LABEL_7647	;@raw=0x04,0x76,0x47
	video type=0, offset=COMMON_VIDEO_164, x=[0x07], y=[0x08], zoom=0x40	;@raw=0x57,0x20,0x76,0x07,0x08
	call LABEL_797A	;@raw=0x04,0x79,0x7A
	ret	;@raw=0x05
	jne [HACK_VAR_67], [0x10], LABEL_78B5	;@raw=0x0A,0x81,0x67,0x10,0x78,0xB5
	call LABEL_7647	;@raw=0x04,0x76,0x47
	video type=0, offset=COMMON_VIDEO_164, x=[0x07], y=[0x08], zoom=0x40	;@raw=0x57,0x20,0x76,0x07,0x08
	ret	;@raw=0x05

LABEL_8C16:
	jne [HACK_VAR_67], [0x10], LABEL_78B5	;@raw=0x0A,0x81,0x67,0x10,0x78,0xB5
	call LABEL_8C77	;@raw=0x04,0x8C,0x77
	video type=0, offset=COMMON_VIDEO_357, x=[0x07], y=[0x08], zoom=0x40	;@raw=0x57,0x20,0x5F,0x07,0x08
	video type=0, offset=COMMON_VIDEO_356, x=[0x07], y=[0x08], zoom=0x40	;@raw=0x57,0x1F,0xEA,0x07,0x08
	ret	;@raw=0x05

LABEL_8C2A:
	jne [HACK_VAR_67], [0x10], LABEL_78B5	;@raw=0x0A,0x81,0x67,0x10,0x78,0xB5
	video type=1, offset=CINEMATIC_244, x=[0x07], y=[0x08], zoom=0x40	;@raw=0x54,0x09,0x3C,0x07,0x08
	ret	;@raw=0x05
	jne [HACK_VAR_67], [0x10], LABEL_78B5	;@raw=0x0A,0x81,0x67,0x10,0x78,0xB5
	call LABEL_8C77	;@raw=0x04,0x8C,0x77
	video type=0, offset=COMMON_VIDEO_356, x=[0x07], y=[0x08], zoom=0x40	;@raw=0x57,0x1F,0xEA,0x07,0x08
	ret	;@raw=0x05
	jne [HACK_VAR_67], [0x10], LABEL_78B5	;@raw=0x0A,0x81,0x67,0x10,0x78,0xB5
	video type=0, offset=COMMON_VIDEO_353, x=[0x07], y=[0x08], zoom=0x40	;@raw=0x57,0x1F,0xD4,0x07,0x08
	video type=0, offset=COMMON_VIDEO_354, x=[0x07], y=[0x08], zoom=0x40	;@raw=0x57,0x1F,0xC6,0x07,0x08
	call JUNK__8C71	;@raw=0x04,0x8C,0x71
	ret	;@raw=0x05

LABEL_8C59:
	add [0x08], 0x000E	;@raw=0x03,0x08,0x00,0x0E
	call LABEL_8449	;@raw=0x04,0x84,0x49
	sub [0x08], 0x000E	;@raw=0x03,0x08,0xFF,0xF2
	ret	;@raw=0x05

LABEL_8C65:
	add [0x08], 0x000D	;@raw=0x03,0x08,0x00,0x0D
	call LABEL_7647	;@raw=0x04,0x76,0x47
	sub [0x08], 0x000D	;@raw=0x03,0x08,0xFF,0xF3
	ret	;@raw=0x05

JUNK__8C71:
	video type=1, offset=CINEMATIC_700, x=[0x07], y=[0x08], zoom=0x40	;@raw=0x54,0x08,0xA6,0x07,0x08
	ret	;@raw=0x05

LABEL_8C77:
	video type=0, offset=COMMON_VIDEO_355, x=[0x07], y=[0x08], zoom=0x40	;@raw=0x57,0x1F,0xDC,0x07,0x08
	ret	;@raw=0x05

LABEL_8C7D:
	jne [HACK_VAR_67], [0x10], LABEL_78B5	;@raw=0x0A,0x81,0x67,0x10,0x78,0xB5
	call LABEL_8C59	;@raw=0x04,0x8C,0x59
	video type=0, offset=COMMON_VIDEO_288, x=[0x07], y=[0x08], zoom=0x40	;@raw=0x57,0x1F,0x27,0x07,0x08
	call LABEL_77AF	;@raw=0x04,0x77,0xAF
	ret	;@raw=0x05

LABEL_8C8F:
	jne [HACK_VAR_67], [0x10], LABEL_78B5	;@raw=0x0A,0x81,0x67,0x10,0x78,0xB5
	sub [0x07], 0x0001	;@raw=0x03,0x07,0xFF,0xFF
	call LABEL_8C59	;@raw=0x04,0x8C,0x59
	video type=0, offset=COMMON_VIDEO_289, x=[0x07], y=[0x08], zoom=0x40	;@raw=0x57,0x21,0x92,0x07,0x08
	sub [0x08], 0x0001	;@raw=0x03,0x08,0xFF,0xFF
	call LABEL_77DD	;@raw=0x04,0x77,0xDD
	add [0x08], 0x0001	;@raw=0x03,0x08,0x00,0x01
	add [0x07], 0x0001	;@raw=0x03,0x07,0x00,0x01
	ret	;@raw=0x05

LABEL_8CB1:
	jne [HACK_VAR_67], [0x10], LABEL_78B5	;@raw=0x0A,0x81,0x67,0x10,0x78,0xB5
	call LABEL_8C59	;@raw=0x04,0x8C,0x59
	video type=0, offset=COMMON_VIDEO_288, x=[0x07], y=[0x08], zoom=0x40	;@raw=0x57,0x1F,0x27,0x07,0x08
	call LABEL_780F	;@raw=0x04,0x78,0x0F
	ret	;@raw=0x05

LABEL_8CC3:
	jne [HACK_VAR_67], [0x10], LABEL_78B5	;@raw=0x0A,0x81,0x67,0x10,0x78,0xB5
	call LABEL_8C59	;@raw=0x04,0x8C,0x59
	video type=0, offset=COMMON_VIDEO_288, x=[0x07], y=[0x08], zoom=0x40	;@raw=0x57,0x1F,0x27,0x07,0x08
	call LABEL_77DD	;@raw=0x04,0x77,0xDD
	ret	;@raw=0x05

LABEL_8CD5:
	jne [HACK_VAR_67], [0x10], LABEL_78B5	;@raw=0x0A,0x81,0x67,0x10,0x78,0xB5
	call LABEL_8C59	;@raw=0x04,0x8C,0x59
	video type=0, offset=COMMON_VIDEO_288, x=[0x07], y=[0x08], zoom=0x40	;@raw=0x57,0x1F,0x27,0x07,0x08
	add [0x08], 0x000D	;@raw=0x03,0x08,0x00,0x0D
	je [0x0D], 0x00, LABEL_8CF3	;@raw=0x0A,0x00,0x0D,0x00,0x8C,0xF3
	call LABEL_8264	;@raw=0x04,0x82,0x64
	jmp LABEL_8CF6	;@raw=0x07,0x8C,0xF6

LABEL_8CF3:
	call LABEL_856D	;@raw=0x04,0x85,0x6D

LABEL_8CF6:
	sub [0x08], 0x000D	;@raw=0x03,0x08,0xFF,0xF3
	ret	;@raw=0x05

LABEL_8CFB:
	jne [HACK_VAR_67], [0x10], LABEL_78B5	;@raw=0x0A,0x81,0x67,0x10,0x78,0xB5
	video type=1, offset=CINEMATIC_245, x=[0x07], y=[0x08], zoom=0x40	;@raw=0x54,0x0F,0x7A,0x07,0x08
	call LABEL_8CD5	;@raw=0x04,0x8C,0xD5
	ret	;@raw=0x05

LABEL_8D0A:
	jne [HACK_VAR_67], [0x10], LABEL_78B5	;@raw=0x0A,0x81,0x67,0x10,0x78,0xB5
	sub [0x07], 0x0001	;@raw=0x03,0x07,0xFF,0xFF
	call LABEL_8C59	;@raw=0x04,0x8C,0x59
	video type=0, offset=COMMON_VIDEO_289, x=[0x07], y=[0x08], zoom=0x40	;@raw=0x57,0x21,0x92,0x07,0x08
	sub [0x08], 0x0001	;@raw=0x03,0x08,0xFF,0xFF
	call LABEL_782F	;@raw=0x04,0x78,0x2F
	add [0x08], 0x0001	;@raw=0x03,0x08,0x00,0x01
	add [0x07], 0x0001	;@raw=0x03,0x07,0x00,0x01
	ret	;@raw=0x05

LABEL_8D2C:
	jne [HACK_VAR_67], [0x10], LABEL_78B5	;@raw=0x0A,0x81,0x67,0x10,0x78,0xB5
	call LABEL_8C59	;@raw=0x04,0x8C,0x59
	video type=0, offset=COMMON_VIDEO_288, x=[0x07], y=[0x08], zoom=0x40	;@raw=0x57,0x1F,0x27,0x07,0x08
	call LABEL_782F	;@raw=0x04,0x78,0x2F
	ret	;@raw=0x05

LABEL_8D3E:
	jne [HACK_VAR_67], [0x10], LABEL_78B5	;@raw=0x0A,0x81,0x67,0x10,0x78,0xB5
	add [0x08], 0x000D	;@raw=0x03,0x08,0x00,0x0D
	sub [0x07], 0x0004	;@raw=0x03,0x07,0xFF,0xFC
	video type=0, offset=COMMON_VIDEO_253, x=[0x07], y=[0x08], zoom=0x40	;@raw=0x57,0x12,0xB8,0x07,0x08
	add [0x07], 0x0004	;@raw=0x03,0x07,0x00,0x04
	sub [0x08], 0x000D	;@raw=0x03,0x08,0xFF,0xF3
	call LABEL_8C59	;@raw=0x04,0x8C,0x59
	video type=0, offset=COMMON_VIDEO_288, x=[0x07], y=[0x08], zoom=0x40	;@raw=0x57,0x1F,0x27,0x07,0x08
	add [0x08], 0x000D	;@raw=0x03,0x08,0x00,0x0D
	call LABEL_8599	;@raw=0x04,0x85,0x99
	sub [0x08], 0x000D	;@raw=0x03,0x08,0xFF,0xF3
	ret	;@raw=0x05

LABEL_8D6D:
	jne [HACK_VAR_67], [0x10], LABEL_78B5	;@raw=0x0A,0x81,0x67,0x10,0x78,0xB5
	call LABEL_8C59	;@raw=0x04,0x8C,0x59
	video type=0, offset=COMMON_VIDEO_288, x=[0x07], y=[0x08], zoom=0x40	;@raw=0x57,0x1F,0x27,0x07,0x08
	add [0x08], 0x000D	;@raw=0x03,0x08,0x00,0x0D
	call LABEL_8599	;@raw=0x04,0x85,0x99
	sub [0x08], 0x000D	;@raw=0x03,0x08,0xFF,0xF3
	ret	;@raw=0x05

LABEL_8D87:
	jne [HACK_VAR_67], [0x10], LABEL_78B5	;@raw=0x0A,0x81,0x67,0x10,0x78,0xB5
	add [0x08], 0x000D	;@raw=0x03,0x08,0x00,0x0D
	video type=1, offset=CINEMATIC_262, x=[0x07], y=[0x08], zoom=0x40	;@raw=0x54,0x1C,0x9C,0x07,0x08
	sub [0x08], 0x000D	;@raw=0x03,0x08,0xFF,0xF3
	call LABEL_8C59	;@raw=0x04,0x8C,0x59
	video type=0, offset=COMMON_VIDEO_288, x=[0x07], y=[0x08], zoom=0x40	;@raw=0x57,0x1F,0x27,0x07,0x08
	add [0x08], 0x000D	;@raw=0x03,0x08,0x00,0x0D
	call LABEL_8599	;@raw=0x04,0x85,0x99
	sub [0x08], 0x000D	;@raw=0x03,0x08,0xFF,0xF3
	ret	;@raw=0x05

LABEL_8DAE:
	jne [HACK_VAR_67], [0x10], LABEL_78B5	;@raw=0x0A,0x81,0x67,0x10,0x78,0xB5
	sub [0x07], 0x0001	;@raw=0x03,0x07,0xFF,0xFF
	add [0x08], 0x000D	;@raw=0x03,0x08,0x00,0x0D
	video type=1, offset=CINEMATIC_261, x=[0x07], y=[0x08], zoom=0x40	;@raw=0x54,0x1C,0xB4,0x07,0x08
	sub [0x08], 0x000D	;@raw=0x03,0x08,0xFF,0xF3
	call LABEL_8C59	;@raw=0x04,0x8C,0x59
	video type=0, offset=COMMON_VIDEO_289, x=[0x07], y=[0x08], zoom=0x40	;@raw=0x57,0x21,0x92,0x07,0x08
	add [0x08], 0x000D	;@raw=0x03,0x08,0x00,0x0D
	call LABEL_8583	;@raw=0x04,0x85,0x83
	sub [0x08], 0x000D	;@raw=0x03,0x08,0xFF,0xF3
	add [0x07], 0x0001	;@raw=0x03,0x07,0x00,0x01
	ret	;@raw=0x05

LABEL_8DDD:
	jne [HACK_VAR_67], [0x10], LABEL_78B5	;@raw=0x0A,0x81,0x67,0x10,0x78,0xB5
	call LABEL_8449	;@raw=0x04,0x84,0x49
	video type=0, offset=COMMON_VIDEO_291, x=[0x07], y=[0x08], zoom=0x40	;@raw=0x57,0x21,0xA3,0x07,0x08
	sub [0x08], 0x000D	;@raw=0x03,0x08,0xFF,0xF3
	call LABEL_77AF	;@raw=0x04,0x77,0xAF
	add [0x08], 0x000D	;@raw=0x03,0x08,0x00,0x0D
	ret	;@raw=0x05

LABEL_8DF7:
	jne [HACK_VAR_67], [0x10], LABEL_78B5	;@raw=0x0A,0x81,0x67,0x10,0x78,0xB5
	sub [0x07], 0x0001	;@raw=0x03,0x07,0xFF,0xFF
	call LABEL_8449	;@raw=0x04,0x84,0x49
	video type=0, offset=COMMON_VIDEO_292, x=[0x07], y=[0x08], zoom=0x40	;@raw=0x57,0x21,0xB4,0x07,0x08
	sub [0x08], 0x000E	;@raw=0x03,0x08,0xFF,0xF2
	call LABEL_77DD	;@raw=0x04,0x77,0xDD
	add [0x08], 0x000E	;@raw=0x03,0x08,0x00,0x0E
	add [0x07], 0x0001	;@raw=0x03,0x07,0x00,0x01
	ret	;@raw=0x05
	jne [HACK_VAR_67], [0x10], LABEL_78B5	;@raw=0x0A,0x81,0x67,0x10,0x78,0xB5
	call LABEL_8449	;@raw=0x04,0x84,0x49
	video type=0, offset=COMMON_VIDEO_291, x=[0x07], y=[0x08], zoom=0x40	;@raw=0x57,0x21,0xA3,0x07,0x08
	sub [0x08], 0x000D	;@raw=0x03,0x08,0xFF,0xF3
	call LABEL_780F	;@raw=0x04,0x78,0x0F
	add [0x08], 0x000D	;@raw=0x03,0x08,0x00,0x0D
	ret	;@raw=0x05

LABEL_8E33:
	jne [HACK_VAR_67], [0x10], LABEL_78B5	;@raw=0x0A,0x81,0x67,0x10,0x78,0xB5
	call LABEL_8449	;@raw=0x04,0x84,0x49
	video type=0, offset=COMMON_VIDEO_291, x=[0x07], y=[0x08], zoom=0x40	;@raw=0x57,0x21,0xA3,0x07,0x08
	sub [0x08], 0x000D	;@raw=0x03,0x08,0xFF,0xF3
	call LABEL_77DD	;@raw=0x04,0x77,0xDD
	add [0x08], 0x000D	;@raw=0x03,0x08,0x00,0x0D
	ret	;@raw=0x05
	jne [HACK_VAR_67], [0x10], LABEL_78B5	;@raw=0x0A,0x81,0x67,0x10,0x78,0xB5
	call LABEL_8449	;@raw=0x04,0x84,0x49
	video type=0, offset=COMMON_VIDEO_291, x=[0x07], y=[0x08], zoom=0x40	;@raw=0x57,0x21,0xA3,0x07,0x08
	ret	;@raw=0x05

JUNK__8E5C:
	call LABEL_8C7D	;@raw=0x04,0x8C,0x7D
	break	;@raw=0x06
	call LABEL_8C7D	;@raw=0x04,0x8C,0x7D
	break	;@raw=0x06
	call LABEL_8C7D	;@raw=0x04,0x8C,0x7D
	sub [0x07], 0x0001	;@raw=0x03,0x07,0xFF,0xFF
	break	;@raw=0x06
	call LABEL_8C8F	;@raw=0x04,0x8C,0x8F
	add [0x07], 0x0001	;@raw=0x03,0x07,0x00,0x01
	break	;@raw=0x06
	jmp JUNK__8E5C	;@raw=0x07,0x8E,0x5C
LABEL_8E77:
	db 0x11

LABEL_8E78:
	call LABEL_4F8F	;@raw=0x04,0x4F,0x8F
	jmp LABEL_8E87	;@raw=0x07,0x8E,0x87
	call LABEL_51D8	;@raw=0x04,0x51,0xD8
	jne [0x2F], 0x03, LABEL_4B4C	;@raw=0x0A,0x01,0x2F,0x03,0x4B,0x4C

LABEL_8E87:
	call LABEL_8293	;@raw=0x04,0x82,0x93
	add [0x07], 0x0007	;@raw=0x03,0x07,0x00,0x07
	break	;@raw=0x06
	jl [0x07], [0x29], LABEL_8E9E	;@raw=0x0A,0x84,0x07,0x29,0x8E,0x9E
	call LABEL_51D8	;@raw=0x04,0x51,0xD8
	jne [0x2F], 0x03, LABEL_4B4C	;@raw=0x0A,0x01,0x2F,0x03,0x4B,0x4C

LABEL_8E9E:
	call LABEL_82C0	;@raw=0x04,0x82,0xC0
	add [0x07], 0x0009	;@raw=0x03,0x07,0x00,0x09
	break	;@raw=0x06
	jl [0x07], [0x29], LABEL_8EB5	;@raw=0x0A,0x84,0x07,0x29,0x8E,0xB5
	call LABEL_51D8	;@raw=0x04,0x51,0xD8
	jne [0x2F], 0x03, LABEL_4B4C	;@raw=0x0A,0x01,0x2F,0x03,0x4B,0x4C

LABEL_8EB5:
	call LABEL_82E5	;@raw=0x04,0x82,0xE5
	add [0x07], 0x0009	;@raw=0x03,0x07,0x00,0x09
	break	;@raw=0x06
	jl [0x07], [0x29], LABEL_8ECC	;@raw=0x0A,0x84,0x07,0x29,0x8E,0xCC
	call LABEL_51D8	;@raw=0x04,0x51,0xD8
	jne [0x2F], 0x03, LABEL_4B4C	;@raw=0x0A,0x01,0x2F,0x03,0x4B,0x4C

LABEL_8ECC:
	call LABEL_8318	;@raw=0x04,0x83,0x18
	add [0x07], 0x0008	;@raw=0x03,0x07,0x00,0x08
	break	;@raw=0x06
	jl [0x07], [0x29], LABEL_8EE3	;@raw=0x0A,0x84,0x07,0x29,0x8E,0xE3
	call LABEL_51D8	;@raw=0x04,0x51,0xD8
	jne [0x2F], 0x03, LABEL_4B4C	;@raw=0x0A,0x01,0x2F,0x03,0x4B,0x4C

LABEL_8EE3:
	call LABEL_8345	;@raw=0x04,0x83,0x45
	add [0x07], 0x000A	;@raw=0x03,0x07,0x00,0x0A
	break	;@raw=0x06
	jl [0x07], [0x29], LABEL_8EFA	;@raw=0x0A,0x84,0x07,0x29,0x8E,0xFA
	call LABEL_51D8	;@raw=0x04,0x51,0xD8
	jne [0x2F], 0x03, LABEL_4B4C	;@raw=0x0A,0x01,0x2F,0x03,0x4B,0x4C

LABEL_8EFA:
	call LABEL_836A	;@raw=0x04,0x83,0x6A
	add [0x07], 0x0007	;@raw=0x03,0x07,0x00,0x07
	break	;@raw=0x06
	jl [0x07], [0x29], LABEL_8F11	;@raw=0x0A,0x84,0x07,0x29,0x8F,0x11
	call LABEL_51D8	;@raw=0x04,0x51,0xD8
	jne [0x2F], 0x03, LABEL_4B4C	;@raw=0x0A,0x01,0x2F,0x03,0x4B,0x4C

LABEL_8F11:
	call LABEL_8397	;@raw=0x04,0x83,0x97
	add [0x07], 0x0009	;@raw=0x03,0x07,0x00,0x09
	break	;@raw=0x06
	jl [0x07], [0x29], LABEL_8F28	;@raw=0x0A,0x84,0x07,0x29,0x8F,0x28
	call LABEL_51D8	;@raw=0x04,0x51,0xD8
	jne [0x2F], 0x03, LABEL_4B4C	;@raw=0x0A,0x01,0x2F,0x03,0x4B,0x4C

LABEL_8F28:
	call LABEL_83BC	;@raw=0x04,0x83,0xBC
	add [0x07], 0x0009	;@raw=0x03,0x07,0x00,0x09
	break	;@raw=0x06
	jl [0x07], [0x29], LABEL_8F3F	;@raw=0x0A,0x84,0x07,0x29,0x8F,0x3F
	call LABEL_51D8	;@raw=0x04,0x51,0xD8
	jne [0x2F], 0x03, LABEL_4B4C	;@raw=0x0A,0x01,0x2F,0x03,0x4B,0x4C

LABEL_8F3F:
	call LABEL_83EF	;@raw=0x04,0x83,0xEF
	add [0x07], 0x0008	;@raw=0x03,0x07,0x00,0x08
	break	;@raw=0x06
	jl [0x07], [0x29], LABEL_8F56	;@raw=0x0A,0x84,0x07,0x29,0x8F,0x56
	call LABEL_51D8	;@raw=0x04,0x51,0xD8
	jne [0x2F], 0x03, LABEL_4B4C	;@raw=0x0A,0x01,0x2F,0x03,0x4B,0x4C

LABEL_8F56:
	call LABEL_841C	;@raw=0x04,0x84,0x1C
	add [0x07], 0x000A	;@raw=0x03,0x07,0x00,0x0A
	break	;@raw=0x06
	jmp LABEL_8E78	;@raw=0x07,0x8E,0x78
	killChannel	;@raw=0x11

LABEL_8F62:
	call LABEL_7CBC	;@raw=0x04,0x7C,0xBC
	break	;@raw=0x06
	jmp LABEL_8F62	;@raw=0x07,0x8F,0x62
LABEL_8F69:
	db 0x11

LABEL_8F6A:
	call LABEL_4F8F	;@raw=0x04,0x4F,0x8F
	jmp LABEL_8F79	;@raw=0x07,0x8F,0x79
	call LABEL_51D8	;@raw=0x04,0x51,0xD8
	jne [0x2F], 0x01, LABEL_4B3B	;@raw=0x0A,0x01,0x2F,0x01,0x4B,0x3B

LABEL_8F79:
	call LABEL_864B	;@raw=0x04,0x86,0x4B
	add [0x07], 0x0002	;@raw=0x03,0x07,0x00,0x02
	break	;@raw=0x06
	jl [0x07], [0x29], LABEL_8F90	;@raw=0x0A,0x84,0x07,0x29,0x8F,0x90
	call LABEL_51D8	;@raw=0x04,0x51,0xD8
	jne [0x2F], 0x01, LABEL_4B3B	;@raw=0x0A,0x01,0x2F,0x01,0x4B,0x3B

LABEL_8F90:
	call LABEL_8671	;@raw=0x04,0x86,0x71
	add [0x07], 0x0002	;@raw=0x03,0x07,0x00,0x02
	break	;@raw=0x06
	jl [0x07], [0x29], LABEL_8FA7	;@raw=0x0A,0x84,0x07,0x29,0x8F,0xA7
	call LABEL_51D8	;@raw=0x04,0x51,0xD8
	jne [0x2F], 0x01, LABEL_4B3B	;@raw=0x0A,0x01,0x2F,0x01,0x4B,0x3B

LABEL_8FA7:
	call LABEL_869F	;@raw=0x04,0x86,0x9F
	add [0x07], 0x0003	;@raw=0x03,0x07,0x00,0x03
	break	;@raw=0x06
	jl [0x07], [0x29], LABEL_8FBE	;@raw=0x0A,0x84,0x07,0x29,0x8F,0xBE
	call LABEL_51D8	;@raw=0x04,0x51,0xD8
	jne [0x2F], 0x01, LABEL_4B3B	;@raw=0x0A,0x01,0x2F,0x01,0x4B,0x3B

LABEL_8FBE:
	call LABEL_86C0	;@raw=0x04,0x86,0xC0
	add [0x07], 0x0003	;@raw=0x03,0x07,0x00,0x03
	break	;@raw=0x06
	jl [0x07], [0x29], LABEL_8FD5	;@raw=0x0A,0x84,0x07,0x29,0x8F,0xD5
	call LABEL_51D8	;@raw=0x04,0x51,0xD8
	jne [0x2F], 0x01, LABEL_4B3B	;@raw=0x0A,0x01,0x2F,0x01,0x4B,0x3B

LABEL_8FD5:
	call LABEL_86ED	;@raw=0x04,0x86,0xED
	add [0x07], 0x0003	;@raw=0x03,0x07,0x00,0x03
	break	;@raw=0x06
	jl [0x07], [0x29], LABEL_8FEC	;@raw=0x0A,0x84,0x07,0x29,0x8F,0xEC
	call LABEL_51D8	;@raw=0x04,0x51,0xD8
	jne [0x2F], 0x01, LABEL_4B3B	;@raw=0x0A,0x01,0x2F,0x01,0x4B,0x3B

LABEL_8FEC:
	call LABEL_870E	;@raw=0x04,0x87,0x0E
	add [0x07], 0x0003	;@raw=0x03,0x07,0x00,0x03
	break	;@raw=0x06
	jl [0x07], [0x29], LABEL_9003	;@raw=0x0A,0x84,0x07,0x29,0x90,0x03
	call LABEL_51D8	;@raw=0x04,0x51,0xD8
	jne [0x2F], 0x01, LABEL_4B3B	;@raw=0x0A,0x01,0x2F,0x01,0x4B,0x3B

LABEL_9003:
	call LABEL_8734	;@raw=0x04,0x87,0x34
	add [0x07], 0x0003	;@raw=0x03,0x07,0x00,0x03
	break	;@raw=0x06
	jl [0x07], [0x29], LABEL_901A	;@raw=0x0A,0x84,0x07,0x29,0x90,0x1A
	call LABEL_51D8	;@raw=0x04,0x51,0xD8
	jne [0x2F], 0x01, LABEL_4B3B	;@raw=0x0A,0x01,0x2F,0x01,0x4B,0x3B

LABEL_901A:
	call LABEL_875A	;@raw=0x04,0x87,0x5A
	add [0x07], 0x0002	;@raw=0x03,0x07,0x00,0x02
	break	;@raw=0x06
	jl [0x07], [0x29], LABEL_9031	;@raw=0x0A,0x84,0x07,0x29,0x90,0x31
	call LABEL_51D8	;@raw=0x04,0x51,0xD8
	jne [0x2F], 0x01, LABEL_4B3B	;@raw=0x0A,0x01,0x2F,0x01,0x4B,0x3B

LABEL_9031:
	call LABEL_8780	;@raw=0x04,0x87,0x80
	add [0x07], 0x0002	;@raw=0x03,0x07,0x00,0x02
	break	;@raw=0x06
	jl [0x07], [0x29], LABEL_9048	;@raw=0x0A,0x84,0x07,0x29,0x90,0x48
	call LABEL_51D8	;@raw=0x04,0x51,0xD8
	jne [0x2F], 0x01, LABEL_4B3B	;@raw=0x0A,0x01,0x2F,0x01,0x4B,0x3B

LABEL_9048:
	call LABEL_87A6	;@raw=0x04,0x87,0xA6
	add [0x07], 0x0002	;@raw=0x03,0x07,0x00,0x02
	break	;@raw=0x06
	jl [0x07], [0x29], LABEL_905F	;@raw=0x0A,0x84,0x07,0x29,0x90,0x5F
	call LABEL_51D8	;@raw=0x04,0x51,0xD8
	jne [0x2F], 0x01, LABEL_4B3B	;@raw=0x0A,0x01,0x2F,0x01,0x4B,0x3B

LABEL_905F:
	call LABEL_87D4	;@raw=0x04,0x87,0xD4
	add [0x07], 0x0003	;@raw=0x03,0x07,0x00,0x03
	break	;@raw=0x06
	jl [0x07], [0x29], LABEL_9076	;@raw=0x0A,0x84,0x07,0x29,0x90,0x76
	call LABEL_51D8	;@raw=0x04,0x51,0xD8
	jne [0x2F], 0x01, LABEL_4B3B	;@raw=0x0A,0x01,0x2F,0x01,0x4B,0x3B

LABEL_9076:
	call LABEL_87FA	;@raw=0x04,0x87,0xFA
	add [0x07], 0x0003	;@raw=0x03,0x07,0x00,0x03
	break	;@raw=0x06
	jl [0x07], [0x29], LABEL_908D	;@raw=0x0A,0x84,0x07,0x29,0x90,0x8D
	call LABEL_51D8	;@raw=0x04,0x51,0xD8
	jne [0x2F], 0x01, LABEL_4B3B	;@raw=0x0A,0x01,0x2F,0x01,0x4B,0x3B

LABEL_908D:
	call LABEL_882C	;@raw=0x04,0x88,0x2C
	add [0x07], 0x0003	;@raw=0x03,0x07,0x00,0x03
	break	;@raw=0x06
	jl [0x07], [0x29], LABEL_90A4	;@raw=0x0A,0x84,0x07,0x29,0x90,0xA4
	call LABEL_51D8	;@raw=0x04,0x51,0xD8
	jne [0x2F], 0x01, LABEL_4B3B	;@raw=0x0A,0x01,0x2F,0x01,0x4B,0x3B

LABEL_90A4:
	call LABEL_884D	;@raw=0x04,0x88,0x4D
	add [0x07], 0x0003	;@raw=0x03,0x07,0x00,0x03
	break	;@raw=0x06
	jl [0x07], [0x29], LABEL_90BB	;@raw=0x0A,0x84,0x07,0x29,0x90,0xBB
	call LABEL_51D8	;@raw=0x04,0x51,0xD8
	jne [0x2F], 0x01, LABEL_4B3B	;@raw=0x0A,0x01,0x2F,0x01,0x4B,0x3B

LABEL_90BB:
	call LABEL_886E	;@raw=0x04,0x88,0x6E
	add [0x07], 0x0003	;@raw=0x03,0x07,0x00,0x03
	break	;@raw=0x06
	jl [0x07], [0x29], LABEL_90D2	;@raw=0x0A,0x84,0x07,0x29,0x90,0xD2
	call LABEL_51D8	;@raw=0x04,0x51,0xD8
	jne [0x2F], 0x01, LABEL_4B3B	;@raw=0x0A,0x01,0x2F,0x01,0x4B,0x3B

LABEL_90D2:
	call LABEL_888F	;@raw=0x04,0x88,0x8F
	add [0x07], 0x0002	;@raw=0x03,0x07,0x00,0x02
	break	;@raw=0x06
	jmp LABEL_8F6A	;@raw=0x07,0x8F,0x6A
LABEL_90DD:
	db 0x11

LABEL_90DE:
	je [0x0A], [0x0C], LABEL_90FC	;@raw=0x0A,0x80,0x0A,0x0C,0x90,0xFC
	jg [0x0A], [0x0C], LABEL_90FD	;@raw=0x0A,0x82,0x0A,0x0C,0x90,0xFD

LABEL_90EA:
	add [0x0A], 0x0001	;@raw=0x03,0x0A,0x00,0x01
	break	;@raw=0x06
	jne [0x0A], 0x03, LABEL_90F6	;@raw=0x0A,0x01,0x0A,0x03,0x90,0xF6
	break	;@raw=0x06

LABEL_90F6:
	jl [0x0A], [0x0C], LABEL_90EA	;@raw=0x0A,0x84,0x0A,0x0C,0x90,0xEA

LABEL_90FC:
	killChannel	;@raw=0x11

LABEL_90FD:
	sub [0x0A], 0x0001	;@raw=0x03,0x0A,0xFF,0xFF
	break	;@raw=0x06
	jne [0x0A], 0x02, LABEL_9109	;@raw=0x0A,0x01,0x0A,0x02,0x91,0x09
	break	;@raw=0x06

LABEL_9109:
	jg [0x0A], [0x0C], LABEL_90FD	;@raw=0x0A,0x82,0x0A,0x0C,0x90,0xFD
	killChannel	;@raw=0x11

LABEL_9110:
	sub [0x0B], 0x0001	;@raw=0x03,0x0B,0xFF,0xFF
	jg [0x0B], 0x00, LABEL_9145	;@raw=0x0A,0x02,0x0B,0x00,0x91,0x45
	je [HERO_POS_MASK], 0x00, LABEL_9133	;@raw=0x0A,0x00,0xFD,0x00,0x91,0x33
	call LABEL_30C3	;@raw=0x04,0x30,0xC3
	mov [0x0B], [RANDOM_SEED]	;@raw=0x01,0x0B,0x3C
	add [0x0B], 0x0006	;@raw=0x03,0x0B,0x00,0x06
	mov [0x0C], 0x0004	;@raw=0x00,0x0C,0x00,0x04
	setup channel=0x15, address=LABEL_90DE	;@raw=0x08,0x15,0x90,0xDE
	ret	;@raw=0x05

LABEL_9133:
	call LABEL_30C3	;@raw=0x04,0x30,0xC3
	mov [0x0B], [0x3A]	;@raw=0x01,0x0B,0x3A
	add [0x0B], 0x0006	;@raw=0x03,0x0B,0x00,0x06
	mov [0x0C], 0x0001	;@raw=0x00,0x0C,0x00,0x01
	setup channel=0x15, address=LABEL_90DE	;@raw=0x08,0x15,0x90,0xDE

LABEL_9145:
	ret	;@raw=0x05

LABEL_9146:
	video type=0, offset=COMMON_VIDEO_331, x=[0x01], y=[0x02], zoom=0x40	;@raw=0x57,0x1B,0xB2,0x01,0x02
	jg [0x06], [0x30], LABEL_78B5	;@raw=0x0A,0x82,0x06,0x30,0x78,0xB5
	mov [0xF8], [0x31]	;@raw=0x01,0xF8,0x31
	and [0xF8], 0x0004	;@raw=0x14,0xF8,0x00,0x04
	je [0xF8], 0x00, LABEL_78B5	;@raw=0x0A,0x00,0xF8,0x00,0x78,0xB5
	video type=0, offset=COMMON_VIDEO_332, x=[0x01], y=[0x02], zoom=0x40	;@raw=0x57,0x2E,0x26,0x01,0x02
	ret	;@raw=0x05

LABEL_9164:
	video type=1, offset=CINEMATIC_331, x=[0x01], y=[0x02], zoom=0x40	;@raw=0x54,0x06,0xE7,0x01,0x02
	jg [0x06], [0x30], LABEL_78B5	;@raw=0x0A,0x82,0x06,0x30,0x78,0xB5
	mov [0xF8], [0x31]	;@raw=0x01,0xF8,0x31
	and [0xF8], 0x0004	;@raw=0x14,0xF8,0x00,0x04
	je [0xF8], 0x00, LABEL_78B5	;@raw=0x0A,0x00,0xF8,0x00,0x78,0xB5
	video type=0, offset=COMMON_VIDEO_349, x=[0x01], y=[0x02], zoom=0x40	;@raw=0x57,0x2E,0x2A,0x01,0x02
	ret	;@raw=0x05

LABEL_9182:
	jne [0x05], 0x00, LABEL_918E	;@raw=0x0A,0x01,0x05,0x00,0x91,0x8E
	video type=0, offset=COMMON_VIDEO_015, x=[0x01], y=[0x02], zoom=0x40	;@raw=0x57,0x2E,0xEE,0x01,0x02
	ret	;@raw=0x05

LABEL_918E:
	jne [0x05], 0x01, LABEL_919A	;@raw=0x0A,0x01,0x05,0x01,0x91,0x9A
	video type=0, offset=COMMON_VIDEO_345, x=[0x01], y=[0x02], zoom=0x40	;@raw=0x57,0x2E,0x6A,0x01,0x02
	ret	;@raw=0x05

LABEL_919A:
	jne [0x05], 0x02, LABEL_91A6	;@raw=0x0A,0x01,0x05,0x02,0x91,0xA6
	video type=0, offset=COMMON_VIDEO_344, x=[0x01], y=[0x02], zoom=0x40	;@raw=0x57,0x2E,0x96,0x01,0x02
	ret	;@raw=0x05

LABEL_91A6:
	jne [0x05], 0x03, LABEL_91B2	;@raw=0x0A,0x01,0x05,0x03,0x91,0xB2
	video type=0, offset=COMMON_VIDEO_343, x=[0x01], y=[0x02], zoom=0x40	;@raw=0x57,0x2E,0xC2,0x01,0x02
	ret	;@raw=0x05

LABEL_91B2:
	ret	;@raw=0x05

LABEL_91B3:
	video type=0, offset=COMMON_VIDEO_036, x=[0x01], y=[0x02], zoom=0x40	;@raw=0x57,0x06,0x5D,0x01,0x02
	jne [0x0A], 0x00, LABEL_91C4	;@raw=0x0A,0x01,0x0A,0x00,0x91,0xC4
	video type=0, offset=COMMON_VIDEO_037, x=[0x01], y=[0x02], zoom=0x40	;@raw=0x57,0x19,0xA9,0x01,0x02
	ret	;@raw=0x05

LABEL_91C4:
	call LABEL_9110	;@raw=0x04,0x91,0x10
	jne [0x0A], 0x01, LABEL_91EB	;@raw=0x0A,0x01,0x0A,0x01,0x91,0xEB
	video type=0, offset=COMMON_VIDEO_159, x=[0x01], y=[0x02], zoom=0x40	;@raw=0x57,0x1A,0x3E,0x01,0x02
	jg [0x06], [0x30], LABEL_78B5	;@raw=0x0A,0x82,0x06,0x30,0x78,0xB5
	mov [0xF8], [0x31]	;@raw=0x01,0xF8,0x31
	and [0xF8], 0x0002	;@raw=0x14,0xF8,0x00,0x02
	je [0xF8], 0x00, LABEL_78B5	;@raw=0x0A,0x00,0xF8,0x00,0x78,0xB5
	video type=0, offset=COMMON_VIDEO_160, x=[0x01], y=[0x02], zoom=0x40	;@raw=0x57,0x2D,0xFC,0x01,0x02
	ret	;@raw=0x05

LABEL_91EB:
	jne [0x0A], 0x02, LABEL_920F	;@raw=0x0A,0x01,0x0A,0x02,0x92,0x0F
	video type=0, offset=COMMON_VIDEO_157, x=[0x01], y=[0x02], zoom=0x40	;@raw=0x57,0x19,0xF9,0x01,0x02
	jg [0x06], [0x30], LABEL_78B5	;@raw=0x0A,0x82,0x06,0x30,0x78,0xB5
	mov [0xF8], [0x31]	;@raw=0x01,0xF8,0x31
	and [0xF8], 0x0004	;@raw=0x14,0xF8,0x00,0x04
	je [0xF8], 0x00, LABEL_78B5	;@raw=0x0A,0x00,0xF8,0x00,0x78,0xB5
	video type=0, offset=COMMON_VIDEO_158, x=[0x01], y=[0x02], zoom=0x40	;@raw=0x57,0x2E,0x06,0x01,0x02
	ret	;@raw=0x05

LABEL_920F:
	jne [0x0A], 0x03, LABEL_9233	;@raw=0x0A,0x01,0x0A,0x03,0x92,0x33
	video type=0, offset=COMMON_VIDEO_155, x=[0x01], y=[0x02], zoom=0x40	;@raw=0x57,0x1A,0x10,0x01,0x02
	jg [0x06], [0x30], LABEL_78B5	;@raw=0x0A,0x82,0x06,0x30,0x78,0xB5
	mov [0xF8], [0x31]	;@raw=0x01,0xF8,0x31
	and [0xF8], 0x0004	;@raw=0x14,0xF8,0x00,0x04
	je [0xF8], 0x00, LABEL_78B5	;@raw=0x0A,0x00,0xF8,0x00,0x78,0xB5
	video type=0, offset=COMMON_VIDEO_156, x=[0x01], y=[0x02], zoom=0x40	;@raw=0x57,0x2E,0x0A,0x01,0x02
	ret	;@raw=0x05

LABEL_9233:
	video type=0, offset=COMMON_VIDEO_153, x=[0x01], y=[0x02], zoom=0x40	;@raw=0x57,0x1A,0x27,0x01,0x02
	jg [0x06], [0x30], LABEL_78B5	;@raw=0x0A,0x82,0x06,0x30,0x78,0xB5
	mov [0xF8], [0x31]	;@raw=0x01,0xF8,0x31
	and [0xF8], 0x0004	;@raw=0x14,0xF8,0x00,0x04
	je [0xF8], 0x00, LABEL_78B5	;@raw=0x0A,0x00,0xF8,0x00,0x78,0xB5
	video type=0, offset=COMMON_VIDEO_154, x=[0x01], y=[0x02], zoom=0x40	;@raw=0x57,0x2E,0x0E,0x01,0x02
	ret	;@raw=0x05

LABEL_9251:
	video type=0, offset=COMMON_VIDEO_038, x=[0x01], y=[0x02], zoom=0x40	;@raw=0x57,0x06,0xA4,0x01,0x02
	jne [0x0A], 0x00, LABEL_91C4	;@raw=0x0A,0x01,0x0A,0x00,0x91,0xC4
	video type=0, offset=COMMON_VIDEO_039, x=[0x01], y=[0x02], zoom=0x40	;@raw=0x57,0x19,0xAE,0x01,0x02
	ret	;@raw=0x05

LABEL_9262:
	video type=0, offset=COMMON_VIDEO_040, x=[0x01], y=[0x02], zoom=0x40	;@raw=0x57,0x06,0xDB,0x01,0x02
	jne [0x0A], 0x00, LABEL_91C4	;@raw=0x0A,0x01,0x0A,0x00,0x91,0xC4
	video type=0, offset=COMMON_VIDEO_041, x=[0x01], y=[0x02], zoom=0x40	;@raw=0x57,0x19,0xB3,0x01,0x02
	ret	;@raw=0x05

LABEL_9273:
	video type=0, offset=COMMON_VIDEO_042, x=[0x01], y=[0x02], zoom=0x40	;@raw=0x57,0x07,0x1C,0x01,0x02
	jne [0x0A], 0x00, LABEL_91C4	;@raw=0x0A,0x01,0x0A,0x00,0x91,0xC4
	video type=0, offset=COMMON_VIDEO_043, x=[0x01], y=[0x02], zoom=0x40	;@raw=0x57,0x19,0xB8,0x01,0x02
	ret	;@raw=0x05

LABEL_9284:
	video type=0, offset=COMMON_VIDEO_044, x=[0x01], y=[0x02], zoom=0x40	;@raw=0x57,0x07,0x5B,0x01,0x02
	play id=0x0060, freq=0x0B, vol=0x22, channel=0x01	;@raw=0x18,0x00,0x60,0x0B,0x22,0x01
	jne [0x0A], 0x00, LABEL_91C4	;@raw=0x0A,0x01,0x0A,0x00,0x91,0xC4
	video type=0, offset=COMMON_VIDEO_045, x=[0x01], y=[0x02], zoom=0x40	;@raw=0x57,0x19,0xBD,0x01,0x02
	ret	;@raw=0x05

LABEL_929B:
	video type=0, offset=COMMON_VIDEO_046, x=[0x01], y=[0x02], zoom=0x40	;@raw=0x57,0x07,0x94,0x01,0x02
	jne [0x0A], 0x00, LABEL_91C4	;@raw=0x0A,0x01,0x0A,0x00,0x91,0xC4
	video type=0, offset=COMMON_VIDEO_047, x=[0x01], y=[0x02], zoom=0x40	;@raw=0x57,0x19,0xC2,0x01,0x02
	ret	;@raw=0x05

LABEL_92AC:
	call LABEL_9182	;@raw=0x04,0x91,0x82
	video type=0, offset=COMMON_VIDEO_016, x=[0x01], y=[0x02], zoom=0x40	;@raw=0x57,0x07,0xC8,0x01,0x02
	jne [0x0A], 0x00, LABEL_91C4	;@raw=0x0A,0x01,0x0A,0x00,0x91,0xC4
	video type=0, offset=COMMON_VIDEO_017, x=[0x01], y=[0x02], zoom=0x40	;@raw=0x57,0x19,0xC7,0x01,0x02
	ret	;@raw=0x05

LABEL_92C0:
	video type=0, offset=COMMON_VIDEO_018, x=[0x01], y=[0x02], zoom=0x40	;@raw=0x57,0x07,0xFC,0x01,0x02
	jne [0x0A], 0x00, LABEL_91C4	;@raw=0x0A,0x01,0x0A,0x00,0x91,0xC4
	video type=0, offset=COMMON_VIDEO_019, x=[0x01], y=[0x02], zoom=0x40	;@raw=0x57,0x19,0xCC,0x01,0x02
	ret	;@raw=0x05

LABEL_92D1:
	video type=0, offset=COMMON_VIDEO_020, x=[0x01], y=[0x02], zoom=0x40	;@raw=0x57,0x08,0x30,0x01,0x02
	jne [0x0A], 0x00, LABEL_91C4	;@raw=0x0A,0x01,0x0A,0x00,0x91,0xC4
	video type=0, offset=COMMON_VIDEO_021, x=[0x01], y=[0x02], zoom=0x40	;@raw=0x57,0x19,0xD1,0x01,0x02
	ret	;@raw=0x05

LABEL_92E2:
	video type=0, offset=COMMON_VIDEO_022, x=[0x01], y=[0x02], zoom=0x40	;@raw=0x57,0x08,0x46,0x01,0x02
	jne [0x0A], 0x00, LABEL_91C4	;@raw=0x0A,0x01,0x0A,0x00,0x91,0xC4
	video type=0, offset=COMMON_VIDEO_023, x=[0x01], y=[0x02], zoom=0x40	;@raw=0x57,0x19,0xD6,0x01,0x02
	ret	;@raw=0x05

LABEL_92F3:
	video type=0, offset=COMMON_VIDEO_024, x=[0x01], y=[0x02], zoom=0x40	;@raw=0x57,0x08,0x5C,0x01,0x02
	jne [0x0A], 0x00, LABEL_91C4	;@raw=0x0A,0x01,0x0A,0x00,0x91,0xC4
	video type=0, offset=COMMON_VIDEO_025, x=[0x01], y=[0x02], zoom=0x40	;@raw=0x57,0x19,0xDB,0x01,0x02
	ret	;@raw=0x05

LABEL_9304:
	video type=0, offset=COMMON_VIDEO_026, x=[0x01], y=[0x02], zoom=0x40	;@raw=0x57,0x08,0x72,0x01,0x02
	jne [0x0A], 0x00, LABEL_91C4	;@raw=0x0A,0x01,0x0A,0x00,0x91,0xC4
	video type=0, offset=COMMON_VIDEO_027, x=[0x01], y=[0x02], zoom=0x40	;@raw=0x57,0x19,0xE0,0x01,0x02
	ret	;@raw=0x05

LABEL_9315:
	video type=0, offset=COMMON_VIDEO_028, x=[0x01], y=[0x02], zoom=0x40	;@raw=0x57,0x08,0x88,0x01,0x02
	play id=0x0060, freq=0x14, vol=0x20, channel=0x01	;@raw=0x18,0x00,0x60,0x14,0x20,0x01
	jne [0x0A], 0x00, LABEL_91C4	;@raw=0x0A,0x01,0x0A,0x00,0x91,0xC4
	video type=0, offset=COMMON_VIDEO_029, x=[0x01], y=[0x02], zoom=0x40	;@raw=0x57,0x19,0xE5,0x01,0x02
	ret	;@raw=0x05

LABEL_932C:
	video type=0, offset=COMMON_VIDEO_030, x=[0x01], y=[0x02], zoom=0x40	;@raw=0x57,0x08,0x9B,0x01,0x02
	jne [0x0A], 0x00, LABEL_91C4	;@raw=0x0A,0x01,0x0A,0x00,0x91,0xC4
	video type=0, offset=COMMON_VIDEO_031, x=[0x01], y=[0x02], zoom=0x40	;@raw=0x57,0x19,0xEA,0x01,0x02
	ret	;@raw=0x05

LABEL_933D:
	call LABEL_9182	;@raw=0x04,0x91,0x82
	video type=0, offset=COMMON_VIDEO_032, x=[0x01], y=[0x02], zoom=0x40	;@raw=0x57,0x08,0xAE,0x01,0x02
	jne [0x0A], 0x00, LABEL_91C4	;@raw=0x0A,0x01,0x0A,0x00,0x91,0xC4
	video type=0, offset=COMMON_VIDEO_033, x=[0x01], y=[0x02], zoom=0x40	;@raw=0x57,0x19,0xEF,0x01,0x02
	ret	;@raw=0x05

LABEL_9351:
	video type=0, offset=COMMON_VIDEO_034, x=[0x01], y=[0x02], zoom=0x40	;@raw=0x57,0x08,0xBF,0x01,0x02
	jne [0x0A], 0x00, LABEL_91C4	;@raw=0x0A,0x01,0x0A,0x00,0x91,0xC4
	video type=0, offset=COMMON_VIDEO_035, x=[0x01], y=[0x02], zoom=0x40	;@raw=0x57,0x19,0xF4,0x01,0x02
	ret	;@raw=0x05

LABEL_9362:
	video type=0, offset=COMMON_VIDEO_131, x=[0x01], y=[0x02], zoom=0x40	;@raw=0x57,0x1C,0xD1,0x01,0x02
	jg [0x06], [0x30], LABEL_78B5	;@raw=0x0A,0x82,0x06,0x30,0x78,0xB5
	mov [0xF8], [0x31]	;@raw=0x01,0xF8,0x31
	and [0xF8], 0x0004	;@raw=0x14,0xF8,0x00,0x04
	je [0xF8], 0x00, LABEL_78B5	;@raw=0x0A,0x00,0xF8,0x00,0x78,0xB5
	video type=0, offset=COMMON_VIDEO_132, x=[0x01], y=[0x02], zoom=0x40	;@raw=0x57,0x2E,0x4A,0x01,0x02
	ret	;@raw=0x05

LABEL_9380:
	video type=0, offset=COMMON_VIDEO_293, x=[0x01], y=[0x02], zoom=0x40	;@raw=0x57,0x1D,0x32,0x01,0x02
	jg [0x06], [0x30], LABEL_78B5	;@raw=0x0A,0x82,0x06,0x30,0x78,0xB5
	mov [0xF8], [0x31]	;@raw=0x01,0xF8,0x31
	and [0xF8], 0x0004	;@raw=0x14,0xF8,0x00,0x04
	je [0xF8], 0x00, LABEL_78B5	;@raw=0x0A,0x00,0xF8,0x00,0x78,0xB5
	video type=0, offset=COMMON_VIDEO_294, x=[0x01], y=[0x02], zoom=0x40	;@raw=0x57,0x2E,0x4E,0x01,0x02
	ret	;@raw=0x05

LABEL_939E:
	call LABEL_9110	;@raw=0x04,0x91,0x10
	jne [0x0A], 0x01, LABEL_93AD	;@raw=0x0A,0x01,0x0A,0x01,0x93,0xAD
	video type=0, offset=COMMON_VIDEO_126, x=[0x01], y=[0x02], zoom=0x40	;@raw=0x57,0x1A,0xDA,0x01,0x02
	ret	;@raw=0x05

LABEL_93AD:
	jne [0x0A], 0x02, LABEL_93B9	;@raw=0x0A,0x01,0x0A,0x02,0x93,0xB9
	video type=0, offset=COMMON_VIDEO_125, x=[0x01], y=[0x02], zoom=0x40	;@raw=0x57,0x1A,0xE8,0x01,0x02
	ret	;@raw=0x05

LABEL_93B9:
	jne [0x0A], 0x03, LABEL_93C5	;@raw=0x0A,0x01,0x0A,0x03,0x93,0xC5
	video type=0, offset=COMMON_VIDEO_124, x=[0x01], y=[0x02], zoom=0x40	;@raw=0x57,0x1A,0xFC,0x01,0x02
	ret	;@raw=0x05

LABEL_93C5:
	video type=0, offset=COMMON_VIDEO_122, x=[0x01], y=[0x02], zoom=0x40	;@raw=0x57,0x1B,0x0A,0x01,0x02
	jg [0x06], [0x30], LABEL_78B5	;@raw=0x0A,0x82,0x06,0x30,0x78,0xB5
	mov [0xF8], [0x31]	;@raw=0x01,0xF8,0x31
	and [0xF8], 0x0004	;@raw=0x14,0xF8,0x00,0x04
	je [0xF8], 0x00, LABEL_78B5	;@raw=0x0A,0x00,0xF8,0x00,0x78,0xB5
	video type=0, offset=COMMON_VIDEO_123, x=[0x01], y=[0x02], zoom=0x40	;@raw=0x57,0x2E,0x46,0x01,0x02
	ret	;@raw=0x05

LABEL_93E3:
	jne [0x05], 0x00, LABEL_93EF	;@raw=0x0A,0x01,0x05,0x00,0x93,0xEF
	video type=0, offset=COMMON_VIDEO_000, x=[0x01], y=[0x02], zoom=0x40	;@raw=0x57,0x2E,0xF2,0x01,0x02
	ret	;@raw=0x05

LABEL_93EF:
	jne [0x05], 0x01, LABEL_93FB	;@raw=0x0A,0x01,0x05,0x01,0x93,0xFB
	video type=0, offset=COMMON_VIDEO_342, x=[0x01], y=[0x02], zoom=0x40	;@raw=0x57,0x2E,0xF6,0x01,0x02
	ret	;@raw=0x05

LABEL_93FB:
	jne [0x05], 0x02, LABEL_9407	;@raw=0x0A,0x01,0x05,0x02,0x94,0x07
	video type=0, offset=COMMON_VIDEO_127, x=[0x01], y=[0x02], zoom=0x40	;@raw=0x57,0x2F,0x22,0x01,0x02
	ret	;@raw=0x05

LABEL_9407:
	jne [0x05], 0x03, LABEL_9413	;@raw=0x0A,0x01,0x05,0x03,0x94,0x13
	video type=0, offset=COMMON_VIDEO_341, x=[0x01], y=[0x02], zoom=0x40	;@raw=0x57,0x2F,0x4E,0x01,0x02
	ret	;@raw=0x05

LABEL_9413:
	ret	;@raw=0x05

LABEL_9414:
	je [0x0A], 0x00, LABEL_941D	;@raw=0x0A,0x00,0x0A,0x00,0x94,0x1D
	call LABEL_939E	;@raw=0x04,0x93,0x9E

LABEL_941D:
	video type=0, offset=COMMON_VIDEO_074, x=[0x01], y=[0x02], zoom=0x40	;@raw=0x57,0x00,0x10,0x01,0x02
	ret	;@raw=0x05

LABEL_9423:
	je [0x0A], 0x00, LABEL_942C	;@raw=0x0A,0x00,0x0A,0x00,0x94,0x2C
	call LABEL_939E	;@raw=0x04,0x93,0x9E

LABEL_942C:
	video type=0, offset=COMMON_VIDEO_075, x=[0x01], y=[0x02], zoom=0x40	;@raw=0x57,0x00,0x5A,0x01,0x02
	ret	;@raw=0x05

LABEL_9432:
	je [0x0A], 0x00, LABEL_943B	;@raw=0x0A,0x00,0x0A,0x00,0x94,0x3B
	call LABEL_939E	;@raw=0x04,0x93,0x9E

LABEL_943B:
	video type=0, offset=COMMON_VIDEO_076, x=[0x01], y=[0x02], zoom=0x40	;@raw=0x57,0x00,0x94,0x01,0x02
	ret	;@raw=0x05

LABEL_9441:
	je [0x0A], 0x00, LABEL_944A	;@raw=0x0A,0x00,0x0A,0x00,0x94,0x4A
	call LABEL_939E	;@raw=0x04,0x93,0x9E

LABEL_944A:
	video type=0, offset=COMMON_VIDEO_077, x=[0x01], y=[0x02], zoom=0x40	;@raw=0x57,0x00,0xD8,0x01,0x02
	ret	;@raw=0x05

LABEL_9450:
	je [0x0A], 0x00, LABEL_9459	;@raw=0x0A,0x00,0x0A,0x00,0x94,0x59
	call LABEL_939E	;@raw=0x04,0x93,0x9E

LABEL_9459:
	video type=0, offset=COMMON_VIDEO_078, x=[0x01], y=[0x02], zoom=0x40	;@raw=0x57,0x01,0x1A,0x01,0x02
	play id=0x0060, freq=0x0B, vol=0x22, channel=0x01	;@raw=0x18,0x00,0x60,0x0B,0x22,0x01
	ret	;@raw=0x05

LABEL_9465:
	jne [0x0A], 0x00, LABEL_9473	;@raw=0x0A,0x01,0x0A,0x00,0x94,0x73
	video type=0, offset=COMMON_VIDEO_079, x=[0x01], y=[0x02], zoom=0x40	;@raw=0x57,0x19,0x8D,0x01,0x02
	jmp LABEL_9476	;@raw=0x07,0x94,0x76

LABEL_9473:
	call LABEL_939E	;@raw=0x04,0x93,0x9E

LABEL_9476:
	video type=0, offset=COMMON_VIDEO_080, x=[0x01], y=[0x02], zoom=0x40	;@raw=0x57,0x01,0x56,0x01,0x02
	ret	;@raw=0x05

LABEL_947C:
	jne [0x0A], 0x00, LABEL_948A	;@raw=0x0A,0x01,0x0A,0x00,0x94,0x8A
	video type=0, offset=COMMON_VIDEO_001, x=[0x01], y=[0x02], zoom=0x40	;@raw=0x57,0x19,0x91,0x01,0x02
	jmp LABEL_948D	;@raw=0x07,0x94,0x8D

LABEL_948A:
	call LABEL_939E	;@raw=0x04,0x93,0x9E

LABEL_948D:
	call LABEL_93E3	;@raw=0x04,0x93,0xE3
	video type=0, offset=COMMON_VIDEO_002, x=[0x01], y=[0x02], zoom=0x40	;@raw=0x57,0x01,0xAC,0x01,0x02
	ret	;@raw=0x05

LABEL_9496:
	jne [0x0A], 0x00, LABEL_94A4	;@raw=0x0A,0x01,0x0A,0x00,0x94,0xA4
	video type=0, offset=COMMON_VIDEO_060, x=[0x01], y=[0x02], zoom=0x40	;@raw=0x57,0x19,0x95,0x01,0x02
	jmp LABEL_94A7	;@raw=0x07,0x94,0xA7

LABEL_94A4:
	call LABEL_939E	;@raw=0x04,0x93,0x9E

LABEL_94A7:
	video type=0, offset=COMMON_VIDEO_061, x=[0x01], y=[0x02], zoom=0x40	;@raw=0x57,0x01,0xBE,0x01,0x02
	ret	;@raw=0x05

LABEL_94AD:
	jne [0x0A], 0x00, LABEL_94BB	;@raw=0x0A,0x01,0x0A,0x00,0x94,0xBB
	video type=0, offset=COMMON_VIDEO_062, x=[0x01], y=[0x02], zoom=0x40	;@raw=0x57,0x19,0x99,0x01,0x02
	jmp LABEL_94BE	;@raw=0x07,0x94,0xBE

LABEL_94BB:
	call LABEL_939E	;@raw=0x04,0x93,0x9E

LABEL_94BE:
	video type=0, offset=COMMON_VIDEO_063, x=[0x01], y=[0x02], zoom=0x40	;@raw=0x57,0x03,0xB2,0x01,0x02
	ret	;@raw=0x05

LABEL_94C4:
	jne [0x0A], 0x00, LABEL_94D2	;@raw=0x0A,0x01,0x0A,0x00,0x94,0xD2
	video type=0, offset=COMMON_VIDEO_064, x=[0x01], y=[0x02], zoom=0x40	;@raw=0x57,0x19,0x9D,0x01,0x02
	jmp LABEL_94D5	;@raw=0x07,0x94,0xD5

LABEL_94D2:
	call LABEL_939E	;@raw=0x04,0x93,0x9E

LABEL_94D5:
	video type=0, offset=COMMON_VIDEO_065, x=[0x01], y=[0x02], zoom=0x40	;@raw=0x57,0x03,0xC8,0x01,0x02
	ret	;@raw=0x05

LABEL_94DB:
	jne [0x0A], 0x00, LABEL_94E9	;@raw=0x0A,0x01,0x0A,0x00,0x94,0xE9
	video type=0, offset=COMMON_VIDEO_066, x=[0x01], y=[0x02], zoom=0x40	;@raw=0x57,0x19,0xA1,0x01,0x02
	jmp LABEL_94EC	;@raw=0x07,0x94,0xEC

LABEL_94E9:
	call LABEL_939E	;@raw=0x04,0x93,0x9E

LABEL_94EC:
	video type=0, offset=COMMON_VIDEO_067, x=[0x01], y=[0x02], zoom=0x40	;@raw=0x57,0x03,0xDE,0x01,0x02
	ret	;@raw=0x05

LABEL_94F2:
	jne [0x0A], 0x00, LABEL_9500	;@raw=0x0A,0x01,0x0A,0x00,0x95,0x00
	video type=0, offset=COMMON_VIDEO_068, x=[0x01], y=[0x02], zoom=0x40	;@raw=0x57,0x19,0xA5,0x01,0x02
	jmp LABEL_9503	;@raw=0x07,0x95,0x03

LABEL_9500:
	call LABEL_939E	;@raw=0x04,0x93,0x9E

LABEL_9503:
	video type=0, offset=COMMON_VIDEO_069, x=[0x01], y=[0x02], zoom=0x40	;@raw=0x57,0x03,0xF4,0x01,0x02
	ret	;@raw=0x05

LABEL_9509:
	je [0x0A], 0x00, LABEL_9512	;@raw=0x0A,0x00,0x0A,0x00,0x95,0x12
	call LABEL_939E	;@raw=0x04,0x93,0x9E

LABEL_9512:
	video type=0, offset=COMMON_VIDEO_070, x=[0x01], y=[0x02], zoom=0x40	;@raw=0x57,0x04,0x0A,0x01,0x02
	play id=0x0060, freq=0x14, vol=0x20, channel=0x01	;@raw=0x18,0x00,0x60,0x14,0x20,0x01
	ret	;@raw=0x05

LABEL_951E:
	je [0x0A], 0x00, LABEL_9527	;@raw=0x0A,0x00,0x0A,0x00,0x95,0x27
	call LABEL_939E	;@raw=0x04,0x93,0x9E

LABEL_9527:
	video type=0, offset=COMMON_VIDEO_071, x=[0x01], y=[0x02], zoom=0x40	;@raw=0x57,0x04,0x22,0x01,0x02
	ret	;@raw=0x05

LABEL_952D:
	call LABEL_93E3	;@raw=0x04,0x93,0xE3
	je [0x0A], 0x00, LABEL_9539	;@raw=0x0A,0x00,0x0A,0x00,0x95,0x39
	call LABEL_939E	;@raw=0x04,0x93,0x9E

LABEL_9539:
	video type=0, offset=COMMON_VIDEO_072, x=[0x01], y=[0x02], zoom=0x40	;@raw=0x57,0x04,0x3A,0x01,0x02
	ret	;@raw=0x05

LABEL_953F:
	je [0x0A], 0x00, LABEL_9548	;@raw=0x0A,0x00,0x0A,0x00,0x95,0x48
	call LABEL_939E	;@raw=0x04,0x93,0x9E

LABEL_9548:
	video type=0, offset=COMMON_VIDEO_073, x=[0x01], y=[0x02], zoom=0x40	;@raw=0x57,0x04,0x50,0x01,0x02
	ret	;@raw=0x05

LABEL_954E:
	video type=0, offset=COMMON_VIDEO_300, x=[0x01], y=[0x02], zoom=0x40	;@raw=0x57,0x1A,0xB7,0x01,0x02
	ret	;@raw=0x05

LABEL_9554:
	video type=0, offset=COMMON_VIDEO_299, x=[0x01], y=[0x02], zoom=0x40	;@raw=0x57,0x1A,0x96,0x01,0x02
	ret	;@raw=0x05

LABEL_955A:
	video type=0, offset=COMMON_VIDEO_295, x=[0x01], y=[0x02], zoom=0x40	;@raw=0x57,0x1A,0xA1,0x01,0x02
	ret	;@raw=0x05

LABEL_9560:
	video type=0, offset=COMMON_VIDEO_296, x=[0x01], y=[0x02], zoom=0x40	;@raw=0x57,0x1A,0xAC,0x01,0x02
	ret	;@raw=0x05

LABEL_9566:
	video type=0, offset=COMMON_VIDEO_297, x=[0x01], y=[0x02], zoom=0x40	;@raw=0x57,0x1A,0x7F,0x01,0x02
	ret	;@raw=0x05

LABEL_956C:
	video type=0, offset=COMMON_VIDEO_081, x=[0x01], y=[0x02], zoom=0x40	;@raw=0x57,0x01,0xF2,0x01,0x02
	play id=0x0060, freq=0x0F, vol=0x2A, channel=0x01	;@raw=0x18,0x00,0x60,0x0F,0x2A,0x01
	jne [0x0A], 0x00, LABEL_955A	;@raw=0x0A,0x01,0x0A,0x00,0x95,0x5A
	video type=0, offset=COMMON_VIDEO_082, x=[0x01], y=[0x02], zoom=0x40	;@raw=0x57,0x1A,0x55,0x01,0x02
	ret	;@raw=0x05

LABEL_9583:
	video type=0, offset=COMMON_VIDEO_083, x=[0x01], y=[0x02], zoom=0x40	;@raw=0x57,0x02,0x39,0x01,0x02
	jne [0x0A], 0x00, LABEL_9560	;@raw=0x0A,0x01,0x0A,0x00,0x95,0x60
	video type=0, offset=COMMON_VIDEO_084, x=[0x01], y=[0x02], zoom=0x40	;@raw=0x57,0x1A,0x59,0x01,0x02
	ret	;@raw=0x05

LABEL_9594:
	video type=0, offset=COMMON_VIDEO_116, x=[0x01], y=[0x02], zoom=0x40	;@raw=0x57,0x02,0x7A,0x01,0x02
	jne [0x0A], 0x00, LABEL_9554	;@raw=0x0A,0x01,0x0A,0x00,0x95,0x54
	video type=0, offset=COMMON_VIDEO_117, x=[0x01], y=[0x02], zoom=0x40	;@raw=0x57,0x1A,0x5D,0x01,0x02
	ret	;@raw=0x05

LABEL_95A5:
	video type=0, offset=COMMON_VIDEO_118, x=[0x01], y=[0x02], zoom=0x40	;@raw=0x57,0x02,0xC7,0x01,0x02
	jne [0x0A], 0x00, LABEL_954E	;@raw=0x0A,0x01,0x0A,0x00,0x95,0x4E
	video type=0, offset=COMMON_VIDEO_119, x=[0x01], y=[0x02], zoom=0x40	;@raw=0x57,0x1A,0x61,0x01,0x02
	ret	;@raw=0x05

LABEL_95B6:
	video type=0, offset=COMMON_VIDEO_120, x=[0x01], y=[0x02], zoom=0x40	;@raw=0x57,0x03,0x12,0x01,0x02
	jne [0x0A], 0x00, LABEL_954E	;@raw=0x0A,0x01,0x0A,0x00,0x95,0x4E
	video type=0, offset=COMMON_VIDEO_121, x=[0x01], y=[0x02], zoom=0x40	;@raw=0x57,0x1A,0x67,0x01,0x02
	ret	;@raw=0x05

LABEL_95C7:
	video type=0, offset=COMMON_VIDEO_086, x=[0x01], y=[0x02], zoom=0x40	;@raw=0x57,0x03,0x51,0x01,0x02
	play id=0x0060, freq=0x0A, vol=0x2A, channel=0x01	;@raw=0x18,0x00,0x60,0x0A,0x2A,0x01
	jne [0x0A], 0x00, LABEL_955A	;@raw=0x0A,0x01,0x0A,0x00,0x95,0x5A
	video type=0, offset=COMMON_VIDEO_087, x=[0x01], y=[0x02], zoom=0x40	;@raw=0x57,0x1A,0x6B,0x01,0x02
	ret	;@raw=0x05

LABEL_95DE:
	video type=0, offset=COMMON_VIDEO_088, x=[0x01], y=[0x02], zoom=0x40	;@raw=0x57,0x03,0x64,0x01,0x02
	jne [0x0A], 0x00, LABEL_955A	;@raw=0x0A,0x01,0x0A,0x00,0x95,0x5A
	video type=0, offset=COMMON_VIDEO_089, x=[0x01], y=[0x02], zoom=0x40	;@raw=0x57,0x1A,0x6F,0x01,0x02
	ret	;@raw=0x05

LABEL_95EF:
	video type=0, offset=COMMON_VIDEO_090, x=[0x01], y=[0x02], zoom=0x40	;@raw=0x57,0x03,0x77,0x01,0x02
	jne [0x0A], 0x00, LABEL_9560	;@raw=0x0A,0x01,0x0A,0x00,0x95,0x60
	video type=0, offset=COMMON_VIDEO_091, x=[0x01], y=[0x02], zoom=0x40	;@raw=0x57,0x1A,0x73,0x01,0x02
	ret	;@raw=0x05

LABEL_9600:
	video type=0, offset=COMMON_VIDEO_092, x=[0x01], y=[0x02], zoom=0x40	;@raw=0x57,0x03,0x8A,0x01,0x02
	jne [0x0A], 0x00, LABEL_9566	;@raw=0x0A,0x01,0x0A,0x00,0x95,0x66
	video type=0, offset=COMMON_VIDEO_093, x=[0x01], y=[0x02], zoom=0x40	;@raw=0x57,0x1A,0x77,0x01,0x02
	ret	;@raw=0x05

LABEL_9611:
	video type=0, offset=COMMON_VIDEO_094, x=[0x01], y=[0x02], zoom=0x40	;@raw=0x57,0x03,0x9F,0x01,0x02
	jne [0x0A], 0x00, LABEL_9566	;@raw=0x0A,0x01,0x0A,0x00,0x95,0x66
	video type=0, offset=COMMON_VIDEO_095, x=[0x01], y=[0x02], zoom=0x40	;@raw=0x57,0x1A,0x7B,0x01,0x02
	ret	;@raw=0x05

LABEL_9622:
	video type=0, offset=COMMON_VIDEO_298, x=[0x01], y=[0x02], zoom=0x40	;@raw=0x57,0x1B,0x3E,0x01,0x02
	ret	;@raw=0x05

LABEL_9628:
	je [0x0A], 0x00, LABEL_9634	;@raw=0x0A,0x00,0x0A,0x00,0x96,0x34
	call LABEL_9622	;@raw=0x04,0x96,0x22
	jmp LABEL_9639	;@raw=0x07,0x96,0x39

LABEL_9634:
	video type=0, offset=COMMON_VIDEO_107, x=[0x01], y=[0x02], zoom=0x40	;@raw=0x57,0x1B,0x18,0x01,0x02

LABEL_9639:
	video type=0, offset=COMMON_VIDEO_108, x=[0x01], y=[0x02], zoom=0x40	;@raw=0x57,0x08,0xDC,0x01,0x02
	play id=0x0060, freq=0x0F, vol=0x2A, channel=0x01	;@raw=0x18,0x00,0x60,0x0F,0x2A,0x01
	ret	;@raw=0x05

LABEL_9645:
	je [0x0A], 0x00, LABEL_9651	;@raw=0x0A,0x00,0x0A,0x00,0x96,0x51
	call LABEL_9622	;@raw=0x04,0x96,0x22
	jmp LABEL_9656	;@raw=0x07,0x96,0x56

LABEL_9651:
	video type=0, offset=COMMON_VIDEO_109, x=[0x01], y=[0x02], zoom=0x40	;@raw=0x57,0x1B,0x1C,0x01,0x02

LABEL_9656:
	video type=0, offset=COMMON_VIDEO_110, x=[0x01], y=[0x02], zoom=0x40	;@raw=0x57,0x09,0x2D,0x01,0x02
	ret	;@raw=0x05

LABEL_965C:
	je [0x0A], 0x00, LABEL_9668	;@raw=0x0A,0x00,0x0A,0x00,0x96,0x68
	call LABEL_9622	;@raw=0x04,0x96,0x22
	jmp LABEL_966D	;@raw=0x07,0x96,0x6D

LABEL_9668:
	video type=0, offset=COMMON_VIDEO_111, x=[0x01], y=[0x02], zoom=0x40	;@raw=0x57,0x1B,0x20,0x01,0x02

LABEL_966D:
	video type=0, offset=COMMON_VIDEO_112, x=[0x01], y=[0x02], zoom=0x40	;@raw=0x57,0x09,0x82,0x01,0x02
	ret	;@raw=0x05

LABEL_9673:
	je [0x0A], 0x00, LABEL_967F	;@raw=0x0A,0x00,0x0A,0x00,0x96,0x7F
	call LABEL_9622	;@raw=0x04,0x96,0x22
	jmp LABEL_9684	;@raw=0x07,0x96,0x84

LABEL_967F:
	video type=0, offset=COMMON_VIDEO_113, x=[0x01], y=[0x02], zoom=0x40	;@raw=0x57,0x1B,0x24,0x01,0x02

LABEL_9684:
	video type=0, offset=COMMON_VIDEO_114, x=[0x01], y=[0x02], zoom=0x40	;@raw=0x57,0x09,0xD9,0x01,0x02
	ret	;@raw=0x05

LABEL_968A:
	je [0x0A], 0x00, LABEL_9693	;@raw=0x0A,0x00,0x0A,0x00,0x96,0x93
	call LABEL_9622	;@raw=0x04,0x96,0x22

LABEL_9693:
	video type=0, offset=COMMON_VIDEO_115, x=[0x01], y=[0x02], zoom=0x40	;@raw=0x57,0x0A,0x3A,0x01,0x02
	ret	;@raw=0x05

LABEL_9699:
	je [0x0A], 0x00, LABEL_96A5	;@raw=0x0A,0x00,0x0A,0x00,0x96,0xA5
	call LABEL_9622	;@raw=0x04,0x96,0x22
	jmp LABEL_96AA	;@raw=0x07,0x96,0xAA

LABEL_96A5:
	video type=0, offset=COMMON_VIDEO_097, x=[0x01], y=[0x02], zoom=0x40	;@raw=0x57,0x1B,0x28,0x01,0x02

LABEL_96AA:
	video type=0, offset=COMMON_VIDEO_098, x=[0x01], y=[0x02], zoom=0x40	;@raw=0x57,0x0A,0x85,0x01,0x02
	play id=0x0060, freq=0x0A, vol=0x2A, channel=0x01	;@raw=0x18,0x00,0x60,0x0A,0x2A,0x01
	ret	;@raw=0x05

LABEL_96B6:
	je [0x0A], 0x00, LABEL_96C2	;@raw=0x0A,0x00,0x0A,0x00,0x96,0xC2
	call LABEL_9622	;@raw=0x04,0x96,0x22
	jmp LABEL_96C7	;@raw=0x07,0x96,0xC7

LABEL_96C2:
	video type=0, offset=COMMON_VIDEO_099, x=[0x01], y=[0x02], zoom=0x40	;@raw=0x57,0x1B,0x3A,0x01,0x02

LABEL_96C7:
	video type=0, offset=COMMON_VIDEO_100, x=[0x01], y=[0x02], zoom=0x40	;@raw=0x57,0x0A,0x98,0x01,0x02
	ret	;@raw=0x05

LABEL_96CD:
	je [0x0A], 0x00, LABEL_96D9	;@raw=0x0A,0x00,0x0A,0x00,0x96,0xD9
	call LABEL_9622	;@raw=0x04,0x96,0x22
	jmp LABEL_96DE	;@raw=0x07,0x96,0xDE

LABEL_96D9:
	video type=0, offset=COMMON_VIDEO_101, x=[0x01], y=[0x02], zoom=0x40	;@raw=0x57,0x1B,0x2C,0x01,0x02

LABEL_96DE:
	video type=0, offset=COMMON_VIDEO_102, x=[0x01], y=[0x02], zoom=0x40	;@raw=0x57,0x0A,0xAB,0x01,0x02
	ret	;@raw=0x05

LABEL_96E4:
	je [0x0A], 0x00, LABEL_96F0	;@raw=0x0A,0x00,0x0A,0x00,0x96,0xF0
	call LABEL_9622	;@raw=0x04,0x96,0x22
	jmp LABEL_96F5	;@raw=0x07,0x96,0xF5

LABEL_96F0:
	video type=0, offset=COMMON_VIDEO_103, x=[0x01], y=[0x02], zoom=0x40	;@raw=0x57,0x1B,0x30,0x01,0x02

LABEL_96F5:
	video type=0, offset=COMMON_VIDEO_104, x=[0x01], y=[0x02], zoom=0x40	;@raw=0x57,0x0A,0xBE,0x01,0x02
	ret	;@raw=0x05

LABEL_96FB:
	je [0x0A], 0x00, LABEL_9707	;@raw=0x0A,0x00,0x0A,0x00,0x97,0x07
	call LABEL_9622	;@raw=0x04,0x96,0x22
	jmp LABEL_970C	;@raw=0x07,0x97,0x0C

LABEL_9707:
	video type=0, offset=COMMON_VIDEO_105, x=[0x01], y=[0x02], zoom=0x40	;@raw=0x57,0x1B,0x36,0x01,0x02

LABEL_970C:
	video type=0, offset=COMMON_VIDEO_106, x=[0x01], y=[0x02], zoom=0x40	;@raw=0x57,0x0A,0xD1,0x01,0x02
	ret	;@raw=0x05
	je [0x1F], 0x00, LABEL_9741	;@raw=0x0A,0x00,0x1F,0x00,0x97,0x41
	jl [0x1E], 0x00, LABEL_9730	;@raw=0x0A,0x04,0x1E,0x00,0x97,0x30
	mov [0x20], 0xFFFF	;@raw=0x00,0x20,0xFF,0xFF

LABEL_9722:
	sub [0x1E], [0x1F]	;@raw=0x13,0x1E,0x1F
	add [0x20], 0x0001	;@raw=0x03,0x20,0x00,0x01
	jge [0x1E], 0x00, LABEL_9722	;@raw=0x0A,0x03,0x1E,0x00,0x97,0x22
	ret	;@raw=0x05

LABEL_9730:
	mov [0x20], 0x0001	;@raw=0x00,0x20,0x00,0x01

LABEL_9734:
	add [0x1E], [0x1F]	;@raw=0x02,0x1E,0x1F
	sub [0x20], 0x0001	;@raw=0x03,0x20,0xFF,0xFF
	jle [0x1E], 0x00, LABEL_9734	;@raw=0x0A,0x05,0x1E,0x00,0x97,0x34

LABEL_9741:
	ret	;@raw=0x05
	killChannel	;@raw=0x11
	jne [HACK_VAR_67], [0x65], LABEL_975E	;@raw=0x0A,0x81,0x67,0x65,0x97,0x5E
	copyVideoPage src=0x03, dst=0xFF	;@raw=0x0F,0x03,0xFF
	copyVideoPage src=0x00, dst=0x03	;@raw=0x0F,0x00,0x03
	copyVideoPage src=0xFF, dst=0x00	;@raw=0x0F,0xFF,0x00
	mov [HACK_VAR_67], [0x65]	;@raw=0x01,0x67,0x65
	mov [0x65], [0x66]	;@raw=0x01,0x65,0x66
	mov [0x66], [HACK_VAR_67]	;@raw=0x01,0x66,0x67
	jmp LABEL_9764	;@raw=0x07,0x97,0x64

LABEL_975E:
	copyVideoPage src=0x00, dst=0x03	;@raw=0x0F,0x00,0x03
	mov [0x65], [0x66]	;@raw=0x01,0x65,0x66

LABEL_9764:
	ret	;@raw=0x05

LABEL_9765:
	jg [0x02], [0x51], LABEL_9770	;@raw=0x0A,0x82,0x02,0x51,0x97,0x70
	add [0x02], 0x0001	;@raw=0x03,0x02,0x00,0x01
	break	;@raw=0x06

LABEL_9770:
	mov [0x02], [0x51]	;@raw=0x01,0x02,0x51
	killChannel	;@raw=0x11

LABEL_9774:
	jg [0x02], [0x52], LABEL_977F	;@raw=0x0A,0x82,0x02,0x52,0x97,0x7F
	add [0x02], 0x0001	;@raw=0x03,0x02,0x00,0x01
	break	;@raw=0x06

LABEL_977F:
	mov [0x02], [0x52]	;@raw=0x01,0x02,0x52
	killChannel	;@raw=0x11

LABEL_9783:
	mov [0x63], 0x0064	;@raw=0x00,0x63,0x00,0x64
	play id=0x0057, freq=0x1C, vol=0x40, channel=0x00	;@raw=0x18,0x00,0x57,0x1C,0x40,0x00
	je [HACK_VAR_67], 0x8E, LABEL_97B8	;@raw=0x0A,0x00,0x67,0x8E,0x97,0xB8
	je [HACK_VAR_67], 0x8A, LABEL_98B6	;@raw=0x0A,0x00,0x67,0x8A,0x98,0xB6
	je [HACK_VAR_67], 0xAA, LABEL_97B8	;@raw=0x0A,0x00,0x67,0xAA,0x97,0xB8
	mov [0x02], [0x52]	;@raw=0x01,0x02,0x52
	sub [0x02], 0x001E	;@raw=0x03,0x02,0xFF,0xE2
	call LABEL_99E2	;@raw=0x04,0x99,0xE2
	break	;@raw=0x06
	mov [0x02], [0x52]	;@raw=0x01,0x02,0x52
	call LABEL_99E2	;@raw=0x04,0x99,0xE2
	setup channel=0x1A, address=LABEL_9774	;@raw=0x08,0x1A,0x97,0x74
	jmp LABEL_99FB	;@raw=0x07,0x99,0xFB
LABEL_97B7:
	db 0x11

LABEL_97B8:
	mov [0x63], 0x0064	;@raw=0x00,0x63,0x00,0x64
	sub [0x02], 0x0050	;@raw=0x03,0x02,0xFF,0xB0
	mov [0x32], 0x0001	;@raw=0x00,0x32,0x00,0x01
	jne [HACK_VAR_67], 0xAA, LABEL_97D6	;@raw=0x0A,0x01,0x67,0xAA,0x97,0xD6
	video type=1, offset=CINEMATIC_089, x=[0x01], y=160, zoom=0x40	;@raw=0x58,0x0A,0xBE,0x01,0xA0
	break	;@raw=0x06
	video type=1, offset=CINEMATIC_089, x=[0x01], y=200, zoom=0x40	;@raw=0x58,0x0A,0xBE,0x01,0xC8
	break	;@raw=0x06

LABEL_97D6:
	video type=1, offset=CINEMATIC_089, x=[0x01], y=240, zoom=0x40	;@raw=0x58,0x0A,0xBE,0x01,0xF0
	mov [0x02], 0x012C	;@raw=0x00,0x02,0x01,0x2C
	setup channel=0x17, address=LABEL_1470	;@raw=0x08,0x17,0x14,0x70
	break	;@raw=0x06
	mov [0x0F], 0x0000	;@raw=0x00,0x0F,0x00,0x00
	mov [0x32], 0x0001	;@raw=0x00,0x32,0x00,0x01
	break	;@raw=0x06
	mov [0x32], 0x0001	;@raw=0x00,0x32,0x00,0x01
	mov [0x02], [0x52]	;@raw=0x01,0x02,0x52
	break	;@raw=0x06
	je [HACK_VAR_67], 0xCE, LABEL_9976	;@raw=0x0A,0x00,0x67,0xCE,0x99,0x76
	mov [0x32], 0x0001	;@raw=0x00,0x32,0x00,0x01
	video type=1, offset=CINEMATIC_089, x=[0x01], y=77, zoom=0x40	;@raw=0x58,0x0A,0xBE,0x01,0x4D
	mov [0x02], [0x52]	;@raw=0x01,0x02,0x52
	break	;@raw=0x06
	mov [0x32], 0x0001	;@raw=0x00,0x32,0x00,0x01
	video type=1, offset=CINEMATIC_089, x=[0x01], y=146, zoom=0x40	;@raw=0x58,0x0A,0xBE,0x01,0x92
	break	;@raw=0x06
	video type=1, offset=CINEMATIC_089, x=[0x01], y=189, zoom=0x40	;@raw=0x58,0x0A,0xBE,0x01,0xBD
	mov [0x02], [0x52]	;@raw=0x01,0x02,0x52
	setup channel=0x1A, address=LABEL_9774	;@raw=0x08,0x1A,0x97,0x74
	jmp LABEL_99FB	;@raw=0x07,0x99,0xFB

LABEL_9821:
	mov [0x63], 0x0064	;@raw=0x00,0x63,0x00,0x64
	play id=0x0057, freq=0x1C, vol=0x40, channel=0x00	;@raw=0x18,0x00,0x57,0x1C,0x40,0x00
	je [HACK_VAR_67], 0xEE, LABEL_9856	;@raw=0x0A,0x00,0x67,0xEE,0x98,0x56
	je [HACK_VAR_67], 0xAA, LABEL_9905	;@raw=0x0A,0x00,0x67,0xAA,0x99,0x05
	je [HACK_VAR_67], 0xC8, LABEL_9856	;@raw=0x0A,0x00,0x67,0xC8,0x98,0x56
	mov [0x02], [0x51]	;@raw=0x01,0x02,0x51
	add [0x02], 0x001E	;@raw=0x03,0x02,0x00,0x1E
	call LABEL_99C8	;@raw=0x04,0x99,0xC8
	break	;@raw=0x06
	mov [0x02], [0x51]	;@raw=0x01,0x02,0x51
	call LABEL_99C8	;@raw=0x04,0x99,0xC8
	setup channel=0x1A, address=LABEL_9765	;@raw=0x08,0x1A,0x97,0x65
	jmp LABEL_99FB	;@raw=0x07,0x99,0xFB
LABEL_9855:
	db 0x11

LABEL_9856:
	mov [0x63], 0x0064	;@raw=0x00,0x63,0x00,0x64
	sub [0x02], 0x0064	;@raw=0x03,0x02,0xFF,0x9C
	je [HACK_VAR_67], 0xAA, LABEL_986E	;@raw=0x0A,0x00,0x67,0xAA,0x98,0x6E
	mov [0x32], 0x0001	;@raw=0x00,0x32,0x00,0x01
	video type=1, offset=CINEMATIC_091, x=[0x01], y=115, zoom=0x40	;@raw=0x58,0x0A,0x9C,0x01,0x73
	break	;@raw=0x06

LABEL_986E:
	mov [0x32], 0x0001	;@raw=0x00,0x32,0x00,0x01
	video type=1, offset=CINEMATIC_091, x=[0x01], y=60, zoom=0x40	;@raw=0x58,0x0A,0x9C,0x01,0x3C
	setup channel=0x17, address=LABEL_1470	;@raw=0x08,0x17,0x14,0x70
	break	;@raw=0x06
	mov [0x0F], 0x0000	;@raw=0x00,0x0F,0x00,0x00
	mov [0x32], 0x0001	;@raw=0x00,0x32,0x00,0x01
	video type=1, offset=CINEMATIC_091, x=[0x01], y=65529, zoom=0x40	;@raw=0x50,0x0A,0x9C,0x01,0xFF,0xF9
	break	;@raw=0x06
	mov [0x02], [0x51]	;@raw=0x01,0x02,0x51
	break	;@raw=0x06
	je [HACK_VAR_67], 0xCE, LABEL_993D	;@raw=0x0A,0x00,0x67,0xCE,0x99,0x3D
	video type=1, offset=CINEMATIC_091, x=[0x01], y=180, zoom=0x40	;@raw=0x58,0x0A,0x9C,0x01,0xB4
	jne [HACK_VAR_67], 0xAA, LABEL_98AC	;@raw=0x0A,0x01,0x67,0xAA,0x98,0xAC
	break	;@raw=0x06
	video type=1, offset=CINEMATIC_091, x=[0x01], y=130, zoom=0x40	;@raw=0x58,0x0A,0x9C,0x01,0x82
	break	;@raw=0x06
	video type=1, offset=CINEMATIC_091, x=[0x01], y=70, zoom=0x40	;@raw=0x58,0x0A,0x9C,0x01,0x46

LABEL_98AC:
	mov [0x02], [0x51]	;@raw=0x01,0x02,0x51
	setup channel=0x1A, address=LABEL_9765	;@raw=0x08,0x1A,0x97,0x65
	jmp LABEL_99FB	;@raw=0x07,0x99,0xFB

LABEL_98B6:
	mov [0x63], 0x0064	;@raw=0x00,0x63,0x00,0x64
	sub [0x02], 0x001E	;@raw=0x03,0x02,0xFF,0xE2
	mov [0x32], 0x0001	;@raw=0x00,0x32,0x00,0x01
	video type=1, offset=CINEMATIC_089, x=[0x01], y=240, zoom=0x40	;@raw=0x58,0x0A,0xBE,0x01,0xF0
	mov [0x02], 0x012C	;@raw=0x00,0x02,0x01,0x2C
	break	;@raw=0x06
	setup channel=0x17, address=LABEL_1470	;@raw=0x08,0x17,0x14,0x70
	mov [0x32], 0x0001	;@raw=0x00,0x32,0x00,0x01
	break	;@raw=0x06
	mov [0x0F], 0x0000	;@raw=0x00,0x0F,0x00,0x00
	mov [0x32], 0x0001	;@raw=0x00,0x32,0x00,0x01
	mov [0x02], [0x52]	;@raw=0x01,0x02,0x52
	break	;@raw=0x06
	mov [0x01], 0x0036	;@raw=0x00,0x01,0x00,0x36
	mov [0x32], 0x0009	;@raw=0x00,0x32,0x00,0x09
	video type=1, offset=CINEMATIC_089, x=[0x01], y=40, zoom=0x40	;@raw=0x58,0x0A,0xBE,0x01,0x28
	mov [0x02], [0x52]	;@raw=0x01,0x02,0x52
	break	;@raw=0x06
	mov [0x32], 0x0009	;@raw=0x00,0x32,0x00,0x09
	video type=1, offset=CINEMATIC_089, x=[0x01], y=80, zoom=0x40	;@raw=0x58,0x0A,0xBE,0x01,0x50
	mov [0x02], [0x52]	;@raw=0x01,0x02,0x52
	setup channel=0x1A, address=LABEL_9774	;@raw=0x08,0x1A,0x97,0x74
	jmp LABEL_99FB	;@raw=0x07,0x99,0xFB

LABEL_9905:
	mov [0x63], 0x0064	;@raw=0x00,0x63,0x00,0x64
	sub [0x02], 0x0064	;@raw=0x03,0x02,0xFF,0x9C
	mov [0x32], 0x0001	;@raw=0x00,0x32,0x00,0x01
	video type=1, offset=CINEMATIC_091, x=[0x01], y=40, zoom=0x40	;@raw=0x58,0x0A,0x9C,0x01,0x28
	break	;@raw=0x06
	mov [0x32], 0x0001	;@raw=0x00,0x32,0x00,0x01
	video type=1, offset=CINEMATIC_091, x=[0x01], y=65524, zoom=0x40	;@raw=0x50,0x0A,0x9C,0x01,0xFF,0xF4
	break	;@raw=0x06
	mov [0x02], [0x51]	;@raw=0x01,0x02,0x51
	break	;@raw=0x06
	mov [0x32], 0x0009	;@raw=0x00,0x32,0x00,0x09
	mov [0x01], 0x0029	;@raw=0x00,0x01,0x00,0x29
	video type=1, offset=CINEMATIC_091, x=[0x01], y=180, zoom=0x40	;@raw=0x58,0x0A,0x9C,0x01,0xB4
	mov [0x02], [0x51]	;@raw=0x01,0x02,0x51
	setup channel=0x1A, address=LABEL_9765	;@raw=0x08,0x1A,0x97,0x65
	jmp LABEL_99FB	;@raw=0x07,0x99,0xFB

LABEL_993D:
	mov [0x03], 0x0006	;@raw=0x00,0x03,0x00,0x06
	mov [0x32], 0x0001	;@raw=0x00,0x32,0x00,0x01
	mov [0x02], 0x00DC	;@raw=0x00,0x02,0x00,0xDC

LABEL_9949:
	video type=1, offset=CINEMATIC_091, x=[0x01], y=[0x02], zoom=0x40	;@raw=0x54,0x0A,0x9C,0x01,0x02
	add [SCROLL_Y], 0x0000	;@raw=0x03,0xF9,0x00,0x00
	sub [0x02], 0x0028	;@raw=0x03,0x02,0xFF,0xD8
	break	;@raw=0x06
	djnz [0x03], LABEL_9949	;@raw=0x09,0x03,0x99,0x49
	video type=1, offset=CINEMATIC_091, x=[0x01], y=65516, zoom=0x40	;@raw=0x50,0x0A,0x9C,0x01,0xFF,0xEC
	break	;@raw=0x06
	mov [0x02], [0x51]	;@raw=0x01,0x02,0x51
	break	;@raw=0x06
	video type=1, offset=CINEMATIC_091, x=[0x01], y=180, zoom=0x40	;@raw=0x58,0x0A,0x9C,0x01,0xB4
	mov [0x02], [0x51]	;@raw=0x01,0x02,0x51
	setup channel=0x1A, address=LABEL_9765	;@raw=0x08,0x1A,0x97,0x65
	jmp LABEL_99FB	;@raw=0x07,0x99,0xFB
LABEL_9975:
	db 0x11

LABEL_9976:
	mov [0x03], 0x0006	;@raw=0x00,0x03,0x00,0x06
	mov [0x32], 0x0001	;@raw=0x00,0x32,0x00,0x01
	mov [0x02], 0x0000	;@raw=0x00,0x02,0x00,0x00

LABEL_9982:
	video type=1, offset=CINEMATIC_089, x=[0x01], y=[0x02], zoom=0x40	;@raw=0x54,0x0A,0xBE,0x01,0x02
	add [0x02], 0x0028	;@raw=0x03,0x02,0x00,0x28
	break	;@raw=0x06
	djnz [0x03], LABEL_9982	;@raw=0x09,0x03,0x99,0x82
	video type=1, offset=CINEMATIC_089, x=[0x01], y=240, zoom=0x40	;@raw=0x58,0x0A,0xBE,0x01,0xF0
	break	;@raw=0x06
	mov [0x32], 0x0001	;@raw=0x00,0x32,0x00,0x01
	video type=1, offset=CINEMATIC_089, x=[0x01], y=280, zoom=0x40	;@raw=0x50,0x0A,0xBE,0x01,0x01,0x18
	break	;@raw=0x06
	mov [0x02], [0x52]	;@raw=0x01,0x02,0x52
	break	;@raw=0x06
	mov [0x32], 0x0001	;@raw=0x00,0x32,0x00,0x01
	video type=1, offset=CINEMATIC_089, x=[0x01], y=77, zoom=0x40	;@raw=0x58,0x0A,0xBE,0x01,0x4D
	break	;@raw=0x06
	mov [0x32], 0x0001	;@raw=0x00,0x32,0x00,0x01
	video type=1, offset=CINEMATIC_089, x=[0x01], y=146, zoom=0x40	;@raw=0x58,0x0A,0xBE,0x01,0x92
	break	;@raw=0x06
	video type=1, offset=CINEMATIC_089, x=[0x01], y=189, zoom=0x40	;@raw=0x58,0x0A,0xBE,0x01,0xBD
	mov [0x02], [0x52]	;@raw=0x01,0x02,0x52
	setup channel=0x1A, address=LABEL_9774	;@raw=0x08,0x1A,0x97,0x74
	jmp LABEL_99FB	;@raw=0x07,0x99,0xFB

LABEL_99C8:
	mov [0xF8], [0x04]	;@raw=0x01,0xF8,0x04
	and [0xF8], 0x0010	;@raw=0x14,0xF8,0x00,0x10
	jne [0xF8], 0x00, LABEL_99DB	;@raw=0x0A,0x01,0xF8,0x00,0x99,0xDB
	video type=1, offset=CINEMATIC_092, x=[0x01], y=[0x02], zoom=0x40	;@raw=0x54,0x1B,0x4E,0x01,0x02
	ret	;@raw=0x05

LABEL_99DB:
	video type=1, offset=CINEMATIC_091, x=[0x01], y=[0x02], zoom=0x40	;@raw=0x54,0x0A,0x9C,0x01,0x02
	ret	;@raw=0x05
LABEL_99E1:
	db 0x11

LABEL_99E2:
	mov [0xF8], [0x04]	;@raw=0x01,0xF8,0x04
	and [0xF8], 0x0010	;@raw=0x14,0xF8,0x00,0x10
	jne [0xF8], 0x00, LABEL_99F5	;@raw=0x0A,0x01,0xF8,0x00,0x99,0xF5
	video type=1, offset=CINEMATIC_090, x=[0x01], y=[0x02], zoom=0x40	;@raw=0x54,0x1B,0x58,0x01,0x02
	ret	;@raw=0x05

LABEL_99F5:
	video type=1, offset=CINEMATIC_089, x=[0x01], y=[0x02], zoom=0x40	;@raw=0x54,0x0A,0xBE,0x01,0x02
	ret	;@raw=0x05

LABEL_99FB:
	mov [0xF8], [0x04]	;@raw=0x01,0xF8,0x04
	and [0xF8], 0x0010	;@raw=0x14,0xF8,0x00,0x10
	mov [0x32], 0x0000	;@raw=0x00,0x32,0x00,0x00
	mov [0x63], 0x0002	;@raw=0x00,0x63,0x00,0x02
	jne [0xF8], 0x00, LABEL_BE71	;@raw=0x0A,0x01,0xF8,0x00,0xBE,0x71
	mov [0x63], 0x0001	;@raw=0x00,0x63,0x00,0x01
	jmp LABEL_BCB1	;@raw=0x07,0xBC,0xB1
LABEL_9A17:
	db 0x11

LABEL_9A18:
	and [HERO_ACTION_POS_MASK], 0x000F	;@raw=0x14,0xFE,0x00,0x0F
	mov [HERO_ACTION], 0x0000	;@raw=0x00,0xFA,0x00,0x00
	ret	;@raw=0x05

LABEL_9A21:
	mov [0x21], [0x01]	;@raw=0x01,0x21,0x01
	mov [0x22], [0x02]	;@raw=0x01,0x22,0x02
	call LABEL_9F00	;@raw=0x04,0x9F,0x00
	mov [0x02], [0x22]	;@raw=0x01,0x02,0x22
	sub [0x02], 0x0014	;@raw=0x03,0x02,0xFF,0xEC
	break	;@raw=0x06
	jmp LABEL_9A21	;@raw=0x07,0x9A,0x21

LABEL_9A35:
	mov [0x01], 0x003C	;@raw=0x00,0x01,0x00,0x3C
	mov [0x02], 0x001D	;@raw=0x00,0x02,0x00,0x1D
	mov [0x32], 0x0001	;@raw=0x00,0x32,0x00,0x01
	jmp LABEL_9A44	;@raw=0x07,0x9A,0x44

LABEL_9A44:
	sub [0x01], 0x0001	;@raw=0x03,0x01,0xFF,0xFF
	video type=1, offset=CINEMATIC_332, x=[0x01], y=[0x02], zoom=0x40	;@raw=0x54,0x4A,0x3F,0x01,0x02
	break	;@raw=0x06
	add [0x01], 0x0001	;@raw=0x03,0x01,0x00,0x01
	video type=1, offset=CINEMATIC_332, x=[0x01], y=[0x02], zoom=0x40	;@raw=0x54,0x4A,0x3F,0x01,0x02
	break	;@raw=0x06
	add [0x01], 0x0002	;@raw=0x03,0x01,0x00,0x02
	video type=1, offset=CINEMATIC_332, x=[0x01], y=[0x02], zoom=0x40	;@raw=0x54,0x4A,0x3F,0x01,0x02
	break	;@raw=0x06
	add [0x01], 0x0003	;@raw=0x03,0x01,0x00,0x03
	video type=1, offset=CINEMATIC_333, x=[0x01], y=[0x02], zoom=0x40	;@raw=0x54,0x4A,0x53,0x01,0x02
	break	;@raw=0x06
	add [0x01], 0x0004	;@raw=0x03,0x01,0x00,0x04
	video type=1, offset=CINEMATIC_333, x=[0x01], y=[0x02], zoom=0x40	;@raw=0x54,0x4A,0x53,0x01,0x02
	break	;@raw=0x06
	add [0x01], 0x0003	;@raw=0x03,0x01,0x00,0x03
	video type=1, offset=CINEMATIC_333, x=[0x01], y=[0x02], zoom=0x40	;@raw=0x54,0x4A,0x53,0x01,0x02
	break	;@raw=0x06
	add [0x01], 0x0002	;@raw=0x03,0x01,0x00,0x02
	video type=1, offset=CINEMATIC_332, x=[0x01], y=[0x02], zoom=0x40	;@raw=0x54,0x4A,0x3F,0x01,0x02
	break	;@raw=0x06
	add [0x01], 0x0001	;@raw=0x03,0x01,0x00,0x01
	video type=1, offset=CINEMATIC_333, x=[0x01], y=[0x02], zoom=0x40	;@raw=0x54,0x4A,0x53,0x01,0x02
	break	;@raw=0x06
	add [0x01], 0x0001	;@raw=0x03,0x01,0x00,0x01
	video type=1, offset=CINEMATIC_334, x=[0x01], y=[0x02], zoom=0x40	;@raw=0x54,0x4A,0x05,0x01,0x02
	break	;@raw=0x06
	add [0x01], 0x0001	;@raw=0x03,0x01,0x00,0x01
	video type=1, offset=CINEMATIC_334, x=[0x01], y=[0x02], zoom=0x40	;@raw=0x54,0x4A,0x05,0x01,0x02
	break	;@raw=0x06
	sub [0x02], 0x0001	;@raw=0x03,0x02,0xFF,0xFF
	video type=1, offset=CINEMATIC_334, x=[0x01], y=[0x02], zoom=0x40	;@raw=0x54,0x4A,0x05,0x01,0x02
	break	;@raw=0x06
	add [0x02], 0x0001	;@raw=0x03,0x02,0x00,0x01
	add [0x01], 0x0001	;@raw=0x03,0x01,0x00,0x01

LABEL_9ABA:
	video type=1, offset=CINEMATIC_334, x=[0x01], y=[0x02], zoom=0x40	;@raw=0x54,0x4A,0x05,0x01,0x02
	break	;@raw=0x06
	je [HERO_POS_LEFT_RIGHT], 0x01, LABEL_9A44	;@raw=0x0A,0x00,0xFC,0x01,0x9A,0x44
	je [HERO_POS_LEFT_RIGHT], 0xFFFF, LABEL_9AD1	;@raw=0x0A,0x40,0xFC,0xFF,0xFF,0x9A,0xD1
	jmp LABEL_9ABA	;@raw=0x07,0x9A,0xBA
LABEL_9AD0:
	db 0x11

LABEL_9AD1:
	add [0x01], 0x0001	;@raw=0x03,0x01,0x00,0x01
	video type=1, offset=CINEMATIC_332, x=[0x01], y=[0x02], zoom=0x40	;@raw=0x54,0x4A,0x3F,0x01,0x02
	break	;@raw=0x06
	sub [0x01], 0x0001	;@raw=0x03,0x01,0xFF,0xFF
	video type=1, offset=CINEMATIC_332, x=[0x01], y=[0x02], zoom=0x40	;@raw=0x54,0x4A,0x3F,0x01,0x02
	break	;@raw=0x06
	sub [0x01], 0x0002	;@raw=0x03,0x01,0xFF,0xFE
	video type=1, offset=CINEMATIC_332, x=[0x01], y=[0x02], zoom=0x40	;@raw=0x54,0x4A,0x3F,0x01,0x02
	break	;@raw=0x06
	sub [0x01], 0x0003	;@raw=0x03,0x01,0xFF,0xFD
	video type=1, offset=CINEMATIC_333, x=[0x01], y=[0x02], zoom=0x40	;@raw=0x54,0x4A,0x53,0x01,0x02
	break	;@raw=0x06
	sub [0x01], 0x0004	;@raw=0x03,0x01,0xFF,0xFC
	video type=1, offset=CINEMATIC_333, x=[0x01], y=[0x02], zoom=0x40	;@raw=0x54,0x4A,0x53,0x01,0x02
	break	;@raw=0x06
	sub [0x01], 0x0003	;@raw=0x03,0x01,0xFF,0xFD
	video type=1, offset=CINEMATIC_333, x=[0x01], y=[0x02], zoom=0x40	;@raw=0x54,0x4A,0x53,0x01,0x02
	break	;@raw=0x06
	sub [0x01], 0x0002	;@raw=0x03,0x01,0xFF,0xFE
	video type=1, offset=CINEMATIC_332, x=[0x01], y=[0x02], zoom=0x40	;@raw=0x54,0x4A,0x3F,0x01,0x02
	break	;@raw=0x06
	sub [0x01], 0x0001	;@raw=0x03,0x01,0xFF,0xFF
	video type=1, offset=CINEMATIC_333, x=[0x01], y=[0x02], zoom=0x40	;@raw=0x54,0x4A,0x53,0x01,0x02
	break	;@raw=0x06
	sub [0x01], 0x0001	;@raw=0x03,0x01,0xFF,0xFF
	video type=1, offset=CINEMATIC_334, x=[0x01], y=[0x02], zoom=0x40	;@raw=0x54,0x4A,0x05,0x01,0x02
	break	;@raw=0x06
	sub [0x01], 0x0001	;@raw=0x03,0x01,0xFF,0xFF
	video type=1, offset=CINEMATIC_334, x=[0x01], y=[0x02], zoom=0x40	;@raw=0x54,0x4A,0x05,0x01,0x02
	break	;@raw=0x06
	sub [0x02], 0x0001	;@raw=0x03,0x02,0xFF,0xFF
	video type=1, offset=CINEMATIC_334, x=[0x01], y=[0x02], zoom=0x40	;@raw=0x54,0x4A,0x05,0x01,0x02
	break	;@raw=0x06
	add [0x02], 0x0001	;@raw=0x03,0x02,0x00,0x01
	sub [0x01], 0x0001	;@raw=0x03,0x01,0xFF,0xFF

LABEL_9B47:
	video type=1, offset=CINEMATIC_334, x=[0x01], y=[0x02], zoom=0x40	;@raw=0x54,0x4A,0x05,0x01,0x02
	break	;@raw=0x06
	je [HERO_POS_LEFT_RIGHT], 0x01, LABEL_9A44	;@raw=0x0A,0x00,0xFC,0x01,0x9A,0x44
	je [HERO_POS_LEFT_RIGHT], 0xFFFF, LABEL_9AD1	;@raw=0x0A,0x40,0xFC,0xFF,0xFF,0x9A,0xD1
	jmp LABEL_9B47	;@raw=0x07,0x9B,0x47
LABEL_9B5D:
	db 0x11

LABEL_9B5E:
	jge [0x04], 0x4000, LABEL_9BC8	;@raw=0x0A,0x43,0x04,0x40,0x00,0x9B,0xC8
	jl [0x01], [0x50], LABEL_9BC8	;@raw=0x0A,0x84,0x01,0x50,0x9B,0xC8
	add [0x50], 0x0014	;@raw=0x03,0x50,0x00,0x14
	je [HACK_VAR_67], 0xEE, LABEL_9B7B	;@raw=0x0A,0x00,0x67,0xEE,0x9B,0x7B
	jne [HACK_VAR_67], 0x8E, LABEL_9B7F	;@raw=0x0A,0x01,0x67,0x8E,0x9B,0x7F

LABEL_9B7B:
	add [0x50], 0x000C	;@raw=0x03,0x50,0x00,0x0C

LABEL_9B7F:
	jg [0x01], [0x50], LABEL_9BB4	;@raw=0x0A,0x82,0x01,0x50,0x9B,0xB4
	jne [0x02], [0x52], LABEL_9B9A	;@raw=0x0A,0x81,0x02,0x52,0x9B,0x9A
	jne [HERO_POS_UP_DOWN], 0xFFFF, LABEL_9BB4	;@raw=0x0A,0x41,0xE5,0xFF,0xFF,0x9B,0xB4
	mov [0x32], 0x0001	;@raw=0x00,0x32,0x00,0x01
	setup channel=0x14, address=LABEL_9821	;@raw=0x08,0x14,0x98,0x21

LABEL_9B9A:
	jne [0x02], [0x51], LABEL_9BB4	;@raw=0x0A,0x81,0x02,0x51,0x9B,0xB4
	je [0x32], 0x01, LABEL_9BB4	;@raw=0x0A,0x00,0x32,0x01,0x9B,0xB4
	jne [HERO_POS_UP_DOWN], 0x01, LABEL_9BB4	;@raw=0x0A,0x01,0xE5,0x01,0x9B,0xB4
	mov [0x32], 0x0001	;@raw=0x00,0x32,0x00,0x01
	setup channel=0x14, address=LABEL_9783	;@raw=0x08,0x14,0x97,0x83

LABEL_9BB4:
	sub [0x50], 0x0014	;@raw=0x03,0x50,0xFF,0xEC
	je [HACK_VAR_67], 0xEE, LABEL_9BC4	;@raw=0x0A,0x00,0x67,0xEE,0x9B,0xC4
	jne [HACK_VAR_67], 0x8E, LABEL_9BC8	;@raw=0x0A,0x01,0x67,0x8E,0x9B,0xC8

LABEL_9BC4:
	sub [0x50], 0x000C	;@raw=0x03,0x50,0xFF,0xF4

LABEL_9BC8:
	ret	;@raw=0x05
LABEL_9BC9:
	db 0x11

LABEL_9BCA:
	call LABEL_9BD1	;@raw=0x04,0x9B,0xD1
	break	;@raw=0x06
	jmp LABEL_9BCA	;@raw=0x07,0x9B,0xCA

LABEL_9BD1:
	mov [0x50], 0x002F	;@raw=0x00,0x50,0x00,0x2F
	mov [0x51], 0xFFCE	;@raw=0x00,0x51,0xFF,0xCE
	mov [0x52], 0x0055	;@raw=0x00,0x52,0x00,0x55
	jl [0x01], 0x64, LABEL_78B5	;@raw=0x0A,0x04,0x01,0x64,0x78,0xB5
	mov [0x50], 0x00B4	;@raw=0x00,0x50,0x00,0xB4
	mov [0x51], 0x0055	;@raw=0x00,0x51,0x00,0x55
	mov [0x52], 0x0118	;@raw=0x00,0x52,0x01,0x18
	ret	;@raw=0x05

INIT_HASH_VARS_A9_TO_AD:
	mov [0xA9], 0x010B	;@raw=0x00,0xA9,0x01,0x0B
	mov [0xAC], 0x0115	;@raw=0x00,0xAC,0x01,0x15
	and [0xAD], 0x01FF	;@raw=0x14,0xAD,0x01,0xFF
	or [0xAA], 0x0100	;@raw=0x15,0xAA,0x01,0x00
	or [0xAD], 0x0100	;@raw=0x15,0xAD,0x01,0x00
	mov [0xAB], 0x00AA	;@raw=0x00,0xAB,0x00,0xAA
	mov [0xAE], 0x00AA	;@raw=0x00,0xAE,0x00,0xAA
	or [0xAB], 0x8000	;@raw=0x15,0xAB,0x80,0x00
	or [0xAE], 0x8000	;@raw=0x15,0xAE,0x80,0x00
	ret	;@raw=0x05
LABEL_9C15:
	db 0x11

LABEL_9C16:
	fill page=0x00, color=0x03	;@raw=0x0E,0x00,0x03
	video type=1, offset=CINEMATIC_000, x=160, y=100	;@raw=0xFC,0xD4,0xA0,0x64
	video type=1, offset=CINEMATIC_001, x=160, y=100	;@raw=0xFD,0x5C,0xA0,0x64
	ret	;@raw=0x05

LABEL_9C22:
	fill page=0x00, color=0x0B	;@raw=0x0E,0x00,0x0B
	video type=1, offset=CINEMATIC_339, x=160, y=100	;@raw=0xFD,0xA4,0xA0,0x64
	video type=1, offset=CINEMATIC_340, x=65513, y=96, zoom=0x40	;@raw=0x48,0x75,0x43,0xFF,0xE9,0x60
	ret	;@raw=0x05
	video type=1, offset=CINEMATIC_001, x=160, y=100	;@raw=0xFD,0x5C,0xA0,0x64

LABEL_9C34:
	load id=0x0090	;@raw=0x19,0x00,0x90
	copyVideoPage src=0x00, dst=0x03	;@raw=0x0F,0x00,0x03
	load id=0x0091	;@raw=0x19,0x00,0x91
	ret	;@raw=0x05

LABEL_9C3E:
	fill page=0x00, color=0x08	;@raw=0x0E,0x00,0x08
	video type=1, offset=CINEMATIC_522, x=160, y=100	;@raw=0xC3,0x92,0xA0,0x64
	video type=1, offset=CINEMATIC_523, x=160, y=100	;@raw=0xC6,0xB7,0xA0,0x64
	video type=1, offset=CINEMATIC_524, x=160, y=100	;@raw=0xD2,0x5E,0xA0,0x64
	video type=1, offset=CINEMATIC_525, x=160, y=100	;@raw=0xD9,0xCF,0xA0,0x64
	ret	;@raw=0x05

LABEL_9C52:
	fill page=0x00, color=0x08	;@raw=0x0E,0x00,0x08
	video type=1, offset=CINEMATIC_522, x=160, y=100	;@raw=0xC3,0x92,0xA0,0x64
	video type=1, offset=CINEMATIC_551, x=160, y=100	;@raw=0xDA,0x15,0xA0,0x64
	video type=1, offset=CINEMATIC_552, x=160, y=100	;@raw=0xDA,0x6D,0xA0,0x64
	video type=1, offset=CINEMATIC_553, x=160, y=100	;@raw=0xDA,0xB3,0xA0,0x64
	video type=1, offset=CINEMATIC_554, x=160, y=100	;@raw=0xDE,0xE2,0xA0,0x64
	ret	;@raw=0x05
	video type=1, offset=CINEMATIC_698, x=160, y=100	;@raw=0xE8,0xAB,0xA0,0x64
	video type=1, offset=CINEMATIC_699, x=160, y=100	;@raw=0xE7,0x3C,0xA0,0x64
	ret	;@raw=0x05
	fill page=0x00, color=0x08	;@raw=0x0E,0x00,0x08
	video type=1, offset=CINEMATIC_522, x=160, y=100	;@raw=0xC3,0x92,0xA0,0x64
	video type=1, offset=CINEMATIC_551, x=160, y=100	;@raw=0xDA,0x15,0xA0,0x64
	video type=1, offset=CINEMATIC_552, x=160, y=100	;@raw=0xDA,0x6D,0xA0,0x64
	video type=1, offset=CINEMATIC_553, x=160, y=100	;@raw=0xDA,0xB3,0xA0,0x64
	video type=1, offset=CINEMATIC_554, x=160, y=100	;@raw=0xDE,0xE2,0xA0,0x64
	ret	;@raw=0x05

LABEL_9C8B:
	fill page=0x00, color=0x0B	;@raw=0x0E,0x00,0x0B
	video type=1, offset=CINEMATIC_562, x=160, y=198	;@raw=0xE3,0xF6,0xA0,0xC6
	video type=1, offset=CINEMATIC_563, x=160, y=198	;@raw=0xE4,0x10,0xA0,0xC6
	video type=1, offset=CINEMATIC_564, x=160, y=100	;@raw=0xF1,0x42,0xA0,0x64
	video type=1, offset=CINEMATIC_565, x=160, y=100	;@raw=0xF9,0x54,0xA0,0x64
	ret	;@raw=0x05

LABEL_9C9F:
	fill page=0x00, color=0x00	;@raw=0x0E,0x00,0x00
	video type=1, offset=CINEMATIC_568, x=160, y=100	;@raw=0xF9,0x68,0xA0,0x64
	ret	;@raw=0x05

LABEL_9CA7:
	fill page=0x00, color=0x00	;@raw=0x0E,0x00,0x00
	video type=1, offset=CINEMATIC_495, x=160, y=100	;@raw=0xEF,0x5B,0xA0,0x64
	ret	;@raw=0x05

LABEL_9CAF:
	fill page=0x00, color=0x00	;@raw=0x0E,0x00,0x00
	video type=1, offset=CINEMATIC_559, x=160, y=100	;@raw=0xF8,0xE1,0xA0,0x64
	video type=1, offset=CINEMATIC_560, x=160, y=100	;@raw=0xFA,0xFC,0xA0,0x64
	video type=1, offset=CINEMATIC_558, x=160, y=100	;@raw=0xF9,0x28,0xA0,0x64
	ret	;@raw=0x05

LABEL_9CBF:
	fill page=0x00, color=0x00	;@raw=0x0E,0x00,0x00
	video type=1, offset=CINEMATIC_555, x=155, y=95	;@raw=0xE3,0x8F,0x9B,0x5F
	video type=1, offset=CINEMATIC_556, x=160, y=100	;@raw=0xF7,0xBD,0xA0,0x64
	ret	;@raw=0x05

LABEL_9CCB:
	fill page=0x00, color=0x0B	;@raw=0x0E,0x00,0x0B
	video type=1, offset=CINEMATIC_562, x=160, y=151	;@raw=0xE3,0xF6,0xA0,0x97
	video type=1, offset=CINEMATIC_611, x=160, y=100	;@raw=0xF2,0x4B,0xA0,0x64
	ret	;@raw=0x05

LABEL_9CD7:
	fill page=0x00, color=0x00	;@raw=0x0E,0x00,0x00
	video type=1, offset=CINEMATIC_500, x=160, y=100	;@raw=0xF2,0xB0,0xA0,0x64
	video type=1, offset=CINEMATIC_501, x=160, y=100	;@raw=0xF4,0x1D,0xA0,0x64
	ret	;@raw=0x05

LABEL_9CE3:
	fill page=0x00, color=0x00	;@raw=0x0E,0x00,0x00
	video type=1, offset=CINEMATIC_506, x=160, y=100	;@raw=0xF2,0xF1,0xA0,0x64
	video type=1, offset=CINEMATIC_507, x=160, y=100	;@raw=0xF3,0x34,0xA0,0x64
	video type=1, offset=CINEMATIC_508, x=160, y=100	;@raw=0xF3,0x40,0xA0,0x64
	ret	;@raw=0x05

LABEL_9CF3:
	fill page=0x00, color=0x0B	;@raw=0x0E,0x00,0x0B
	video type=1, offset=CINEMATIC_571, x=160, y=100	;@raw=0xE5,0x1D,0xA0,0x64
	video type=1, offset=CINEMATIC_572, x=160, y=100	;@raw=0xF5,0x57,0xA0,0x64
	ret	;@raw=0x05

LABEL_9CFF:
	fill page=0x00, color=0x0B	;@raw=0x0E,0x00,0x0B
	video type=1, offset=CINEMATIC_562, x=160, y=187	;@raw=0xE3,0xF6,0xA0,0xBB
	video type=1, offset=CINEMATIC_575, x=160, y=100	;@raw=0xE5,0x49,0xA0,0x64
	ret	;@raw=0x05

LABEL_9D0B:
	fill page=0x00, color=0x0B	;@raw=0x0E,0x00,0x0B
	video type=1, offset=CINEMATIC_555, x=160, y=23	;@raw=0xE3,0x8F,0xA0,0x17
	video type=1, offset=CINEMATIC_592, x=160, y=50	;@raw=0xF5,0x13,0xA0,0x32
	mov [0xF8], [0xB9]	;@raw=0x01,0xF8,0xB9
	and [0xF8], 0x0080	;@raw=0x14,0xF8,0x00,0x80
	jne [0xF8], 0x00, LABEL_9D2C	;@raw=0x0A,0x01,0xF8,0x00,0x9D,0x2C
	video type=1, offset=CINEMATIC_587, x=232, y=65	;@raw=0xE5,0xDF,0xE8,0x41
	video type=1, offset=CINEMATIC_591, x=151, y=14	;@raw=0xF2,0x21,0x97,0x0E
	ret	;@raw=0x05

LABEL_9D2C:
	video type=1, offset=CINEMATIC_591, x=151, y=65496, zoom=0x40	;@raw=0x60,0x72,0x21,0x97,0xFF,0xD8
	video type=1, offset=CINEMATIC_345, x=6, y=99	;@raw=0x85,0x8C,0x06,0x63
	ret	;@raw=0x05

LABEL_9D37:
	fill page=0x00, color=0x0B	;@raw=0x0E,0x00,0x0B
	video type=1, offset=CINEMATIC_555, x=160, y=23	;@raw=0xE3,0x8F,0xA0,0x17
	video type=1, offset=CINEMATIC_586, x=160, y=100	;@raw=0xF7,0x32,0xA0,0x64
	video type=1, offset=CINEMATIC_587, x=74, y=64	;@raw=0xE5,0xDF,0x4A,0x40
	video type=1, offset=CINEMATIC_588, x=74, y=64	;@raw=0xE6,0x0D,0x4A,0x40
	video type=1, offset=CINEMATIC_589, x=74, y=64	;@raw=0xE6,0x5F,0x4A,0x40
	video type=1, offset=CINEMATIC_587, x=191, y=65	;@raw=0xE5,0xDF,0xBF,0x41
	video type=1, offset=CINEMATIC_588, x=191, y=65	;@raw=0xE6,0x0D,0xBF,0x41
	video type=1, offset=CINEMATIC_589, x=191, y=65	;@raw=0xE6,0x5F,0xBF,0x41
	video type=1, offset=CINEMATIC_587, x=295, y=64, zoom=0x40	;@raw=0x78,0x65,0xDF,0x27,0x40
	video type=1, offset=CINEMATIC_588, x=295, y=64, zoom=0x40	;@raw=0x78,0x66,0x0D,0x27,0x40
	video type=1, offset=CINEMATIC_590, x=295, y=64, zoom=0x40	;@raw=0x78,0x66,0x6F,0x27,0x40
	video type=1, offset=CINEMATIC_591, x=65528, y=15, zoom=0x40	;@raw=0x48,0x72,0x21,0xFF,0xF8,0x0F
	video type=1, offset=CINEMATIC_591, x=107, y=14	;@raw=0xF2,0x21,0x6B,0x0E
	video type=1, offset=CINEMATIC_591, x=212, y=15	;@raw=0xF2,0x21,0xD4,0x0F
	call LABEL_369F	;@raw=0x04,0x36,0x9F
	mov [0x10], [HACK_VAR_67]	;@raw=0x01,0x10,0x67
	mov [0x08], [0x40]	;@raw=0x01,0x08,0x40
	mov [0x07], 0x0064	;@raw=0x00,0x07,0x00,0x64
	mov [0x09], 0x0001	;@raw=0x00,0x09,0x00,0x01
	call LABEL_88B0	;@raw=0x04,0x88,0xB0
	mov [0x09], 0x0033	;@raw=0x00,0x09,0x00,0x33
	mov [0x07], 0x0050	;@raw=0x00,0x07,0x00,0x50
	call LABEL_88B0	;@raw=0x04,0x88,0xB0
	mov [0x09], 0x0001	;@raw=0x00,0x09,0x00,0x01
	mov [0x07], 0x046A	;@raw=0x00,0x07,0x04,0x6A
	call LABEL_88B0	;@raw=0x04,0x88,0xB0
	mov [0x09], 0x0001	;@raw=0x00,0x09,0x00,0x01
	mov [0x07], 0x0032	;@raw=0x00,0x07,0x00,0x32
	call LABEL_88B0	;@raw=0x04,0x88,0xB0
	mov [0x09], 0x0001	;@raw=0x00,0x09,0x00,0x01
	mov [0x07], 0x005A	;@raw=0x00,0x07,0x00,0x5A
	call LABEL_88B0	;@raw=0x04,0x88,0xB0
	mov [0x09], 0x0033	;@raw=0x00,0x09,0x00,0x33
	mov [0x07], 0x047E	;@raw=0x00,0x07,0x04,0x7E
	call LABEL_88B0	;@raw=0x04,0x88,0xB0
	ret	;@raw=0x05

LABEL_9DC3:
	fill page=0x00, color=0x01	;@raw=0x0E,0x00,0x01
	video type=1, offset=CINEMATIC_432, x=160, y=100	;@raw=0xB6,0x14,0xA0,0x64
	video type=1, offset=CINEMATIC_433, x=160, y=100	;@raw=0xB6,0x26,0xA0,0x64
	video type=1, offset=CINEMATIC_434, x=160, y=100	;@raw=0xD4,0x7D,0xA0,0x64
	video type=1, offset=CINEMATIC_435, x=160, y=100	;@raw=0xD4,0xA9,0xA0,0x64
	ret	;@raw=0x05

JUNK__9DD7:
	fill page=0x00, color=0x01	;@raw=0x0E,0x00,0x01
	video type=1, offset=CINEMATIC_478, x=160, y=100	;@raw=0xB6,0x78,0xA0,0x64
	video type=1, offset=CINEMATIC_479, x=160, y=100	;@raw=0xB6,0x80,0xA0,0x64
	video type=1, offset=CINEMATIC_434, x=160, y=100	;@raw=0xD4,0x7D,0xA0,0x64
	video type=1, offset=CINEMATIC_696, x=160, y=100	;@raw=0xEE,0x3F,0xA0,0x64
	video type=1, offset=CINEMATIC_697, x=160, y=100	;@raw=0xEE,0x53,0xA0,0x64
	ret	;@raw=0x05
	video type=1, offset=CINEMATIC_695, x=160, y=100	;@raw=0xF4,0x56,0xA0,0x64

LABEL_9DF3:
	fill page=0x00, color=0x01	;@raw=0x0E,0x00,0x01
	video type=1, offset=CINEMATIC_478, x=160, y=100	;@raw=0xB6,0x78,0xA0,0x64
	video type=1, offset=CINEMATIC_479, x=160, y=100	;@raw=0xB6,0x80,0xA0,0x64
	video type=1, offset=CINEMATIC_434, x=160, y=100	;@raw=0xD4,0x7D,0xA0,0x64
	video type=1, offset=CINEMATIC_480, x=160, y=100	;@raw=0xE2,0xDE,0xA0,0x64
	video type=1, offset=CINEMATIC_481, x=160, y=100	;@raw=0xE2,0xFA,0xA0,0x64
	ret	;@raw=0x05

LABEL_9E0B:
	fill page=0x00, color=0x01	;@raw=0x0E,0x00,0x01
	video type=1, offset=CINEMATIC_485, x=160, y=100	;@raw=0xF2,0x8D,0xA0,0x64
	ret	;@raw=0x05
	fill page=0x00, color=0x01	;@raw=0x0E,0x00,0x01
	video type=1, offset=CINEMATIC_458, x=160, y=100	;@raw=0xB6,0x54,0xA0,0x64
	video type=1, offset=CINEMATIC_433, x=160, y=100	;@raw=0xB6,0x26,0xA0,0x64
	ret	;@raw=0x05

LABEL_9E1F:
	fill page=0x00, color=0x01	;@raw=0x0E,0x00,0x01
	video type=1, offset=CINEMATIC_457, x=160, y=100	;@raw=0xB6,0x60,0xA0,0x64
	video type=1, offset=CINEMATIC_458, x=160, y=100	;@raw=0xB6,0x54,0xA0,0x64
	video type=1, offset=CINEMATIC_434, x=160, y=100	;@raw=0xD4,0x7D,0xA0,0x64
	video type=1, offset=CINEMATIC_459, x=160, y=100	;@raw=0xE2,0xBA,0xA0,0x64
	video type=1, offset=CINEMATIC_460, x=160, y=100	;@raw=0xE2,0xD8,0xA0,0x64
	ret	;@raw=0x05

LABEL_9E37:
	fill page=0x00, color=0x01	;@raw=0x0E,0x00,0x01
	video type=1, offset=CINEMATIC_457, x=160, y=100	;@raw=0xB6,0x60,0xA0,0x64
	video type=1, offset=CINEMATIC_458, x=160, y=100	;@raw=0xB6,0x54,0xA0,0x64
	video type=1, offset=CINEMATIC_434, x=160, y=100	;@raw=0xD4,0x7D,0xA0,0x64
	video type=1, offset=CINEMATIC_459, x=160, y=100	;@raw=0xE2,0xBA,0xA0,0x64
	video type=1, offset=CINEMATIC_460, x=160, y=100	;@raw=0xE2,0xD8,0xA0,0x64
	video type=1, offset=CINEMATIC_486, x=160, y=100	;@raw=0xFD,0xE4,0xA0,0x64
	ret	;@raw=0x05
	video type=1, offset=CINEMATIC_694, x=4, y=65518, zoom=0x40	;@raw=0x60,0x72,0xA2,0x04,0xFF,0xEE

LABEL_9E59:
	fill page=0x00, color=0x01	;@raw=0x0E,0x00,0x01
	video type=1, offset=CINEMATIC_478, x=160, y=100	;@raw=0xB6,0x78,0xA0,0x64
	video type=1, offset=CINEMATIC_479, x=160, y=100	;@raw=0xB6,0x80,0xA0,0x64
	video type=1, offset=CINEMATIC_434, x=160, y=100	;@raw=0xD4,0x7D,0xA0,0x64
	video type=1, offset=CINEMATIC_480, x=160, y=100	;@raw=0xE2,0xDE,0xA0,0x64
	video type=1, offset=CINEMATIC_487, x=160, y=100	;@raw=0xEB,0xC8,0xA0,0x64
	video type=1, offset=CINEMATIC_488, x=160, y=100	;@raw=0xFD,0xC8,0xA0,0x64
	video type=1, offset=CINEMATIC_489, x=58, y=100	;@raw=0xA5,0xE7,0x3A,0x64
	ret	;@raw=0x05
	fill page=0x00, color=0x01	;@raw=0x0E,0x00,0x01
	video type=1, offset=CINEMATIC_692, x=160, y=100	;@raw=0xEE,0x35,0xA0,0x64
	video type=1, offset=CINEMATIC_693, x=160, y=100	;@raw=0xEE,0x6B,0xA0,0x64
	ret	;@raw=0x05

LABEL_9E85:
	fill page=0x00, color=0x0B	;@raw=0x0E,0x00,0x0B
	video type=1, offset=CINEMATIC_490, x=160, y=100	;@raw=0xFC,0x93,0xA0,0x64
	ret	;@raw=0x05

LABEL_9E8D:
	fill page=0x00, color=0x00	;@raw=0x0E,0x00,0x00
	video type=1, offset=CINEMATIC_509, x=160, y=100	;@raw=0xED,0xAB,0xA0,0x64
	ret	;@raw=0x05

LABEL_9E95:
	fill page=0x00, color=0x00	;@raw=0x0E,0x00,0x00
	video type=1, offset=CINEMATIC_521, x=160, y=100	;@raw=0xEE,0x97,0xA0,0x64
	ret	;@raw=0x05

LABEL_9E9D:
	fill page=0x00, color=0x00	;@raw=0x0E,0x00,0x00
	video type=1, offset=CINEMATIC_613, x=160, y=100	;@raw=0xF1,0x19,0xA0,0x64
	ret	;@raw=0x05

LABEL_9EA5:
	fill page=0x00, color=0x00	;@raw=0x0E,0x00,0x00
	video type=1, offset=CINEMATIC_566, x=188, y=99	;@raw=0xED,0x1B,0xBC,0x63
	video type=1, offset=CINEMATIC_567, x=188, y=99	;@raw=0xEF,0xEC,0xBC,0x63
	ret	;@raw=0x05

LABEL_9EB1:
	fill page=0x00, color=0x00	;@raw=0x0E,0x00,0x00
	video type=1, offset=CINEMATIC_584, x=188, y=99	;@raw=0xF0,0x1E,0xBC,0x63
	ret	;@raw=0x05

LABEL_9EB9:
	fill page=0x00, color=0x00	;@raw=0x0E,0x00,0x00
	video type=1, offset=CINEMATIC_585, x=160, y=100	;@raw=0xF7,0xA4,0xA0,0x64
	ret	;@raw=0x05

LABEL_9EC1:
	fill page=0x00, color=0x08	;@raw=0x0E,0x00,0x08
	video type=1, offset=CINEMATIC_492, x=160, y=229, zoom=0x40	;@raw=0x68,0x7C,0xC5,0xA0,0xE5
	video type=1, offset=CINEMATIC_493, x=160, y=100	;@raw=0xFD,0x1C,0xA0,0x64
	ret	;@raw=0x05

LABEL_9ECE:
	fill page=0x00, color=0x00	;@raw=0x0E,0x00,0x00
	video type=1, offset=CINEMATIC_612, x=160, y=100	;@raw=0xF0,0x2F,0xA0,0x64
	ret	;@raw=0x05

LABEL_9ED6:
	mov [0x22], 0x00B9	;@raw=0x00,0x22,0x00,0xB9
	jle [0x21], 0x0C, LABEL_78B5	;@raw=0x0A,0x05,0x21,0x0C,0x78,0xB5
	jg [0x21], 0x25, LABEL_78B5	;@raw=0x0A,0x02,0x21,0x25,0x78,0xB5
	mov [0x22], 0x010E	;@raw=0x00,0x22,0x01,0x0E
	ret	;@raw=0x05
	jg [0x22], 0x96, LABEL_9EFB	;@raw=0x0A,0x02,0x22,0x96,0x9E,0xFB
	mov [0x22], 0x0062	;@raw=0x00,0x22,0x00,0x62
	jle [0x21], 0x60, LABEL_78B5	;@raw=0x0A,0x05,0x21,0x60,0x78,0xB5

LABEL_9EFB:
	mov [0x22], 0x00B8	;@raw=0x00,0x22,0x00,0xB8
	ret	;@raw=0x05

LABEL_9F00:
	mov [0x22], 0x002A	;@raw=0x00,0x22,0x00,0x2A
	jl [0x21], 0x69, LABEL_78B5	;@raw=0x0A,0x04,0x21,0x69,0x78,0xB5
	jg [0x21], 0x7F, LABEL_9F20	;@raw=0x0A,0x02,0x21,0x7F,0x9F,0x20
	sub [0x21], 0x0069	;@raw=0x03,0x21,0xFF,0x97
	shr [0x21], 0x0002	;@raw=0x17,0x21,0x00,0x02
	mov [0x22], 0x002A	;@raw=0x00,0x22,0x00,0x2A
	sub [0x22], [0x21]	;@raw=0x13,0x22,0x21
	ret	;@raw=0x05

LABEL_9F20:
	jg [0x21], 0x90, LABEL_9F2B	;@raw=0x0A,0x02,0x21,0x90,0x9F,0x2B
	mov [0x22], 0x0025	;@raw=0x00,0x22,0x00,0x25
	ret	;@raw=0x05

LABEL_9F2B:
	jg [0x21], 0xB2, LABEL_9F41	;@raw=0x0A,0x02,0x21,0xB2,0x9F,0x41
	sub [0x21], 0x0090	;@raw=0x03,0x21,0xFF,0x70
	shr [0x21], 0x0002	;@raw=0x17,0x21,0x00,0x02
	mov [0x22], 0x0025	;@raw=0x00,0x22,0x00,0x25
	sub [0x22], [0x21]	;@raw=0x13,0x22,0x21
	ret	;@raw=0x05

LABEL_9F41:
	jg [0x21], 0xBE, LABEL_9F57	;@raw=0x0A,0x02,0x21,0xBE,0x9F,0x57
	sub [0x21], 0x00B2	;@raw=0x03,0x21,0xFF,0x4E
	shr [0x21], 0x0002	;@raw=0x17,0x21,0x00,0x02
	mov [0x22], 0x001D	;@raw=0x00,0x22,0x00,0x1D
	add [0x22], [0x21]	;@raw=0x02,0x22,0x21
	ret	;@raw=0x05

LABEL_9F57:
	jg [0x21], 0xDC, LABEL_9F6D	;@raw=0x0A,0x02,0x21,0xDC,0x9F,0x6D
	sub [0x21], 0x00BE	;@raw=0x03,0x21,0xFF,0x42
	shr [0x21], 0x0001	;@raw=0x17,0x21,0x00,0x01
	mov [0x22], 0x0020	;@raw=0x00,0x22,0x00,0x20
	sub [0x22], [0x21]	;@raw=0x13,0x22,0x21
	ret	;@raw=0x05

LABEL_9F6D:
	jg [0x21], 0xE3, LABEL_9F7F	;@raw=0x0A,0x02,0x21,0xE3,0x9F,0x7F
	sub [0x21], 0x00DC	;@raw=0x03,0x21,0xFF,0x24
	mov [0x22], 0x0011	;@raw=0x00,0x22,0x00,0x11
	add [0x22], [0x21]	;@raw=0x02,0x22,0x21
	ret	;@raw=0x05

LABEL_9F7F:
	jg [0x21], 0xFB, LABEL_9F95	;@raw=0x0A,0x02,0x21,0xFB,0x9F,0x95
	sub [0x21], 0x00E3	;@raw=0x03,0x21,0xFF,0x1D
	shr [0x21], 0x0003	;@raw=0x17,0x21,0x00,0x03
	mov [0x22], 0x0018	;@raw=0x00,0x22,0x00,0x18
	add [0x22], [0x21]	;@raw=0x02,0x22,0x21
	ret	;@raw=0x05

LABEL_9F95:
	jg [0x21], 0x012D, LABEL_78B5	;@raw=0x0A,0x42,0x21,0x01,0x2D,0x78,0xB5
	sub [0x21], 0x00FB	;@raw=0x03,0x21,0xFF,0x05
	shr [0x21], 0x0002	;@raw=0x17,0x21,0x00,0x02
	mov [0x22], 0x001B	;@raw=0x00,0x22,0x00,0x1B
	add [0x22], [0x21]	;@raw=0x02,0x22,0x21
	ret	;@raw=0x05

LABEL_9FAC:
	mov [0x22], 0x007F	;@raw=0x00,0x22,0x00,0x7F
	jl [0x21], 0x37, LABEL_A014	;@raw=0x0A,0x04,0x21,0x37,0xA0,0x14
	jl [0x21], 0xE5, LABEL_78B5	;@raw=0x0A,0x04,0x21,0xE5,0x78,0xB5
	jg [0x21], 0xF5, LABEL_9FCE	;@raw=0x0A,0x02,0x21,0xF5,0x9F,0xCE
	sub [0x21], 0x00E5	;@raw=0x03,0x21,0xFF,0x1B
	mov [0x22], 0x007F	;@raw=0x00,0x22,0x00,0x7F
	add [0x22], [0x21]	;@raw=0x02,0x22,0x21
	ret	;@raw=0x05

LABEL_9FCE:
	jg [0x21], 0x011B, LABEL_9FE5	;@raw=0x0A,0x42,0x21,0x01,0x1B,0x9F,0xE5
	sub [0x21], 0x00F5	;@raw=0x03,0x21,0xFF,0x0B
	shr [0x21], 0x0001	;@raw=0x17,0x21,0x00,0x01
	mov [0x22], 0x008F	;@raw=0x00,0x22,0x00,0x8F
	add [0x22], [0x21]	;@raw=0x02,0x22,0x21
	ret	;@raw=0x05

LABEL_9FE5:
	jg [0x21], 0x012A, LABEL_9FF8	;@raw=0x0A,0x42,0x21,0x01,0x2A,0x9F,0xF8
	sub [0x21], 0x011B	;@raw=0x03,0x21,0xFE,0xE5
	mov [0x22], 0x00A2	;@raw=0x00,0x22,0x00,0xA2
	add [0x22], [0x21]	;@raw=0x02,0x22,0x21
	ret	;@raw=0x05

LABEL_9FF8:
	jg [0x21], 0x013B, LABEL_A00F	;@raw=0x0A,0x42,0x21,0x01,0x3B,0xA0,0x0F
	sub [0x21], 0x012A	;@raw=0x03,0x21,0xFE,0xD6
	shr [0x21], 0x0002	;@raw=0x17,0x21,0x00,0x02
	mov [0x22], 0x00B1	;@raw=0x00,0x22,0x00,0xB1
	add [0x22], [0x21]	;@raw=0x02,0x22,0x21
	ret	;@raw=0x05

LABEL_A00F:
	mov [0x22], 0x00B4	;@raw=0x00,0x22,0x00,0xB4
	ret	;@raw=0x05

LABEL_A014:
	mov [0x22], 0x0062	;@raw=0x00,0x22,0x00,0x62
	ret	;@raw=0x05

LABEL_A019:
	jl [0x22], 0x64, LABEL_A036	;@raw=0x0A,0x04,0x22,0x64,0xA0,0x36
	jg [0x21], 0x40, LABEL_A058	;@raw=0x0A,0x02,0x21,0x40,0xA0,0x58
	mov [0x22], 0x00AA	;@raw=0x00,0x22,0x00,0xAA
	ret	;@raw=0x05
	sub [0x21], 0x0010	;@raw=0x03,0x21,0xFF,0xF0
	mov [0x22], 0x007C	;@raw=0x00,0x22,0x00,0x7C
	add [0x22], [0x21]	;@raw=0x02,0x22,0x21
	ret	;@raw=0x05

LABEL_A036:
	jg [0x21], 0x3C, LABEL_A048	;@raw=0x0A,0x02,0x21,0x3C,0xA0,0x48
	sub [0x21], 0x000B	;@raw=0x03,0x21,0xFF,0xF5
	mov [0x22], 0x0040	;@raw=0x00,0x22,0x00,0x40
	sub [0x22], [0x21]	;@raw=0x13,0x22,0x21
	ret	;@raw=0x05

LABEL_A048:
	mov [0x22], 0x000F	;@raw=0x00,0x22,0x00,0x0F
	jg [0x21], 0x7D, LABEL_A053	;@raw=0x0A,0x02,0x21,0x7D,0xA0,0x53
	ret	;@raw=0x05

LABEL_A053:
	mov [0x22], 0x0097	;@raw=0x00,0x22,0x00,0x97
	ret	;@raw=0x05

LABEL_A058:
	jl [0x22], 0xA8, LABEL_A080	;@raw=0x0A,0x04,0x22,0xA8,0xA0,0x80
	mov [0x22], 0x00AC	;@raw=0x00,0x22,0x00,0xAC
	jg [0x21], 0x4A, LABEL_78B5	;@raw=0x0A,0x02,0x21,0x4A,0x78,0xB5
	mov [0x22], [0x04]	;@raw=0x01,0x22,0x04
	and [0x22], 0x0010	;@raw=0x14,0x22,0x00,0x10
	jne [0x22], 0x00, LABEL_A080	;@raw=0x0A,0x01,0x22,0x00,0xA0,0x80
	mov [0x22], 0x00AC	;@raw=0x00,0x22,0x00,0xAC
	ret	;@raw=0x05
	jg [0x35], 0x1E, LABEL_A053	;@raw=0x0A,0x02,0x35,0x1E,0xA0,0x53

LABEL_A080:
	jg [0x21], 0x45, LABEL_A096	;@raw=0x0A,0x02,0x21,0x45,0xA0,0x96
	sub [0x21], 0x0040	;@raw=0x03,0x21,0xFF,0xC0
	shl [0x21], 0x0001	;@raw=0x16,0x21,0x00,0x01
	mov [0x22], 0x00AA	;@raw=0x00,0x22,0x00,0xAA
	sub [0x22], [0x21]	;@raw=0x13,0x22,0x21
	ret	;@raw=0x05

LABEL_A096:
	jg [0x21], 0x68, LABEL_A053	;@raw=0x0A,0x02,0x21,0x68,0xA0,0x53
	sub [0x21], 0x0045	;@raw=0x03,0x21,0xFF,0xBB
	shr [0x21], 0x0002	;@raw=0x17,0x21,0x00,0x02
	mov [0x22], 0x00A0	;@raw=0x00,0x22,0x00,0xA0
	sub [0x22], [0x21]	;@raw=0x13,0x22,0x21
	ret	;@raw=0x05

LABEL_A0AC:
	jg [0x22], 0x5A, LABEL_A0BD	;@raw=0x0A,0x02,0x22,0x5A,0xA0,0xBD
	jg [0x21], 0x19, LABEL_A0BD	;@raw=0x0A,0x02,0x21,0x19,0xA0,0xBD
	mov [0x22], 0x0050	;@raw=0x00,0x22,0x00,0x50
	ret	;@raw=0x05

LABEL_A0BD:
	mov [0x22], 0x0062	;@raw=0x00,0x22,0x00,0x62
	ret	;@raw=0x05

LABEL_A0C2:
	mov [0x22], 0x0062	;@raw=0x00,0x22,0x00,0x62
	jle [0x21], 0xA2, LABEL_78B5	;@raw=0x0A,0x05,0x21,0xA2,0x78,0xB5
	jg [0x21], 0x0123, LABEL_78B5	;@raw=0x0A,0x42,0x21,0x01,0x23,0x78,0xB5
	mov [0x22], 0x00FA	;@raw=0x00,0x22,0x00,0xFA
	ret	;@raw=0x05

LABEL_A0D8:
	mov [0x22], 0x00B5	;@raw=0x00,0x22,0x00,0xB5
	jle [0x21], 0x0F, LABEL_78B5	;@raw=0x0A,0x05,0x21,0x0F,0x78,0xB5
	mov [0x22], 0x0118	;@raw=0x00,0x22,0x01,0x18
	ret	;@raw=0x05

LABEL_A0E7:
	mov [0x22], [0xB9]	;@raw=0x01,0x22,0xB9
	and [0x22], 0x0008	;@raw=0x14,0x22,0x00,0x08
	je [0x22], 0x00, LABEL_A10B	;@raw=0x0A,0x00,0x22,0x00,0xA1,0x0B
	mov [0x22], 0x00A8	;@raw=0x00,0x22,0x00,0xA8
	jne [0xE6], 0x00, LABEL_78B5	;@raw=0x0A,0x01,0xE6,0x00,0x78,0xB5
	jle [0x21], 0xA2, LABEL_78B5	;@raw=0x0A,0x05,0x21,0xA2,0x78,0xB5
	jg [0x21], 0x0116, LABEL_78B5	;@raw=0x0A,0x42,0x21,0x01,0x16,0x78,0xB5

LABEL_A10B:
	mov [0x22], 0x00FA	;@raw=0x00,0x22,0x00,0xFA
	ret	;@raw=0x05

LABEL_A110:
	jl [0x21], 0x9B, LABEL_A12E	;@raw=0x0A,0x04,0x21,0x9B,0xA1,0x2E
	jg [0x22], 0xBE, LABEL_A122	;@raw=0x0A,0x02,0x22,0xBE,0xA1,0x22
	jg [0x21], 0xCF, LABEL_A12E	;@raw=0x0A,0x02,0x21,0xCF,0xA1,0x2E

LABEL_A122:
	sub [0x21], 0x009A	;@raw=0x03,0x21,0xFF,0x66
	mov [0x22], 0x00B0	;@raw=0x00,0x22,0x00,0xB0
	add [0x22], [0x21]	;@raw=0x02,0x22,0x21
	ret	;@raw=0x05

LABEL_A12E:
	jg [0x21], 0x47, LABEL_A13A	;@raw=0x0A,0x02,0x21,0x47,0xA1,0x3A
	jg [0x22], 0xB4, LABEL_78B5	;@raw=0x0A,0x02,0x22,0xB4,0x78,0xB5

LABEL_A13A:
	mov [0x22], 0x00B0	;@raw=0x00,0x22,0x00,0xB0
	ret	;@raw=0x05
	mov [0x22], 0x00AB	;@raw=0x00,0x22,0x00,0xAB
	jg [0x21], 0x77, LABEL_78B5	;@raw=0x0A,0x02,0x21,0x77,0x78,0xB5
	sub [0x21], 0x005B	;@raw=0x03,0x21,0xFF,0xA5
	mov [0x22], 0x00C7	;@raw=0x00,0x22,0x00,0xC7
	sub [0x22], [0x21]	;@raw=0x13,0x22,0x21
	ret	;@raw=0x05

LABEL_A155:
	mov [0x22], 0x00AA	;@raw=0x00,0x22,0x00,0xAA
	jg [0x21], 0x6A, LABEL_A1AB	;@raw=0x0A,0x02,0x21,0x6A,0xA1,0xAB
	jg [0x21], 0x56, LABEL_A16E	;@raw=0x0A,0x02,0x21,0x56,0xA1,0x6E
	jg [0x02], 0xA5, LABEL_78B5	;@raw=0x0A,0x02,0x02,0xA5,0x78,0xB5
	jmp LABEL_A19F	;@raw=0x07,0xA1,0x9F

LABEL_A16E:
	jl [0x21], 0x62, LABEL_A18B	;@raw=0x0A,0x04,0x21,0x62,0xA1,0x8B
	jne [0xDB], 0x00, LABEL_A18B	;@raw=0x0A,0x01,0xDB,0x00,0xA1,0x8B
	mov [0x22], [0x04]	;@raw=0x01,0x22,0x04
	and [0x22], 0x0010	;@raw=0x14,0x22,0x00,0x10
	jne [0x22], 0x00, LABEL_A19F	;@raw=0x0A,0x01,0x22,0x00,0xA1,0x9F
	mov [0x22], 0x00AA	;@raw=0x00,0x22,0x00,0xAA

LABEL_A18B:
	jl [0x02], 0xAA, LABEL_A19F	;@raw=0x0A,0x04,0x02,0xAA,0xA1,0x9F
	je [HERO_POS_UP_DOWN], 0xFFFF, LABEL_A19F	;@raw=0x0A,0x40,0xE5,0xFF,0xFF,0xA1,0x9F
	jne [HERO_POS_JUMP_DOWN], 0xFFFF, LABEL_78B5	;@raw=0x0A,0x41,0xFB,0xFF,0xFF,0x78,0xB5

LABEL_A19F:
	add [0x21], 0x000A	;@raw=0x03,0x21,0x00,0x0A
	mov [0x22], 0x0037	;@raw=0x00,0x22,0x00,0x37
	add [0x22], [0x21]	;@raw=0x02,0x22,0x21
	ret	;@raw=0x05

LABEL_A1AB:
	mov [0xF8], [0xB9]	;@raw=0x01,0xF8,0xB9
	shr [0xF8], 0x0008	;@raw=0x17,0xF8,0x00,0x08
	and [0xF8], 0x0007	;@raw=0x14,0xF8,0x00,0x07
	je [0xF8], 0x00, LABEL_78B5	;@raw=0x0A,0x00,0xF8,0x00,0x78,0xB5
	je [0xF8], 0x01, LABEL_A287	;@raw=0x0A,0x00,0xF8,0x01,0xA2,0x87
	je [0xF8], 0x02, LABEL_A1F5	;@raw=0x0A,0x00,0xF8,0x02,0xA1,0xF5
	je [0xF8], 0x03, LABEL_A249	;@raw=0x0A,0x00,0xF8,0x03,0xA2,0x49
	je [0xF8], 0x04, LABEL_A1D4	;@raw=0x0A,0x00,0xF8,0x04,0xA1,0xD4

LABEL_A1D4:
	jg [0x21], 0x71, LABEL_A1EA	;@raw=0x0A,0x02,0x21,0x71,0xA1,0xEA
	sub [0x21], 0x0066	;@raw=0x03,0x21,0xFF,0x9A
	shr [0x21], 0x0001	;@raw=0x17,0x21,0x00,0x01
	mov [0x22], 0x00A3	;@raw=0x00,0x22,0x00,0xA3
	add [0x22], [0x21]	;@raw=0x02,0x22,0x21
	ret	;@raw=0x05

LABEL_A1EA:
	jg [0x21], 0xA7, LABEL_78B5	;@raw=0x0A,0x02,0x21,0xA7,0x78,0xB5
	mov [0x22], 0x012C	;@raw=0x00,0x22,0x01,0x2C
	ret	;@raw=0x05

LABEL_A1F5:
	jg [0x21], 0x73, LABEL_A207	;@raw=0x0A,0x02,0x21,0x73,0xA2,0x07
	sub [0x21], 0x0067	;@raw=0x03,0x21,0xFF,0x99
	mov [0x22], 0x00AB	;@raw=0x00,0x22,0x00,0xAB
	add [0x22], [0x21]	;@raw=0x02,0x22,0x21
	ret	;@raw=0x05

LABEL_A207:
	jg [0x21], 0x7E, LABEL_A21D	;@raw=0x0A,0x02,0x21,0x7E,0xA2,0x1D
	sub [0x21], 0x0073	;@raw=0x03,0x21,0xFF,0x8D
	shr [0x21], 0x0001	;@raw=0x17,0x21,0x00,0x01
	mov [0x22], 0x00B7	;@raw=0x00,0x22,0x00,0xB7
	add [0x22], [0x21]	;@raw=0x02,0x22,0x21
	ret	;@raw=0x05

LABEL_A21D:
	jg [0x21], 0x9F, LABEL_A233	;@raw=0x0A,0x02,0x21,0x9F,0xA2,0x33
	sub [0x21], 0x007E	;@raw=0x03,0x21,0xFF,0x82
	shr [0x21], 0x0005	;@raw=0x17,0x21,0x00,0x05
	mov [0x22], 0x00BC	;@raw=0x00,0x22,0x00,0xBC
	sub [0x22], [0x21]	;@raw=0x13,0x22,0x21
	ret	;@raw=0x05

LABEL_A233:
	jg [0x21], 0xA7, LABEL_78B5	;@raw=0x0A,0x02,0x21,0xA7,0x78,0xB5
	sub [0x21], 0x009F	;@raw=0x03,0x21,0xFF,0x61
	shl [0x21], 0x0001	;@raw=0x16,0x21,0x00,0x01
	mov [0x22], 0x00BB	;@raw=0x00,0x22,0x00,0xBB
	sub [0x22], [0x21]	;@raw=0x13,0x22,0x21
	ret	;@raw=0x05

LABEL_A249:
	jg [0x21], 0x7F, LABEL_A25B	;@raw=0x0A,0x02,0x21,0x7F,0xA2,0x5B
	sub [0x21], 0x0067	;@raw=0x03,0x21,0xFF,0x99
	mov [0x22], 0x00AB	;@raw=0x00,0x22,0x00,0xAB
	add [0x22], [0x21]	;@raw=0x02,0x22,0x21
	ret	;@raw=0x05

LABEL_A25B:
	jg [0x21], 0x9C, LABEL_A271	;@raw=0x0A,0x02,0x21,0x9C,0xA2,0x71
	sub [0x21], 0x007F	;@raw=0x03,0x21,0xFF,0x81
	shr [0x21], 0x0004	;@raw=0x17,0x21,0x00,0x04
	mov [0x22], 0x00C3	;@raw=0x00,0x22,0x00,0xC3
	add [0x22], [0x21]	;@raw=0x02,0x22,0x21
	ret	;@raw=0x05

LABEL_A271:
	jg [0x21], 0xA9, LABEL_78B5	;@raw=0x0A,0x02,0x21,0xA9,0x78,0xB5
	sub [0x21], 0x009C	;@raw=0x03,0x21,0xFF,0x64
	shl [0x21], 0x0001	;@raw=0x16,0x21,0x00,0x01
	mov [0x22], 0x00C4	;@raw=0x00,0x22,0x00,0xC4
	sub [0x22], [0x21]	;@raw=0x13,0x22,0x21
	ret	;@raw=0x05

LABEL_A287:
	jg [0x21], 0x79, LABEL_A29D	;@raw=0x0A,0x02,0x21,0x79,0xA2,0x9D
	sub [0x21], 0x006B	;@raw=0x03,0x21,0xFF,0x95
	shr [0x21], 0x0001	;@raw=0x17,0x21,0x00,0x01
	mov [0x22], 0x00A8	;@raw=0x00,0x22,0x00,0xA8
	add [0x22], [0x21]	;@raw=0x02,0x22,0x21
	ret	;@raw=0x05

LABEL_A29D:
	jg [0x21], 0x83, LABEL_A2B3	;@raw=0x0A,0x02,0x21,0x83,0xA2,0xB3
	sub [0x21], 0x0079	;@raw=0x03,0x21,0xFF,0x87
	shr [0x21], 0x0001	;@raw=0x17,0x21,0x00,0x01
	mov [0x22], 0x00AF	;@raw=0x00,0x22,0x00,0xAF
	add [0x22], [0x21]	;@raw=0x02,0x22,0x21
	ret	;@raw=0x05

LABEL_A2B3:
	jg [0x21], 0x9A, LABEL_A2BE	;@raw=0x0A,0x02,0x21,0x9A,0xA2,0xBE
	mov [0x22], 0x00B4	;@raw=0x00,0x22,0x00,0xB4
	ret	;@raw=0x05

LABEL_A2BE:
	jg [0x21], 0xA3, LABEL_78B5	;@raw=0x0A,0x02,0x21,0xA3,0x78,0xB5
	sub [0x21], 0x009A	;@raw=0x03,0x21,0xFF,0x66
	shr [0x21], 0x0002	;@raw=0x17,0x21,0x00,0x02
	mov [0x22], 0x00B4	;@raw=0x00,0x22,0x00,0xB4
	sub [0x22], [0x21]	;@raw=0x13,0x22,0x21
	ret	;@raw=0x05
	jg [0x21], 0xA7, LABEL_78B5	;@raw=0x0A,0x02,0x21,0xA7,0x78,0xB5
	sub [0x21], 0x00A3	;@raw=0x03,0x21,0xFF,0x5D
	shl [0x21], 0x0001	;@raw=0x16,0x21,0x00,0x01
	mov [0x22], 0x00B2	;@raw=0x00,0x22,0x00,0xB2
	sub [0x22], [0x21]	;@raw=0x13,0x22,0x21
	ret	;@raw=0x05

LABEL_A2EA:
	jg [0x21], 0xFFFC, LABEL_A2F6	;@raw=0x0A,0x42,0x21,0xFF,0xFC,0xA2,0xF6
	mov [0x22], 0x0018	;@raw=0x00,0x22,0x00,0x18
	ret	;@raw=0x05

LABEL_A2F6:
	jg [0x21], 0x26, LABEL_A308	;@raw=0x0A,0x02,0x21,0x26,0xA3,0x08
	add [0x21], 0x0004	;@raw=0x03,0x21,0x00,0x04
	mov [0x22], 0x0017	;@raw=0x00,0x22,0x00,0x17
	add [0x22], [0x21]	;@raw=0x02,0x22,0x21
	ret	;@raw=0x05

LABEL_A308:
	jg [0x21], 0x2E, LABEL_A31E	;@raw=0x0A,0x02,0x21,0x2E,0xA3,0x1E
	sub [0x21], 0x0026	;@raw=0x03,0x21,0xFF,0xDA
	shl [0x21], 0x0001	;@raw=0x16,0x21,0x00,0x01
	mov [0x22], 0x0041	;@raw=0x00,0x22,0x00,0x41
	add [0x22], [0x21]	;@raw=0x02,0x22,0x21
	ret	;@raw=0x05

LABEL_A31E:
	jg [0x21], 0x62, LABEL_A330	;@raw=0x0A,0x02,0x21,0x62,0xA3,0x30
	sub [0x21], 0x002E	;@raw=0x03,0x21,0xFF,0xD2
	mov [0x22], 0x0051	;@raw=0x00,0x22,0x00,0x51
	add [0x22], [0x21]	;@raw=0x02,0x22,0x21
	ret	;@raw=0x05

LABEL_A330:
	jg [0x21], 0x69, LABEL_A346	;@raw=0x0A,0x02,0x21,0x69,0xA3,0x46
	sub [0x21], 0x0062	;@raw=0x03,0x21,0xFF,0x9E
	shl [0x21], 0x0001	;@raw=0x16,0x21,0x00,0x01
	mov [0x22], 0x0085	;@raw=0x00,0x22,0x00,0x85
	add [0x22], [0x21]	;@raw=0x02,0x22,0x21
	ret	;@raw=0x05

LABEL_A346:
	jg [0x21], 0x86, LABEL_A358	;@raw=0x0A,0x02,0x21,0x86,0xA3,0x58
	sub [0x21], 0x0069	;@raw=0x03,0x21,0xFF,0x97
	mov [0x22], 0x0093	;@raw=0x00,0x22,0x00,0x93
	add [0x22], [0x21]	;@raw=0x02,0x22,0x21
	ret	;@raw=0x05

LABEL_A358:
	jg [0x21], 0xDA, LABEL_A363	;@raw=0x0A,0x02,0x21,0xDA,0xA3,0x63
	mov [0x22], 0x00B0	;@raw=0x00,0x22,0x00,0xB0
	ret	;@raw=0x05

LABEL_A363:
	jg [0x21], 0xF5, LABEL_A375	;@raw=0x0A,0x02,0x21,0xF5,0xA3,0x75
	sub [0x21], 0x00DA	;@raw=0x03,0x21,0xFF,0x26
	mov [0x22], 0x00B0	;@raw=0x00,0x22,0x00,0xB0
	sub [0x22], [0x21]	;@raw=0x13,0x22,0x21
	ret	;@raw=0x05

LABEL_A375:
	jg [0x21], 0xFE, LABEL_A38B	;@raw=0x0A,0x02,0x21,0xFE,0xA3,0x8B
	sub [0x21], 0x00F5	;@raw=0x03,0x21,0xFF,0x0B
	shl [0x21], 0x0001	;@raw=0x16,0x21,0x00,0x01
	mov [0x22], 0x0095	;@raw=0x00,0x22,0x00,0x95
	sub [0x22], [0x21]	;@raw=0x13,0x22,0x21
	ret	;@raw=0x05

LABEL_A38B:
	jg [0x21], 0x014A, LABEL_A39E	;@raw=0x0A,0x42,0x21,0x01,0x4A,0xA3,0x9E
	sub [0x21], 0x00FE	;@raw=0x03,0x21,0xFF,0x02
	mov [0x22], 0x0083	;@raw=0x00,0x22,0x00,0x83
	sub [0x22], [0x21]	;@raw=0x13,0x22,0x21
	ret	;@raw=0x05

LABEL_A39E:
	mov [0x22], 0x003E	;@raw=0x00,0x22,0x00,0x3E
	ret	;@raw=0x05

LABEL_A3A3:
	mov [0x46], 0x0007	;@raw=0x00,0x46,0x00,0x07
	mov [0x47], 0x0FA0	;@raw=0x00,0x47,0x0F,0xA0
	mov [0x42], 0x000A	;@raw=0x00,0x42,0x00,0x0A
	mov [0x43], 0x0FA0	;@raw=0x00,0x43,0x0F,0xA0
	mov [0x45], 0x0000	;@raw=0x00,0x45,0x00,0x00
	mov [0x44], 0x001E	;@raw=0x00,0x44,0x00,0x1E
	mov [0x41], 0x0028	;@raw=0x00,0x41,0x00,0x28
	mov [0x40], 0x00AC	;@raw=0x00,0x40,0x00,0xAC
	setPalette 0x01	;@raw=0x0B,0x01,0xFF
	call LABEL_9C16	;@raw=0x04,0x9C,0x16
	call LABEL_B266	;@raw=0x04,0xB2,0x66
	setup channel=0x1B, address=LABEL_1470	;@raw=0x08,0x1B,0x14,0x70
	setup channel=0x19, address=LABEL_1470	;@raw=0x08,0x19,0x14,0x70
	setup channel=0x37, address=LABEL_1F89	;@raw=0x08,0x37,0x1F,0x89
	play id=0x0066, freq=0x07, vol=0x10, channel=0x03	;@raw=0x18,0x00,0x66,0x07,0x10,0x03
	jl [0x02], 0x64, LABEL_A3EB	;@raw=0x0A,0x04,0x02,0x64,0xA3,0xEB
	mov [0x02], 0x00AC	;@raw=0x00,0x02,0x00,0xAC
	jmp LABEL_A3EF	;@raw=0x07,0xA3,0xEF

LABEL_A3EB:
	mov [0x02], 0x0097	;@raw=0x00,0x02,0x00,0x97

LABEL_A3EF:
	mov [0xF8], [0xBB]	;@raw=0x01,0xF8,0xBB
	and [0xF8], 0x0002	;@raw=0x14,0xF8,0x00,0x02
	jne [0xF8], 0x00, LABEL_A413	;@raw=0x0A,0x01,0xF8,0x00,0xA4,0x13
	or [0xBB], 0x0002	;@raw=0x15,0xBB,0x00,0x02
	deleteChannels first=0x14, last=0x16	;@raw=0x0C,0x14,0x16,0x02
	call LABEL_26AC	;@raw=0x04,0x26,0xAC
	call LABEL_344B	;@raw=0x04,0x34,0x4B
	call LABEL_33C8	;@raw=0x04,0x33,0xC8
	call LABEL_33A7	;@raw=0x04,0x33,0xA7
	jmp LABEL_B3EC	;@raw=0x07,0xB3,0xEC

LABEL_A413:
	video type=1, offset=CINEMATIC_002, x=160, y=100	;@raw=0xFE,0xC5,0xA0,0x64
	jmp LABEL_B3EC	;@raw=0x07,0xB3,0xEC
LABEL_A41A:
	db 0x11

LABEL_A41B:
	mov [0x46], 0xF060	;@raw=0x00,0x46,0xF0,0x60
	mov [0x47], 0x0FA0	;@raw=0x00,0x47,0x0F,0xA0
	mov [0x42], 0xF060	;@raw=0x00,0x42,0xF0,0x60
	mov [0x43], 0x0FA0	;@raw=0x00,0x43,0x0F,0xA0
	mov [0x45], 0x0000	;@raw=0x00,0x45,0x00,0x00
	mov [0x44], 0x0095	;@raw=0x00,0x44,0x00,0x95
	mov [0x41], 0x0096	;@raw=0x00,0x41,0x00,0x96
	mov [0x40], 0x0099	;@raw=0x00,0x40,0x00,0x99
	setPalette 0x01	;@raw=0x0B,0x01,0xFF
	call LABEL_9C22	;@raw=0x04,0x9C,0x22
	call LABEL_B266	;@raw=0x04,0xB2,0x66
	play id=0x0066, freq=0x07, vol=0x08, channel=0x03	;@raw=0x18,0x00,0x66,0x07,0x08,0x03
	mov [0xA9], 0x0053	;@raw=0x00,0xA9,0x00,0x53
	mov [0xAA], 0x2710	;@raw=0x00,0xAA,0x27,0x10
	mov [0xAB], 0x006B	;@raw=0x00,0xAB,0x00,0x6B
	mov [0xAC], 0x00CD	;@raw=0x00,0xAC,0x00,0xCD
	mov [0xAD], 0x2710	;@raw=0x00,0xAD,0x27,0x10
	mov [0xAE], 0x006B	;@raw=0x00,0xAE,0x00,0x6B
	setup channel=0x37, address=LABEL_1FDE	;@raw=0x08,0x37,0x1F,0xDE
	mov [0xF8], [0xBB]	;@raw=0x01,0xF8,0xBB
	and [0xF8], 0x000C	;@raw=0x14,0xF8,0x00,0x0C
	je [0xF8], 0x00, LABEL_A47B	;@raw=0x0A,0x00,0xF8,0x00,0xA4,0x7B
	video type=1, offset=CINEMATIC_345, x=108, y=153	;@raw=0x85,0x8C,0x6C,0x99
	video type=1, offset=CINEMATIC_344, x=108, y=157	;@raw=0xFE,0x15,0x6C,0x9D

LABEL_A47B:
	jg [0x01], 0x0140, LABEL_A4C0	;@raw=0x0A,0x42,0x01,0x01,0x40,0xA4,0xC0
	mov [0x02], [0x40]	;@raw=0x01,0x02,0x40
	jge [0x73], 0x4000, LABEL_A48F	;@raw=0x0A,0x43,0x73,0x40,0x00,0xA4,0x8F
	call LABEL_33C8	;@raw=0x04,0x33,0xC8

LABEL_A48F:
	jge [0x7B], 0x4000, LABEL_A4B9	;@raw=0x0A,0x43,0x7B,0x40,0x00,0xA4,0xB9
	call LABEL_33A7	;@raw=0x04,0x33,0xA7
	setup channel=0x27, address=LABEL_02D2	;@raw=0x08,0x27,0x02,0xD2
	mov [0xF8], [0xBB]	;@raw=0x01,0xF8,0xBB
	and [0xF8], 0x0008	;@raw=0x14,0xF8,0x00,0x08
	je [0xF8], 0x00, LABEL_A4B9	;@raw=0x0A,0x00,0xF8,0x00,0xA4,0xB9
	setup channel=0x23, address=LABEL_4170	;@raw=0x08,0x23,0x41,0x70
	setup channel=0x27, address=LABEL_4AE8	;@raw=0x08,0x27,0x4A,0xE8
	mov [0x78], 0x00C8	;@raw=0x00,0x78,0x00,0xC8
	jmp LABEL_B3EC	;@raw=0x07,0xB3,0xEC

LABEL_A4B9:
	setup channel=0x34, address=LABEL_00BC	;@raw=0x08,0x34,0x00,0xBC
	jmp LABEL_B3EC	;@raw=0x07,0xB3,0xEC

LABEL_A4C0:
	jge [0x73], 0x4000, LABEL_A4CE	;@raw=0x0A,0x43,0x73,0x40,0x00,0xA4,0xCE
	call LABEL_33C8	;@raw=0x04,0x33,0xC8
	setup channel=0x25, address=LABEL_4AE8	;@raw=0x08,0x25,0x4A,0xE8

LABEL_A4CE:
	jge [0x7B], 0x4000, LABEL_A4E0	;@raw=0x0A,0x43,0x7B,0x40,0x00,0xA4,0xE0
	call LABEL_33A7	;@raw=0x04,0x33,0xA7
	mov [0x78], 0x0089	;@raw=0x00,0x78,0x00,0x89
	setup channel=0x27, address=LABEL_4AE8	;@raw=0x08,0x27,0x4A,0xE8

LABEL_A4E0:
	mov [0x01], 0x0008	;@raw=0x00,0x01,0x00,0x08
	jg [0x02], 0xA0, LABEL_B3EC	;@raw=0x0A,0x02,0x02,0xA0,0xB3,0xEC
	jge [0x73], 0x4000, LABEL_A4F5	;@raw=0x0A,0x43,0x73,0x40,0x00,0xA4,0xF5
	setup channel=0x25, address=LABEL_0128	;@raw=0x08,0x25,0x01,0x28

LABEL_A4F5:
	jge [0x7B], 0x4000, LABEL_A500	;@raw=0x0A,0x43,0x7B,0x40,0x00,0xA5,0x00
	setup channel=0x27, address=LABEL_02EE	;@raw=0x08,0x27,0x02,0xEE

LABEL_A500:
	setup channel=0x18, address=LABEL_5C58	;@raw=0x08,0x18,0x5C,0x58
	setup channel=0x18, address=LABEL_1470	;@raw=0x08,0x18,0x14,0x70
	setup channel=0x19, address=LABEL_200D	;@raw=0x08,0x19,0x20,0x0D
	setup channel=0x1B, address=LABEL_67C2	;@raw=0x08,0x1B,0x67,0xC2
	setup channel=0x2F, address=LABEL_1470	;@raw=0x08,0x2F,0x14,0x70
	setup channel=0x35, address=LABEL_2096	;@raw=0x08,0x35,0x20,0x96
	mov [0x01], 0x0046	;@raw=0x00,0x01,0x00,0x46
	mov [0x02], 0x0095	;@raw=0x00,0x02,0x00,0x95
	jmp LABEL_B3EC	;@raw=0x07,0xB3,0xEC
LABEL_A523:
	db 0x11

LABEL_A524:
	mov [0x46], 0xF060	;@raw=0x00,0x46,0xF0,0x60
	mov [0x47], 0x0FA0	;@raw=0x00,0x47,0x0F,0xA0
	mov [0x42], 0x006E	;@raw=0x00,0x42,0x00,0x6E
	mov [0x43], 0x0FA0	;@raw=0x00,0x43,0x0F,0xA0
	mov [0x45], 0x0000	;@raw=0x00,0x45,0x00,0x00
	mov [0x44], 0x007D	;@raw=0x00,0x44,0x00,0x7D
	mov [0x41], 0x0082	;@raw=0x00,0x41,0x00,0x82
	mov [0x40], 0x008F	;@raw=0x00,0x40,0x00,0x8F
	setPalette 0x01	;@raw=0x0B,0x01,0xFF
	call LABEL_9C34	;@raw=0x04,0x9C,0x34
	call LABEL_B266	;@raw=0x04,0xB2,0x66
	setup channel=0x01, address=LABEL_1CD8	;@raw=0x08,0x01,0x1C,0xD8
	setup channel=0x03, address=LABEL_2429	;@raw=0x08,0x03,0x24,0x29
	setup channel=0x04, address=LABEL_2467	;@raw=0x08,0x04,0x24,0x67
	setup channel=0x2B, address=LABEL_2334	;@raw=0x08,0x2B,0x23,0x34
	setup channel=0x2C, address=LABEL_22F4	;@raw=0x08,0x2C,0x22,0xF4
	setup channel=0x34, address=LABEL_234D	;@raw=0x08,0x34,0x23,0x4D
	setup channel=0x35, address=LABEL_2402	;@raw=0x08,0x35,0x24,0x02
	setup channel=0x36, address=LABEL_2393	;@raw=0x08,0x36,0x23,0x93
	setup channel=0x37, address=LABEL_23EA	;@raw=0x08,0x37,0x23,0xEA
	setup channel=0x38, address=LABEL_237B	;@raw=0x08,0x38,0x23,0x7B
	setup channel=0x39, address=LABEL_21D9	;@raw=0x08,0x39,0x21,0xD9
	jmp LABEL_B3EC	;@raw=0x07,0xB3,0xEC
LABEL_A57C:
	db 0x11

LABEL_A57D:
	mov [0x46], 0xFFFB	;@raw=0x00,0x46,0xFF,0xFB
	mov [0x47], 0x0FA0	;@raw=0x00,0x47,0x0F,0xA0
	mov [0x42], 0xFFFB	;@raw=0x00,0x42,0xFF,0xFB
	mov [0x43], 0x0FA0	;@raw=0x00,0x43,0x0F,0xA0
	mov [0x45], 0x0000	;@raw=0x00,0x45,0x00,0x00
	mov [0x44], 0x0032	;@raw=0x00,0x44,0x00,0x32
	mov [0x41], 0x0028	;@raw=0x00,0x41,0x00,0x28
	mov [0x40], 0x0062	;@raw=0x00,0x40,0x00,0x62
	setPalette 0x01	;@raw=0x0B,0x01,0xFF
	call LABEL_9DC3	;@raw=0x04,0x9D,0xC3
	call LABEL_B266	;@raw=0x04,0xB2,0x66
	setup channel=0x35, address=LABEL_1EF2	;@raw=0x08,0x35,0x1E,0xF2
	setup channel=0x2D, address=LABEL_1470	;@raw=0x08,0x2D,0x14,0x70
	setup channel=0x1D, address=LABEL_1470	;@raw=0x08,0x1D,0x14,0x70
	setup channel=0x0F, address=LABEL_1470	;@raw=0x08,0x0F,0x14,0x70
	setup channel=0x36, address=LABEL_2C05	;@raw=0x08,0x36,0x2C,0x05
	setup channel=0x02, address=LABEL_2172	;@raw=0x08,0x02,0x21,0x72
	setup channel=0x01, address=LABEL_3F6C	;@raw=0x08,0x01,0x3F,0x6C
	mov [0xEF], 0x0005	;@raw=0x00,0xEF,0x00,0x05
	play id=0x0066, freq=0x07, vol=0x10, channel=0x03	;@raw=0x18,0x00,0x66,0x07,0x10,0x03
	jmp LABEL_B3EC	;@raw=0x07,0xB3,0xEC
LABEL_A5CF:
	db 0x11

LABEL_A5D0:
	mov [0x46], 0xF060	;@raw=0x00,0x46,0xF0,0x60
	mov [0x47], 0x0FA0	;@raw=0x00,0x47,0x0F,0xA0
	mov [0x42], 0xF060	;@raw=0x00,0x42,0xF0,0x60
	mov [0x43], 0x0FA0	;@raw=0x00,0x43,0x0F,0xA0
	mov [0x45], 0x0000	;@raw=0x00,0x45,0x00,0x00
	mov [0x44], 0x0032	;@raw=0x00,0x44,0x00,0x32
	mov [0x41], 0x0028	;@raw=0x00,0x41,0x00,0x28
	mov [0x40], 0x0062	;@raw=0x00,0x40,0x00,0x62
	setPalette 0x01	;@raw=0x0B,0x01,0xFF
	call LABEL_9E1F	;@raw=0x04,0x9E,0x1F
	call LABEL_B266	;@raw=0x04,0xB2,0x66
	setup channel=0x07, address=LABEL_2500	;@raw=0x08,0x07,0x25,0x00
	jmp LABEL_B3EC	;@raw=0x07,0xB3,0xEC
	killChannel	;@raw=0x11
	mov [0x46], 0xF060	;@raw=0x00,0x46,0xF0,0x60
	mov [0x47], 0x0FA0	;@raw=0x00,0x47,0x0F,0xA0
	mov [0x42], 0x0060	;@raw=0x00,0x42,0x00,0x60
	mov [0x43], 0x0FA0	;@raw=0x00,0x43,0x0F,0xA0
	mov [0x45], 0x0000	;@raw=0x00,0x45,0x00,0x00
	mov [0x44], 0x0032	;@raw=0x00,0x44,0x00,0x32
	mov [0x41], 0x0028	;@raw=0x00,0x41,0x00,0x28
	mov [0x40], 0x0062	;@raw=0x00,0x40,0x00,0x62
	setPalette 0x01	;@raw=0x0B,0x01,0xFF
	call JUNK__9DD7	;@raw=0x04,0x9D,0xD7
	call LABEL_B266	;@raw=0x04,0xB2,0x66
	setup channel=0x01, address=LABEL_3F6C	;@raw=0x08,0x01,0x3F,0x6C
	jmp LABEL_B3EC	;@raw=0x07,0xB3,0xEC
LABEL_A631:
	db 0x11

LABEL_A632:
	mov [0x46], 0xF060	;@raw=0x00,0x46,0xF0,0x60
	mov [0x47], 0x0FA0	;@raw=0x00,0x47,0x0F,0xA0
	mov [0x42], 0xF060	;@raw=0x00,0x42,0xF0,0x60
	mov [0x43], 0x0FA0	;@raw=0x00,0x43,0x0F,0xA0
	mov [0x45], 0x0000	;@raw=0x00,0x45,0x00,0x00
	mov [0x44], 0x0032	;@raw=0x00,0x44,0x00,0x32
	mov [0x41], 0x0028	;@raw=0x00,0x41,0x00,0x28
	mov [0x40], 0x00B5	;@raw=0x00,0x40,0x00,0xB5
	setPalette 0x01	;@raw=0x0B,0x01,0xFF
	call LABEL_9E0B	;@raw=0x04,0x9E,0x0B
	call LABEL_B266	;@raw=0x04,0xB2,0x66
	setup channel=0x01, address=LABEL_3F6C	;@raw=0x08,0x01,0x3F,0x6C
	jmp LABEL_B3EC	;@raw=0x07,0xB3,0xEC

LABEL_A662:
	mov [0x46], 0xF060	;@raw=0x00,0x46,0xF0,0x60
	mov [0x47], 0x0FA0	;@raw=0x00,0x47,0x0F,0xA0
	mov [0x42], 0xF060	;@raw=0x00,0x42,0xF0,0x60
	mov [0x43], 0x0FA0	;@raw=0x00,0x43,0x0F,0xA0
	mov [0x45], 0x0000	;@raw=0x00,0x45,0x00,0x00
	mov [0x44], 0x0032	;@raw=0x00,0x44,0x00,0x32
	mov [0x41], 0x0028	;@raw=0x00,0x41,0x00,0x28
	mov [0x40], 0x0062	;@raw=0x00,0x40,0x00,0x62
	setPalette 0x01	;@raw=0x0B,0x01,0xFF
	call LABEL_9DF3	;@raw=0x04,0x9D,0xF3
	call LABEL_B266	;@raw=0x04,0xB2,0x66
	setup channel=0x36, address=LABEL_3E0B	;@raw=0x08,0x36,0x3E,0x0B
	add [0x68], 0x0019	;@raw=0x03,0x68,0x00,0x19
	setup channel=0x01, address=LABEL_3F6C	;@raw=0x08,0x01,0x3F,0x6C
	jmp LABEL_B3EC	;@raw=0x07,0xB3,0xEC

LABEL_A69A:
	mov [0x46], 0xF060	;@raw=0x00,0x46,0xF0,0x60
	mov [0x47], 0x0101	;@raw=0x00,0x47,0x01,0x01
	mov [0x42], 0xF060	;@raw=0x00,0x42,0xF0,0x60
	mov [0x43], 0x00AA	;@raw=0x00,0x43,0x00,0xAA
	mov [0x45], 0x0000	;@raw=0x00,0x45,0x00,0x00
	mov [0x44], 0x005A	;@raw=0x00,0x44,0x00,0x5A
	mov [0x41], 0x0064	;@raw=0x00,0x41,0x00,0x64
	mov [0x40], 0x00AC	;@raw=0x00,0x40,0x00,0xAC
	setPalette 0x04	;@raw=0x0B,0x04,0xFF
	call LABEL_9EC1	;@raw=0x04,0x9E,0xC1
	call LABEL_B266	;@raw=0x04,0xB2,0x66
	setup channel=0x36, address=LABEL_035A	;@raw=0x08,0x36,0x03,0x5A
	setup channel=0x37, address=LABEL_1F80	;@raw=0x08,0x37,0x1F,0x80
	setup channel=0x01, address=LABEL_3FBA	;@raw=0x08,0x01,0x3F,0xBA
	mov [0x69], 0x00AC	;@raw=0x00,0x69,0x00,0xAC
	jmp LABEL_B3EC	;@raw=0x07,0xB3,0xEC
	mov [0x46], 0xF060	;@raw=0x00,0x46,0xF0,0x60
	mov [0x47], 0x0FA0	;@raw=0x00,0x47,0x0F,0xA0
	mov [0x42], 0xF060	;@raw=0x00,0x42,0xF0,0x60
	mov [0x43], 0x0FA0	;@raw=0x00,0x43,0x0F,0xA0
	mov [0x45], 0x0000	;@raw=0x00,0x45,0x00,0x00
	mov [0x44], 0x0032	;@raw=0x00,0x44,0x00,0x32
	mov [0x41], 0x0028	;@raw=0x00,0x41,0x00,0x28
	mov [0x40], 0x0062	;@raw=0x00,0x40,0x00,0x62
	setPalette 0x01	;@raw=0x0B,0x01,0xFF
	call LABEL_9DF3	;@raw=0x04,0x9D,0xF3
	call LABEL_B266	;@raw=0x04,0xB2,0x66
	setup channel=0x01, address=LABEL_3F6C	;@raw=0x08,0x01,0x3F,0x6C
	jmp LABEL_B3EC	;@raw=0x07,0xB3,0xEC

LABEL_A706:
	mov [0x46], 0xF060	;@raw=0x00,0x46,0xF0,0x60
	mov [0x47], 0x0FA0	;@raw=0x00,0x47,0x0F,0xA0
	mov [0x42], 0xF060	;@raw=0x00,0x42,0xF0,0x60
	mov [0x43], 0x0FA0	;@raw=0x00,0x43,0x0F,0xA0
	mov [0x45], 0x0000	;@raw=0x00,0x45,0x00,0x00
	mov [0x44], 0x0032	;@raw=0x00,0x44,0x00,0x32
	mov [0x41], 0x0028	;@raw=0x00,0x41,0x00,0x28
	mov [0x40], 0x0062	;@raw=0x00,0x40,0x00,0x62
	setPalette 0x01	;@raw=0x0B,0x01,0xFF
	call LABEL_9E1F	;@raw=0x04,0x9E,0x1F
	call LABEL_B266	;@raw=0x04,0xB2,0x66
	setup channel=0x01, address=LABEL_3FBA	;@raw=0x08,0x01,0x3F,0xBA
	jmp LABEL_B3EC	;@raw=0x07,0xB3,0xEC
	mov [0x46], 0xFFFB	;@raw=0x00,0x46,0xFF,0xFB
	mov [0x47], 0x0FA0	;@raw=0x00,0x47,0x0F,0xA0
	mov [0x42], 0xFFFB	;@raw=0x00,0x42,0xFF,0xFB
	mov [0x43], 0x0FA0	;@raw=0x00,0x43,0x0F,0xA0
	mov [0x45], 0x0000	;@raw=0x00,0x45,0x00,0x00
	mov [0x44], 0x0032	;@raw=0x00,0x44,0x00,0x32
	mov [0x41], 0x0028	;@raw=0x00,0x41,0x00,0x28
	mov [0x40], 0x0062	;@raw=0x00,0x40,0x00,0x62
	setPalette 0x01	;@raw=0x0B,0x01,0xFF
	call LABEL_9DC3	;@raw=0x04,0x9D,0xC3
	call LABEL_B266	;@raw=0x04,0xB2,0x66
	setup channel=0x35, address=LABEL_1EF2	;@raw=0x08,0x35,0x1E,0xF2
	setup channel=0x2D, address=LABEL_1470	;@raw=0x08,0x2D,0x14,0x70
	setup channel=0x1D, address=LABEL_1470	;@raw=0x08,0x1D,0x14,0x70
	setup channel=0x0F, address=LABEL_1470	;@raw=0x08,0x0F,0x14,0x70
	setup channel=0x36, address=LABEL_2C05	;@raw=0x08,0x36,0x2C,0x05
	setup channel=0x02, address=LABEL_2172	;@raw=0x08,0x02,0x21,0x72
	setup channel=0x01, address=LABEL_3F6C	;@raw=0x08,0x01,0x3F,0x6C
	mov [0xEF], 0x0005	;@raw=0x00,0xEF,0x00,0x05
	play id=0x0066, freq=0x07, vol=0x10, channel=0x03	;@raw=0x18,0x00,0x66,0x07,0x10,0x03
	jmp LABEL_B3EC	;@raw=0x07,0xB3,0xEC
LABEL_A788:
	db 0x11

LABEL_A789:
	mov [0x46], 0x0007	;@raw=0x00,0x46,0x00,0x07
	mov [0x47], 0x0FA0	;@raw=0x00,0x47,0x0F,0xA0
	mov [0x42], 0xF060	;@raw=0x00,0x42,0xF0,0x60
	mov [0x43], 0x0FA0	;@raw=0x00,0x43,0x0F,0xA0
	mov [0x45], 0x0000	;@raw=0x00,0x45,0x00,0x00
	mov [0x44], 0x0050	;@raw=0x00,0x44,0x00,0x50
	mov [0x41], 0x0055	;@raw=0x00,0x41,0x00,0x55
	mov [0x40], 0x0062	;@raw=0x00,0x40,0x00,0x62
	play id=0x0066, freq=0x07, vol=0x10, channel=0x03	;@raw=0x18,0x00,0x66,0x07,0x10,0x03
	setPalette 0x01	;@raw=0x0B,0x01,0xFF
	call LABEL_9E37	;@raw=0x04,0x9E,0x37
	call LABEL_B266	;@raw=0x04,0xB2,0x66
	setup channel=0x19, address=LABEL_1470	;@raw=0x08,0x19,0x14,0x70
	setup channel=0x1B, address=LABEL_1470	;@raw=0x08,0x1B,0x14,0x70
	setup channel=0x37, address=LABEL_1FC7	;@raw=0x08,0x37,0x1F,0xC7
	jg [0x02], 0x96, LABEL_A7D3	;@raw=0x0A,0x02,0x02,0x96,0xA7,0xD3
	jl [0x02], 0x82, LABEL_A7D3	;@raw=0x0A,0x04,0x02,0x82,0xA7,0xD3
	mov [0x02], [0x44]	;@raw=0x01,0x02,0x44

LABEL_A7D3:
	mov [0xF8], [0xBB]	;@raw=0x01,0xF8,0xBB
	and [0xF8], 0x0008	;@raw=0x14,0xF8,0x00,0x08
	je [0xF8], 0x00, LABEL_B3EC	;@raw=0x0A,0x00,0xF8,0x00,0xB3,0xEC
	jge [0x7B], 0x4000, LABEL_B3EC	;@raw=0x0A,0x43,0x7B,0x40,0x00,0xB3,0xEC
	setup channel=0x23, address=LABEL_1470	;@raw=0x08,0x23,0x14,0x70
	jmp LABEL_B3EC	;@raw=0x07,0xB3,0xEC
LABEL_A7EE:
	db 0x11

LABEL_A7EF:
	mov [0x46], 0xF060	;@raw=0x00,0x46,0xF0,0x60
	mov [0x47], 0x0FA0	;@raw=0x00,0x47,0x0F,0xA0
	mov [0x42], 0xF060	;@raw=0x00,0x42,0xF0,0x60
	mov [0x43], 0x0FA0	;@raw=0x00,0x43,0x0F,0xA0
	mov [0x45], 0x0000	;@raw=0x00,0x45,0x00,0x00
	mov [0x44], 0x0032	;@raw=0x00,0x44,0x00,0x32
	mov [0x41], 0x0028	;@raw=0x00,0x41,0x00,0x28
	mov [0x40], 0x0062	;@raw=0x00,0x40,0x00,0x62
	play id=0x0066, freq=0x07, vol=0x08, channel=0x03	;@raw=0x18,0x00,0x66,0x07,0x08,0x03
	setPalette 0x01	;@raw=0x0B,0x01,0xFF
	call LABEL_9E59	;@raw=0x04,0x9E,0x59
	call LABEL_B266	;@raw=0x04,0xB2,0x66
	mov [0xF8], [0xB9]	;@raw=0x01,0xF8,0xB9
	and [0xF8], 0x0010	;@raw=0x14,0xF8,0x00,0x10
	setup channel=0x37, address=LABEL_2005	;@raw=0x08,0x37,0x20,0x05
	jne [0xF8], 0x00, LABEL_B3EC	;@raw=0x0A,0x01,0xF8,0x00,0xB3,0xEC
	setup channel=0x04, address=LABEL_39DA	;@raw=0x08,0x04,0x39,0xDA
	jmp LABEL_B3EC	;@raw=0x07,0xB3,0xEC
LABEL_A836:
	db 0x11

LABEL_A837:
	mov [0x46], 0xF060	;@raw=0x00,0x46,0xF0,0x60
	mov [0x47], 0x001E	;@raw=0x00,0x47,0x00,0x1E
	mov [0x42], 0xF060	;@raw=0x00,0x42,0xF0,0x60
	mov [0x43], 0x001E	;@raw=0x00,0x43,0x00,0x1E
	mov [0x45], 0x0000	;@raw=0x00,0x45,0x00,0x00
	mov [0x44], 0x0062	;@raw=0x00,0x44,0x00,0x62
	mov [0x41], 0x0062	;@raw=0x00,0x41,0x00,0x62
	mov [0x40], 0x00B4	;@raw=0x00,0x40,0x00,0xB4
	setPalette 0x01	;@raw=0x0B,0x01,0xFF
	call LABEL_9E85	;@raw=0x04,0x9E,0x85
	call LABEL_B266	;@raw=0x04,0xB2,0x66
	setup channel=0x37, address=LABEL_1F77	;@raw=0x08,0x37,0x1F,0x77
	jg [0x01], 0x0140, LABEL_B3EC	;@raw=0x0A,0x42,0x01,0x01,0x40,0xB3,0xEC
	mov [0x46], 0x0052	;@raw=0x00,0x46,0x00,0x52
	mov [0x47], 0x0FA0	;@raw=0x00,0x47,0x0F,0xA0
	mov [0x42], 0x008B	;@raw=0x00,0x42,0x00,0x8B
	mov [0x41], 0x0062	;@raw=0x00,0x41,0x00,0x62
	mov [0x43], 0x0FA0	;@raw=0x00,0x43,0x0F,0xA0
	mov [0x40], 0x007F	;@raw=0x00,0x40,0x00,0x7F
	jmp LABEL_B3EC	;@raw=0x07,0xB3,0xEC

LABEL_A886:
	mov [0x46], 0xF060	;@raw=0x00,0x46,0xF0,0x60
	mov [0x47], 0x0FA0	;@raw=0x00,0x47,0x0F,0xA0
	mov [0x42], 0xF060	;@raw=0x00,0x42,0xF0,0x60
	mov [0x43], 0x0FA0	;@raw=0x00,0x43,0x0F,0xA0
	mov [0x45], 0xFFE2	;@raw=0x00,0x45,0xFF,0xE2
	mov [0x44], 0xFFE2	;@raw=0x00,0x44,0xFF,0xE2
	mov [0x41], 0xFFE2	;@raw=0x00,0x41,0xFF,0xE2
	mov [0x40], 0x00A8	;@raw=0x00,0x40,0x00,0xA8
	setPalette 0x04	;@raw=0x0B,0x04,0xFF
	call LABEL_9E8D	;@raw=0x04,0x9E,0x8D
	call LABEL_B266	;@raw=0x04,0xB2,0x66
	mov [0xE6], 0x0000	;@raw=0x00,0xE6,0x00,0x00
	play id=0x0066, freq=0x07, vol=0x00, channel=0x03	;@raw=0x18,0x00,0x66,0x07,0x00,0x03
	jl [0x01], 0x00, LABEL_A8CA	;@raw=0x0A,0x04,0x01,0x00,0xA8,0xCA
	video type=1, offset=CINEMATIC_324, x=160, y=100	;@raw=0xEF,0x2B,0xA0,0x64
	mov [0x43], 0x0125	;@raw=0x00,0x43,0x01,0x25
	jmp LABEL_A8E3	;@raw=0x07,0xA8,0xE3

LABEL_A8CA:
	setup channel=0x05, address=LABEL_050D	;@raw=0x08,0x05,0x05,0x0D
	setup channel=0x06, address=LABEL_053B	;@raw=0x08,0x06,0x05,0x3B
	mov [0xF8], [0xB9]	;@raw=0x01,0xF8,0xB9
	and [0xF8], 0x0800	;@raw=0x14,0xF8,0x08,0x00
	jne [0xF8], 0x00, LABEL_A8E3	;@raw=0x0A,0x01,0xF8,0x00,0xA8,0xE3
	setup channel=0x23, address=LABEL_3911	;@raw=0x08,0x23,0x39,0x11

LABEL_A8E3:
	jl [0x01], 0xC8, LABEL_A903	;@raw=0x0A,0x04,0x01,0xC8,0xA9,0x03
	jg [0x01], 0xF0, LABEL_A90D	;@raw=0x0A,0x02,0x01,0xF0,0xA9,0x0D
	mov [0xF8], [0xB9]	;@raw=0x01,0xF8,0xB9
	and [0xF8], 0x0020	;@raw=0x14,0xF8,0x00,0x20
	je [0xF8], 0x00, LABEL_A90D	;@raw=0x0A,0x00,0xF8,0x00,0xA9,0x0D
	mov [0x01], 0x00D3	;@raw=0x00,0x01,0x00,0xD3
	jmp LABEL_A90D	;@raw=0x07,0xA9,0x0D

LABEL_A903:
	jl [0x01], 0xBE, LABEL_A90D	;@raw=0x0A,0x04,0x01,0xBE,0xA9,0x0D
	mov [0x01], 0x00BE	;@raw=0x00,0x01,0x00,0xBE

LABEL_A90D:
	setup channel=0x37, address=LABEL_3A7F	;@raw=0x08,0x37,0x3A,0x7F
	mov [0xF8], [0xB9]	;@raw=0x01,0xF8,0xB9
	and [0xF8], 0x0008	;@raw=0x14,0xF8,0x00,0x08
	jne [0xF8], 0x00, LABEL_B3EC	;@raw=0x0A,0x01,0xF8,0x00,0xB3,0xEC
	setup channel=0x04, address=LABEL_39E3	;@raw=0x08,0x04,0x39,0xE3
	setup channel=0x37, address=LABEL_39EC	;@raw=0x08,0x37,0x39,0xEC
	jmp LABEL_B3EC	;@raw=0x07,0xB3,0xEC
LABEL_A929:
	db 0x11

LABEL_A92A:
	mov [0x46], 0x00A3	;@raw=0x00,0x46,0x00,0xA3
	mov [0x47], 0x011C	;@raw=0x00,0x47,0x01,0x1C
	mov [0x42], 0x00A3	;@raw=0x00,0x42,0x00,0xA3
	mov [0x43], 0x011C	;@raw=0x00,0x43,0x01,0x1C
	mov [0x45], 0xFFE2	;@raw=0x00,0x45,0xFF,0xE2
	mov [0x44], 0xFFE2	;@raw=0x00,0x44,0xFF,0xE2
	mov [0x41], 0xFFE2	;@raw=0x00,0x41,0xFF,0xE2
	mov [0x40], 0x00FA	;@raw=0x00,0x40,0x00,0xFA
	setPalette 0x01	;@raw=0x0B,0x01,0xFF
	call LABEL_9EA5	;@raw=0x04,0x9E,0xA5
	call LABEL_B266	;@raw=0x04,0xB2,0x66
	jmp LABEL_B3EC	;@raw=0x07,0xB3,0xEC
LABEL_A956:
	db 0x11

LABEL_A957:
	mov [0x46], 0x00A3	;@raw=0x00,0x46,0x00,0xA3
	mov [0x47], 0x011C	;@raw=0x00,0x47,0x01,0x1C
	mov [0x42], 0x00A3	;@raw=0x00,0x42,0x00,0xA3
	mov [0x43], 0x011C	;@raw=0x00,0x43,0x01,0x1C
	mov [0x45], 0xFFE2	;@raw=0x00,0x45,0xFF,0xE2
	mov [0x44], 0xFFE2	;@raw=0x00,0x44,0xFF,0xE2
	mov [0x41], 0xFFE2	;@raw=0x00,0x41,0xFF,0xE2
	mov [0x40], 0x00FA	;@raw=0x00,0x40,0x00,0xFA
	setPalette 0x01	;@raw=0x0B,0x01,0xFF
	call LABEL_9EB1	;@raw=0x04,0x9E,0xB1
	call LABEL_B266	;@raw=0x04,0xB2,0x66
	jmp LABEL_B3EC	;@raw=0x07,0xB3,0xEC

LABEL_A983:
	mov [0x46], 0x00A3	;@raw=0x00,0x46,0x00,0xA3
	mov [0x47], 0x011C	;@raw=0x00,0x47,0x01,0x1C
	mov [0x42], 0xF060	;@raw=0x00,0x42,0xF0,0x60
	mov [0x43], 0x0FA0	;@raw=0x00,0x43,0x0F,0xA0
	mov [0x45], 0xFFE2	;@raw=0x00,0x45,0xFF,0xE2
	mov [0x44], 0xFFE2	;@raw=0x00,0x44,0xFF,0xE2
	mov [0x41], 0xFFE2	;@raw=0x00,0x41,0xFF,0xE2
	mov [0x40], 0x00A1	;@raw=0x00,0x40,0x00,0xA1
	setPalette 0x01	;@raw=0x0B,0x01,0xFF
	call LABEL_9ECE	;@raw=0x04,0x9E,0xCE
	call LABEL_B266	;@raw=0x04,0xB2,0x66
	jl [0x02], 0xC8, LABEL_A9B9	;@raw=0x0A,0x04,0x02,0xC8,0xA9,0xB9
	setup channel=0x14, address=LABEL_70E2	;@raw=0x08,0x14,0x70,0xE2
	jmp LABEL_B3EC	;@raw=0x07,0xB3,0xEC

LABEL_A9B9:
	setup channel=0x03, address=LABEL_3D70	;@raw=0x08,0x03,0x3D,0x70
	setup channel=0x01, address=LABEL_3BC9	;@raw=0x08,0x01,0x3B,0xC9
	jmp LABEL_B3EC	;@raw=0x07,0xB3,0xEC

LABEL_A9C4:
	deleteChannels first=0x00, last=0x3B	;@raw=0x0C,0x00,0x3B,0x02
	deleteChannels first=0x3D, last=0x3F	;@raw=0x0C,0x3D,0x3F,0x02
	copyVideoPage src=0x03, dst=0x00	;@raw=0x0F,0x03,0x00
	setup channel=0x04, address=LABEL_1A72	;@raw=0x08,0x04,0x1A,0x72
	jmp LABEL_B3EC	;@raw=0x07,0xB3,0xEC

LABEL_A9D6:
	mov [0x46], 0xF060	;@raw=0x00,0x46,0xF0,0x60
	mov [0x47], 0x0FA0	;@raw=0x00,0x47,0x0F,0xA0
	mov [0x42], 0xF060	;@raw=0x00,0x42,0xF0,0x60
	mov [0x43], 0x0FA0	;@raw=0x00,0x43,0x0F,0xA0
	mov [0x45], 0x0000	;@raw=0x00,0x45,0x00,0x00
	mov [0x44], 0x0032	;@raw=0x00,0x44,0x00,0x32
	mov [0x41], 0x0028	;@raw=0x00,0x41,0x00,0x28
	mov [0x40], 0x009D	;@raw=0x00,0x40,0x00,0x9D
	setPalette 0x0B	;@raw=0x0B,0x0B,0xFF
	call LABEL_9C3E	;@raw=0x04,0x9C,0x3E
	call LABEL_B266	;@raw=0x04,0xB2,0x66
	mov [0x32], 0x0001	;@raw=0x00,0x32,0x00,0x01
	deleteChannels first=0x14, last=0x16	;@raw=0x0C,0x14,0x16,0x02
	call LABEL_346F	;@raw=0x04,0x34,0x6F
	setup channel=0x37, address=LABEL_1843	;@raw=0x08,0x37,0x18,0x43
	mov [PAUSE_SLICES], 0x0006	;@raw=0x00,0xFF,0x00,0x06
	play id=0x0066, freq=0x05, vol=0x0F, channel=0x03	;@raw=0x18,0x00,0x66,0x05,0x0F,0x03
	play id=0x0066, freq=0x07, vol=0x0A, channel=0x02	;@raw=0x18,0x00,0x66,0x07,0x0A,0x02
	jmp LABEL_B3EC	;@raw=0x07,0xB3,0xEC
LABEL_AA21:
	db 0x11

LABEL_AA22:
	mov [0x46], 0x005A	;@raw=0x00,0x46,0x00,0x5A
	mov [0x47], 0x011B	;@raw=0x00,0x47,0x01,0x1B
	mov [0x42], 0x005A	;@raw=0x00,0x42,0x00,0x5A
	mov [0x43], 0x011B	;@raw=0x00,0x43,0x01,0x1B
	mov [0x45], 0x0000	;@raw=0x00,0x45,0x00,0x00
	mov [0x44], 0x0032	;@raw=0x00,0x44,0x00,0x32
	mov [0x41], 0x0028	;@raw=0x00,0x41,0x00,0x28
	mov [0x40], 0x009D	;@raw=0x00,0x40,0x00,0x9D
	setPalette 0x0C	;@raw=0x0B,0x0C,0xFF
	call LABEL_9C52	;@raw=0x04,0x9C,0x52
	call LABEL_B266	;@raw=0x04,0xB2,0x66
	setup channel=0x16, address=LABEL_17D4	;@raw=0x08,0x16,0x17,0xD4
	mov [0x01], 0x00A0	;@raw=0x00,0x01,0x00,0xA0
	mov [0x02], 0x009D	;@raw=0x00,0x02,0x00,0x9D
	mov [0x2A], 0x000F	;@raw=0x00,0x2A,0x00,0x0F
	setup channel=0x14, address=LABEL_1A6D	;@raw=0x08,0x14,0x1A,0x6D
	jmp LABEL_B3EC	;@raw=0x07,0xB3,0xEC
LABEL_AA62:
	db 0x11

LABEL_AA63:
	mov [0x46], 0xF060	;@raw=0x00,0x46,0xF0,0x60
	mov [0x47], 0x0FA0	;@raw=0x00,0x47,0x0F,0xA0
	mov [0x42], 0xF060	;@raw=0x00,0x42,0xF0,0x60
	mov [0x43], 0x0FA0	;@raw=0x00,0x43,0x0F,0xA0
	mov [0x45], 0xFFE2	;@raw=0x00,0x45,0xFF,0xE2
	mov [0x44], 0xFFE2	;@raw=0x00,0x44,0xFF,0xE2
	mov [0x41], 0xFFE2	;@raw=0x00,0x41,0xFF,0xE2
	mov [0x40], 0x00B0	;@raw=0x00,0x40,0x00,0xB0
	setPalette 0x11	;@raw=0x0B,0x11,0xFF
	call LABEL_9C8B	;@raw=0x04,0x9C,0x8B
	call LABEL_B266	;@raw=0x04,0xB2,0x66
	jmp LABEL_B3EC	;@raw=0x07,0xB3,0xEC
	killChannel	;@raw=0x11
	mov [0x46], 0xF060	;@raw=0x00,0x46,0xF0,0x60
	mov [0x47], 0x0FA0	;@raw=0x00,0x47,0x0F,0xA0
	mov [0x42], 0xF060	;@raw=0x00,0x42,0xF0,0x60
	mov [0x43], 0x0FA0	;@raw=0x00,0x43,0x0F,0xA0
	mov [0x45], 0xFFE2	;@raw=0x00,0x45,0xFF,0xE2
	mov [0x44], 0xFFE2	;@raw=0x00,0x44,0xFF,0xE2
	mov [0x41], 0xFFE2	;@raw=0x00,0x41,0xFF,0xE2
	mov [0x40], 0x00B0	;@raw=0x00,0x40,0x00,0xB0
	setPalette 0x11	;@raw=0x0B,0x11,0xFF
	setup channel=0x3C, address=LABEL_2E2D	;@raw=0x08,0x3C,0x2E,0x2D
	call LABEL_9CA7	;@raw=0x04,0x9C,0xA7
	call LABEL_B266	;@raw=0x04,0xB2,0x66
	jmp LABEL_B3EC	;@raw=0x07,0xB3,0xEC
LABEL_AAC0:
	db 0x11

LABEL_AAC1:
	mov [0x46], 0x0018	;@raw=0x00,0x46,0x00,0x18
	mov [0x47], 0x013A	;@raw=0x00,0x47,0x01,0x3A
	mov [0x42], 0x00A5	;@raw=0x00,0x42,0x00,0xA5
	mov [0x43], 0x010F	;@raw=0x00,0x43,0x01,0x0F
	mov [0x45], 0xFFE2	;@raw=0x00,0x45,0xFF,0xE2
	mov [0x44], 0xFFE2	;@raw=0x00,0x44,0xFF,0xE2
	mov [0x41], 0xFFE2	;@raw=0x00,0x41,0xFF,0xE2
	mov [0x40], 0x00C1	;@raw=0x00,0x40,0x00,0xC1
	mov [0x50], 0x00C1	;@raw=0x00,0x50,0x00,0xC1
	mov [0x51], 0xFFCE	;@raw=0x00,0x51,0xFF,0xCE
	mov [0x52], 0x00C1	;@raw=0x00,0x52,0x00,0xC1
	setPalette 0x13	;@raw=0x0B,0x13,0xFF
	call LABEL_9C9F	;@raw=0x04,0x9C,0x9F
	call LABEL_B266	;@raw=0x04,0xB2,0x66
	setup channel=0x37, address=LABEL_1F64	;@raw=0x08,0x37,0x1F,0x64
	mov [0xF8], [0xB9]	;@raw=0x01,0xF8,0xB9
	and [0xF8], 0x0001	;@raw=0x14,0xF8,0x00,0x01
	setup channel=0x3C, address=LABEL_2E43	;@raw=0x08,0x3C,0x2E,0x43
	jne [0xF8], 0x00, LABEL_B3EC	;@raw=0x0A,0x01,0xF8,0x00,0xB3,0xEC
	setup channel=0x3C, address=LABEL_2E43	;@raw=0x08,0x3C,0x2E,0x43
	setup channel=0x02, address=LABEL_0C0E	;@raw=0x08,0x02,0x0C,0x0E
	jmp LABEL_B3EC	;@raw=0x07,0xB3,0xEC

LABEL_AB16:
	mov [0x46], 0xF060	;@raw=0x00,0x46,0xF0,0x60
	mov [0x47], 0x0FA0	;@raw=0x00,0x47,0x0F,0xA0
	mov [0x42], 0x003C	;@raw=0x00,0x42,0x00,0x3C
	mov [0x43], 0x0FA0	;@raw=0x00,0x43,0x0F,0xA0
	mov [0x45], 0xFFE2	;@raw=0x00,0x45,0xFF,0xE2
	mov [0x44], 0xFFE2	;@raw=0x00,0x44,0xFF,0xE2
	mov [0x41], 0xFFE2	;@raw=0x00,0x41,0xFF,0xE2
	mov [0x40], 0x00C4	;@raw=0x00,0x40,0x00,0xC4
	mov [0xB8], 0x0006	;@raw=0x00,0xB8,0x00,0x06
	setPalette 0x13	;@raw=0x0B,0x13,0xFF
	setup channel=0x3C, address=LABEL_2E2D	;@raw=0x08,0x3C,0x2E,0x2D
	call LABEL_9C8B	;@raw=0x04,0x9C,0x8B
	call LABEL_B266	;@raw=0x04,0xB2,0x66
	setup channel=0x02, address=LABEL_0C0E	;@raw=0x08,0x02,0x0C,0x0E
	setup channel=0x37, address=LABEL_1F55	;@raw=0x08,0x37,0x1F,0x55
	mov [0xF8], [0xB9]	;@raw=0x01,0xF8,0xB9
	and [0xF8], 0x0001	;@raw=0x14,0xF8,0x00,0x01
	je [0xF8], 0x00, LABEL_B3EC	;@raw=0x0A,0x00,0xF8,0x00,0xB3,0xEC
	setup channel=0x02, address=LABEL_1470	;@raw=0x08,0x02,0x14,0x70
	setup channel=0x3C, address=LABEL_2E2D	;@raw=0x08,0x3C,0x2E,0x2D
	jmp LABEL_B3EC	;@raw=0x07,0xB3,0xEC
	killChannel	;@raw=0x11
	mov [0x46], 0xF060	;@raw=0x00,0x46,0xF0,0x60
	mov [0x47], 0x0FA0	;@raw=0x00,0x47,0x0F,0xA0
	mov [0x42], 0xF060	;@raw=0x00,0x42,0xF0,0x60
	mov [0x43], 0x0FA0	;@raw=0x00,0x43,0x0F,0xA0
	mov [0x45], 0xFFE2	;@raw=0x00,0x45,0xFF,0xE2
	mov [0x44], 0xFFE2	;@raw=0x00,0x44,0xFF,0xE2
	mov [0x41], 0xFFE2	;@raw=0x00,0x41,0xFF,0xE2
	mov [0x40], 0x00C6	;@raw=0x00,0x40,0x00,0xC6
	setPalette 0x11	;@raw=0x0B,0x11,0xFF
	setup channel=0x3C, address=LABEL_2E8C	;@raw=0x08,0x3C,0x2E,0x8C
	call LABEL_26C9	;@raw=0x04,0x26,0xC9
	call LABEL_9CA7	;@raw=0x04,0x9C,0xA7
	call LABEL_B266	;@raw=0x04,0xB2,0x66
	setup channel=0x37, address=LABEL_0BD3	;@raw=0x08,0x37,0x0B,0xD3
	jmp LABEL_B3EC	;@raw=0x07,0xB3,0xEC
LABEL_AB9F:
	db 0x11

LABEL_ABA0:
	mov [0x46], 0xF060	;@raw=0x00,0x46,0xF0,0x60
	mov [0x47], 0x0FA0	;@raw=0x00,0x47,0x0F,0xA0
	mov [0x42], 0xF060	;@raw=0x00,0x42,0xF0,0x60
	mov [0x43], 0x0FA0	;@raw=0x00,0x43,0x0F,0xA0
	mov [0x45], 0x0000	;@raw=0x00,0x45,0x00,0x00
	mov [0x44], 0x0014	;@raw=0x00,0x44,0x00,0x14
	mov [0x41], 0x0032	;@raw=0x00,0x41,0x00,0x32
	mov [0x40], 0x00AB	;@raw=0x00,0x40,0x00,0xAB
	mov [0x48], 0x0091	;@raw=0x00,0x48,0x00,0x91
	mov [0x49], 0x024B	;@raw=0x00,0x49,0x02,0x4B
	setPalette 0x01	;@raw=0x0B,0x01,0xFF
	call LABEL_9CBF	;@raw=0x04,0x9C,0xBF
	call LABEL_B266	;@raw=0x04,0xB2,0x66
	setup channel=0x03, address=LABEL_04D8	;@raw=0x08,0x03,0x04,0xD8
	setup channel=0x37, address=LABEL_1EFB	;@raw=0x08,0x37,0x1E,0xFB
	call LABEL_3317	;@raw=0x04,0x33,0x17
	call LABEL_333B	;@raw=0x04,0x33,0x3B
	call LABEL_335F	;@raw=0x04,0x33,0x5F
	jmp LABEL_B3EC	;@raw=0x07,0xB3,0xEC

LABEL_ABE5:
	mov [0x46], 0x0018	;@raw=0x00,0x46,0x00,0x18
	mov [0x47], 0x013A	;@raw=0x00,0x47,0x01,0x3A
	mov [0x42], 0x0004	;@raw=0x00,0x42,0x00,0x04
	mov [0x43], 0x0FA0	;@raw=0x00,0x43,0x0F,0xA0
	mov [0x45], 0x0000	;@raw=0x00,0x45,0x00,0x00
	mov [0x44], 0x0055	;@raw=0x00,0x44,0x00,0x55
	mov [0x41], 0x0064	;@raw=0x00,0x41,0x00,0x64
	mov [0x40], 0x00AB	;@raw=0x00,0x40,0x00,0xAB
	mov [0x49], [0xB9]	;@raw=0x01,0x49,0xB9
	and [0x49], 0x4000	;@raw=0x14,0x49,0x40,0x00
	shr [0x49], 0x0005	;@raw=0x17,0x49,0x00,0x05
	or [0x49], 0x006D	;@raw=0x15,0x49,0x00,0x6D
	or [0x49], 0x1000	;@raw=0x15,0x49,0x10,0x00
	mov [0x48], 0x004B	;@raw=0x00,0x48,0x00,0x4B
	mov [0x4B], [0xB9]	;@raw=0x01,0x4B,0xB9
	and [0x4B], 0x8000	;@raw=0x14,0x4B,0x80,0x00
	shr [0x4B], 0x0006	;@raw=0x17,0x4B,0x00,0x06
	or [0x4B], 0x004C	;@raw=0x15,0x4B,0x00,0x4C
	mov [0x4A], 0x0055	;@raw=0x00,0x4A,0x00,0x55
	mov [0xF8], [0xB9]	;@raw=0x01,0xF8,0xB9
	and [0xF8], 0x1000	;@raw=0x14,0xF8,0x10,0x00
	je [0xF8], 0x00, LABEL_AC44	;@raw=0x0A,0x00,0xF8,0x00,0xAC,0x44
	and [0x49], 0xFF9F	;@raw=0x14,0x49,0xFF,0x9F
	and [0x4B], 0xFF9F	;@raw=0x14,0x4B,0xFF,0x9F

LABEL_AC44:
	call LABEL_9BD1	;@raw=0x04,0x9B,0xD1
	setPalette 0x04	;@raw=0x0B,0x04,0xFF
	call LABEL_9CAF	;@raw=0x04,0x9C,0xAF
	call LABEL_4471	;@raw=0x04,0x44,0x71
	call LABEL_B266	;@raw=0x04,0xB2,0x66
	setup channel=0x23, address=LABEL_1470	;@raw=0x08,0x23,0x14,0x70
	setup channel=0x25, address=LABEL_1470	;@raw=0x08,0x25,0x14,0x70
	setup channel=0x27, address=LABEL_1470	;@raw=0x08,0x27,0x14,0x70
	setup channel=0x04, address=LABEL_0FAA	;@raw=0x08,0x04,0x0F,0xAA
	jl [0x01], 0x00, LABEL_ACED	;@raw=0x0A,0x04,0x01,0x00,0xAC,0xED
	setup channel=0x37, address=LABEL_1F0E	;@raw=0x08,0x37,0x1F,0x0E
	setup channel=0x01, address=LABEL_9BCA	;@raw=0x08,0x01,0x9B,0xCA
	mov [0xF8], [0xBB]	;@raw=0x01,0xF8,0xBB
	and [0xF8], 0x0001	;@raw=0x14,0xF8,0x00,0x01
	jne [0xF8], 0x00, LABEL_ACB0	;@raw=0x0A,0x01,0xF8,0x00,0xAC,0xB0
	call LABEL_3317	;@raw=0x04,0x33,0x17
	call LABEL_333B	;@raw=0x04,0x33,0x3B
	call LABEL_335F	;@raw=0x04,0x33,0x5F
	call LABEL_36BB	;@raw=0x04,0x36,0xBB
	call LABEL_88B0	;@raw=0x04,0x88,0xB0
	call LABEL_369F	;@raw=0x04,0x36,0x9F
	call LABEL_7CBC	;@raw=0x04,0x7C,0xBC
	call LABEL_369F	;@raw=0x04,0x36,0x9F
	mov [0x07], 0x0064	;@raw=0x00,0x07,0x00,0x64
	call LABEL_8C16	;@raw=0x04,0x8C,0x16
	setup channel=0x23, address=LABEL_1470	;@raw=0x08,0x23,0x14,0x70
	setup channel=0x25, address=LABEL_1470	;@raw=0x08,0x25,0x14,0x70
	setup channel=0x27, address=LABEL_1470	;@raw=0x08,0x27,0x14,0x70
	mov [0x4A], 0x03E8	;@raw=0x00,0x4A,0x03,0xE8
	jmp LABEL_ACD2	;@raw=0x07,0xAC,0xD2

LABEL_ACB0:
	video type=1, offset=CINEMATIC_322, x=160, y=100	;@raw=0xF8,0x8F,0xA0,0x64
	mov [0xF8], [0xB4]	;@raw=0x01,0xF8,0xB4
	and [0xF8], 0x0020	;@raw=0x14,0xF8,0x00,0x20
	jne [0xF8], 0x00, LABEL_ACD2	;@raw=0x0A,0x01,0xF8,0x00,0xAC,0xD2
	call LABEL_335F	;@raw=0x04,0x33,0x5F
	call LABEL_36D7	;@raw=0x04,0x36,0xD7
	mov [0x07], 0x000F	;@raw=0x00,0x07,0x00,0x0F
	call LABEL_88B0	;@raw=0x04,0x88,0xB0
	setup channel=0x27, address=LABEL_1470	;@raw=0x08,0x27,0x14,0x70

LABEL_ACD2:
	mov [0xF8], [0xB4]	;@raw=0x01,0xF8,0xB4
	and [0xF8], 0x0004	;@raw=0x14,0xF8,0x00,0x04
	jne [0xF8], 0x00, LABEL_B3EC	;@raw=0x0A,0x01,0xF8,0x00,0xB3,0xEC
	call LABEL_327A	;@raw=0x04,0x32,0x7A
	call INIT_HASH_VARS_A9_TO_AD	;@raw=0x04,0x9B,0xF0
	setup channel=0x34, address=LABEL_289B	;@raw=0x08,0x34,0x28,0x9B
	jmp LABEL_B3EC	;@raw=0x07,0xB3,0xEC
LABEL_ACEC:
	db 0x11

LABEL_ACED:
	setup channel=0x37, address=LABEL_1EFB	;@raw=0x08,0x37,0x1E,0xFB
	setup channel=0x01, address=LABEL_28C1	;@raw=0x08,0x01,0x28,0xC1
	mov [0xF8], [0xB4]	;@raw=0x01,0xF8,0xB4
	and [0xF8], 0x0004	;@raw=0x14,0xF8,0x00,0x04
	jne [0xF8], 0x00, LABEL_AD0F	;@raw=0x0A,0x01,0xF8,0x00,0xAD,0x0F
	call LABEL_327A	;@raw=0x04,0x32,0x7A
	call LABEL_369F	;@raw=0x04,0x36,0x9F
	call LABEL_7CBC	;@raw=0x04,0x7C,0xBC
	setup channel=0x25, address=LABEL_1470	;@raw=0x08,0x25,0x14,0x70

LABEL_AD0F:
	mov [0xF8], [0xBB]	;@raw=0x01,0xF8,0xBB
	and [0xF8], 0x0001	;@raw=0x14,0xF8,0x00,0x01
	jne [0xF8], 0x00, LABEL_AD34	;@raw=0x0A,0x01,0xF8,0x00,0xAD,0x34
	or [0xBB], 0x0001	;@raw=0x15,0xBB,0x00,0x01
	setup channel=0x03, address=LABEL_04D8	;@raw=0x08,0x03,0x04,0xD8
	call LABEL_3317	;@raw=0x04,0x33,0x17
	call LABEL_333B	;@raw=0x04,0x33,0x3B
	call LABEL_335F	;@raw=0x04,0x33,0x5F
	setup channel=0x1B, address=LABEL_28A8	;@raw=0x08,0x1B,0x28,0xA8
	jmp LABEL_B3EC	;@raw=0x07,0xB3,0xEC

LABEL_AD34:
	video type=1, offset=CINEMATIC_322, x=160, y=100	;@raw=0xF8,0x8F,0xA0,0x64
	mov [0xF8], [0xB4]	;@raw=0x01,0xF8,0xB4
	and [0xF8], 0x0020	;@raw=0x14,0xF8,0x00,0x20
	jne [0xF8], 0x00, LABEL_B3EC	;@raw=0x0A,0x01,0xF8,0x00,0xB3,0xEC
	call LABEL_335F	;@raw=0x04,0x33,0x5F
	setup channel=0x27, address=LABEL_0DE4	;@raw=0x08,0x27,0x0D,0xE4
	setup channel=0x1B, address=LABEL_28A8	;@raw=0x08,0x1B,0x28,0xA8
	jmp LABEL_B3EC	;@raw=0x07,0xB3,0xEC

LABEL_AD53:
	mov [0x46], 0x007F	;@raw=0x00,0x46,0x00,0x7F
	mov [0x47], 0x0FA0	;@raw=0x00,0x47,0x0F,0xA0
	mov [0x42], 0x0005	;@raw=0x00,0x42,0x00,0x05
	mov [0x43], 0x013E	;@raw=0x00,0x43,0x01,0x3E
	mov [0x45], 0x0000	;@raw=0x00,0x45,0x00,0x00
	mov [0x44], 0x0055	;@raw=0x00,0x44,0x00,0x55
	mov [0x41], 0x0064	;@raw=0x00,0x41,0x00,0x64
	mov [0x40], 0x00B0	;@raw=0x00,0x40,0x00,0xB0
	mov [0x48], 0x005E	;@raw=0x00,0x48,0x00,0x5E
	mov [0x49], [0xB9]	;@raw=0x01,0x49,0xB9
	and [0x49], 0x2000	;@raw=0x14,0x49,0x20,0x00
	shr [0x49], 0x0004	;@raw=0x17,0x49,0x00,0x04
	or [0x49], 0x000B	;@raw=0x15,0x49,0x00,0x0B
	mov [0x50], 0x0023	;@raw=0x00,0x50,0x00,0x23
	mov [0x51], 0x00B0	;@raw=0x00,0x51,0x00,0xB0
	mov [0x52], 0x0104	;@raw=0x00,0x52,0x01,0x04
	setPalette 0x04	;@raw=0x0B,0x04,0xFF
	call LABEL_9CA7	;@raw=0x04,0x9C,0xA7
	call LABEL_4471	;@raw=0x04,0x44,0x71
	call LABEL_B266	;@raw=0x04,0xB2,0x66
	setup channel=0x37, address=LABEL_1F40	;@raw=0x08,0x37,0x1F,0x40
	mov [0xF8], [0xB4]	;@raw=0x01,0xF8,0xB4
	and [0xF8], 0x0002	;@raw=0x14,0xF8,0x00,0x02
	jne [0xF8], 0x00, LABEL_B3EC	;@raw=0x0A,0x01,0xF8,0x00,0xB3,0xEC
	call LABEL_3259	;@raw=0x04,0x32,0x59
	jmp LABEL_B3EC	;@raw=0x07,0xB3,0xEC

LABEL_ADB5:
	mov [0x46], 0xF060	;@raw=0x00,0x46,0xF0,0x60
	mov [0x47], 0x0FA0	;@raw=0x00,0x47,0x0F,0xA0
	mov [0x42], 0xF060	;@raw=0x00,0x42,0xF0,0x60
	mov [0x43], 0x0FA0	;@raw=0x00,0x43,0x0F,0xA0
	mov [0x45], 0x0000	;@raw=0x00,0x45,0x00,0x00
	mov [0x44], 0x0055	;@raw=0x00,0x44,0x00,0x55
	mov [0x41], 0x0064	;@raw=0x00,0x41,0x00,0x64
	mov [0x40], 0x00AA	;@raw=0x00,0x40,0x00,0xAA
	mov [0x00], 0x0042	;@raw=0x00,0x00,0x00,0x42
	setPalette 0x01	;@raw=0x0B,0x01,0xFF
	call LABEL_9CD7	;@raw=0x04,0x9C,0xD7
	call LABEL_B266	;@raw=0x04,0xB2,0x66
	setup channel=0x1B, address=LABEL_1470	;@raw=0x08,0x1B,0x14,0x70
	setup channel=0x25, address=LABEL_1470	;@raw=0x08,0x25,0x14,0x70
	setup channel=0x27, address=LABEL_1470	;@raw=0x08,0x27,0x14,0x70
	setup channel=0x01, address=LABEL_07A6	;@raw=0x08,0x01,0x07,0xA6
	setup channel=0x34, address=LABEL_1F1D	;@raw=0x08,0x34,0x1F,0x1D
	mov [0xF8], [0xB9]	;@raw=0x01,0xF8,0xB9
	shr [0xF8], 0x0008	;@raw=0x17,0xF8,0x00,0x08
	and [0xF8], 0x0007	;@raw=0x14,0xF8,0x00,0x07
	jl [0xF8], 0x01, LABEL_B3EC	;@raw=0x0A,0x04,0xF8,0x01,0xB3,0xEC
	video type=1, offset=CINEMATIC_502, x=160, y=100	;@raw=0xF0,0x62,0xA0,0x64
	jl [0xF8], 0x02, LABEL_B3EC	;@raw=0x0A,0x04,0xF8,0x02,0xB3,0xEC
	video type=1, offset=CINEMATIC_503, x=160, y=100	;@raw=0xF0,0x89,0xA0,0x64
	jl [0xF8], 0x03, LABEL_B3EC	;@raw=0x0A,0x04,0xF8,0x03,0xB3,0xEC
	video type=1, offset=CINEMATIC_504, x=160, y=100	;@raw=0xF0,0x99,0xA0,0x64
	jl [0xF8], 0x04, LABEL_B3EC	;@raw=0x0A,0x04,0xF8,0x04,0xB3,0xEC
	video type=1, offset=CINEMATIC_505, x=160, y=100	;@raw=0xF2,0xDF,0xA0,0x64
	jmp LABEL_B3EC	;@raw=0x07,0xB3,0xEC

LABEL_AE2C:
	mov [0x46], 0xF060	;@raw=0x00,0x46,0xF0,0x60
	mov [0x47], 0x0FA0	;@raw=0x00,0x47,0x0F,0xA0
	mov [0x42], 0xF060	;@raw=0x00,0x42,0xF0,0x60
	mov [0x43], 0x0FA0	;@raw=0x00,0x43,0x0F,0xA0
	mov [0x45], 0x0000	;@raw=0x00,0x45,0x00,0x00
	mov [0x44], 0x0055	;@raw=0x00,0x44,0x00,0x55
	mov [0x41], 0x0064	;@raw=0x00,0x41,0x00,0x64
	mov [0x40], 0x00AA	;@raw=0x00,0x40,0x00,0xAA
	setPalette 0x01	;@raw=0x0B,0x01,0xFF
	call LABEL_9CE3	;@raw=0x04,0x9C,0xE3
	call LABEL_B266	;@raw=0x04,0xB2,0x66
	jmp LABEL_B3EC	;@raw=0x07,0xB3,0xEC

LABEL_AE58:
	mov [0x46], 0xF060	;@raw=0x00,0x46,0xF0,0x60
	mov [0x47], 0x0FA0	;@raw=0x00,0x47,0x0F,0xA0
	mov [0x42], 0xF060	;@raw=0x00,0x42,0xF0,0x60
	mov [0x43], 0x00F8	;@raw=0x00,0x43,0x00,0xF8
	mov [0x45], 0x0000	;@raw=0x00,0x45,0x00,0x00
	mov [0x44], 0x0055	;@raw=0x00,0x44,0x00,0x55
	mov [0x41], 0x0064	;@raw=0x00,0x41,0x00,0x64
	mov [0x40], 0x00A7	;@raw=0x00,0x40,0x00,0xA7
	mov [0x50], 0x0086	;@raw=0x00,0x50,0x00,0x86
	mov [0x51], 0x00A7	;@raw=0x00,0x51,0x00,0xA7
	mov [0x52], 0x0104	;@raw=0x00,0x52,0x01,0x04
	setPalette 0x01	;@raw=0x0B,0x01,0xFF
	call LABEL_9E95	;@raw=0x04,0x9E,0x95
	call LABEL_B266	;@raw=0x04,0xB2,0x66
	jmp LABEL_B3EC	;@raw=0x07,0xB3,0xEC

LABEL_AE90:
	mov [0x46], 0xF060	;@raw=0x00,0x46,0xF0,0x60
	mov [0x47], 0x00CE	;@raw=0x00,0x47,0x00,0xCE
	mov [0x42], 0xF060	;@raw=0x00,0x42,0xF0,0x60
	mov [0x43], 0x00CE	;@raw=0x00,0x43,0x00,0xCE
	mov [0x45], 0x0000	;@raw=0x00,0x45,0x00,0x00
	mov [0x44], 0x0055	;@raw=0x00,0x44,0x00,0x55
	mov [0x41], 0x0064	;@raw=0x00,0x41,0x00,0x64
	mov [0x40], 0x00A1	;@raw=0x00,0x40,0x00,0xA1
	mov [0x50], 0x0083	;@raw=0x00,0x50,0x00,0x83
	mov [0x51], 0xFFCE	;@raw=0x00,0x51,0xFF,0xCE
	mov [0x52], 0x00A1	;@raw=0x00,0x52,0x00,0xA1
	setPalette 0x01	;@raw=0x0B,0x01,0xFF
	call LABEL_9E9D	;@raw=0x04,0x9E,0x9D
	call LABEL_B266	;@raw=0x04,0xB2,0x66
	setup channel=0x01, address=LABEL_3BC9	;@raw=0x08,0x01,0x3B,0xC9
	setup channel=0x03, address=LABEL_3D70	;@raw=0x08,0x03,0x3D,0x70
	jmp LABEL_B3EC	;@raw=0x07,0xB3,0xEC

LABEL_AED0:
	mov [0x46], 0xF060	;@raw=0x00,0x46,0xF0,0x60
	mov [0x47], 0x0FA0	;@raw=0x00,0x47,0x0F,0xA0
	mov [0x42], 0xF060	;@raw=0x00,0x42,0xF0,0x60
	mov [0x43], 0x00CC	;@raw=0x00,0x43,0x00,0xCC
	mov [0x45], 0x0000	;@raw=0x00,0x45,0x00,0x00
	mov [0x44], 0x0055	;@raw=0x00,0x44,0x00,0x55
	mov [0x41], 0x0064	;@raw=0x00,0x41,0x00,0x64
	mov [0x40], 0x00A1	;@raw=0x00,0x40,0x00,0xA1
	mov [0x50], 0x0083	;@raw=0x00,0x50,0x00,0x83
	mov [0x51], 0xFFCE	;@raw=0x00,0x51,0xFF,0xCE
	mov [0x52], 0x0118	;@raw=0x00,0x52,0x01,0x18
	setPalette 0x01	;@raw=0x0B,0x01,0xFF
	mov [SCROLL_Y], 0x0000	;@raw=0x00,0xF9,0x00,0x00
	setup channel=0x3C, address=LABEL_2F4F	;@raw=0x08,0x3C,0x2F,0x4F
	call LABEL_9EB9	;@raw=0x04,0x9E,0xB9
	call LABEL_B266	;@raw=0x04,0xB2,0x66
	jmp LABEL_B3EC	;@raw=0x07,0xB3,0xEC

LABEL_AF10:
	mov [0x46], 0xF060	;@raw=0x00,0x46,0xF0,0x60
	mov [0x47], 0x0FA0	;@raw=0x00,0x47,0x0F,0xA0
	mov [0x42], 0xF060	;@raw=0x00,0x42,0xF0,0x60
	mov [0x43], 0x0FA0	;@raw=0x00,0x43,0x0F,0xA0
	mov [0x45], 0xFFE2	;@raw=0x00,0x45,0xFF,0xE2
	mov [0x44], 0xFFE2	;@raw=0x00,0x44,0xFF,0xE2
	mov [0x41], 0xFFE2	;@raw=0x00,0x41,0xFF,0xE2
	mov [0x40], 0x0095	;@raw=0x00,0x40,0x00,0x95
	setPalette 0x01	;@raw=0x0B,0x01,0xFF
	setup channel=0x3C, address=LABEL_2E2D	;@raw=0x08,0x3C,0x2E,0x2D
	call LABEL_9CCB	;@raw=0x04,0x9C,0xCB
	call LABEL_B266	;@raw=0x04,0xB2,0x66
	mov [0xF8], [0xB9]	;@raw=0x01,0xF8,0xB9
	and [0xF8], 0x0080	;@raw=0x14,0xF8,0x00,0x80
	jne [0xF8], 0x00, LABEL_AF54	;@raw=0x0A,0x01,0xF8,0x00,0xAF,0x54
	call LABEL_26C9	;@raw=0x04,0x26,0xC9
	setup channel=0x01, address=LABEL_289B	;@raw=0x08,0x01,0x28,0x9B
	jmp LABEL_B3EC	;@raw=0x07,0xB3,0xEC

LABEL_AF54:
	video type=1, offset=CINEMATIC_345, x=180, y=149	;@raw=0x85,0x8C,0xB4,0x95
	setup channel=0x01, address=LABEL_3BC9	;@raw=0x08,0x01,0x3B,0xC9
	setup channel=0x03, address=LABEL_3D70	;@raw=0x08,0x03,0x3D,0x70
	jmp LABEL_B3EC	;@raw=0x07,0xB3,0xEC
LABEL_AF63:
	db 0x11

LABEL_AF64:
	mov [0x46], 0xF060	;@raw=0x00,0x46,0xF0,0x60
	mov [0x47], 0x0FA0	;@raw=0x00,0x47,0x0F,0xA0
	mov [0x42], 0xF060	;@raw=0x00,0x42,0xF0,0x60
	mov [0x43], 0x0FA0	;@raw=0x00,0x43,0x0F,0xA0
	mov [0x45], 0xFFE2	;@raw=0x00,0x45,0xFF,0xE2
	mov [0x44], 0xFFE2	;@raw=0x00,0x44,0xFF,0xE2
	mov [0x41], 0xFFE2	;@raw=0x00,0x41,0xFF,0xE2
	mov [0x40], 0x00BF	;@raw=0x00,0x40,0x00,0xBF
	setPalette 0x13	;@raw=0x0B,0x13,0xFF
	setup channel=0x3C, address=LABEL_2E8C	;@raw=0x08,0x3C,0x2E,0x8C
	call LABEL_9CF3	;@raw=0x04,0x9C,0xF3
	call LABEL_B266	;@raw=0x04,0xB2,0x66
	call LABEL_B250	;@raw=0x04,0xB2,0x50
	setup channel=0x37, address=LABEL_0AE1	;@raw=0x08,0x37,0x0A,0xE1
	mov [0xF8], [0xB9]	;@raw=0x01,0xF8,0xB9
	and [0xF8], 0x0001	;@raw=0x14,0xF8,0x00,0x01
	jne [0xF8], 0x00, LABEL_B3EC	;@raw=0x0A,0x01,0xF8,0x00,0xB3,0xEC
	or [0xB9], 0x0004	;@raw=0x15,0xB9,0x00,0x04
	setup channel=0x3C, address=LABEL_2E2D	;@raw=0x08,0x3C,0x2E,0x2D
	jmp LABEL_B3EC	;@raw=0x07,0xB3,0xEC

LABEL_AFB0:
	mov [0x46], 0xF060	;@raw=0x00,0x46,0xF0,0x60
	mov [0x47], 0x0FA0	;@raw=0x00,0x47,0x0F,0xA0
	mov [0x42], 0xF060	;@raw=0x00,0x42,0xF0,0x60
	mov [0x43], 0x00D6	;@raw=0x00,0x43,0x00,0xD6
	mov [0x45], 0xFFE2	;@raw=0x00,0x45,0xFF,0xE2
	mov [0x44], 0xFFE2	;@raw=0x00,0x44,0xFF,0xE2
	mov [0x41], 0xFFE2	;@raw=0x00,0x41,0xFF,0xE2
	mov [0x40], 0x00B9	;@raw=0x00,0x40,0x00,0xB9
	mov [0xB8], 0x0007	;@raw=0x00,0xB8,0x00,0x07
	setPalette 0x1B	;@raw=0x0B,0x1B,0xFF
	setup channel=0x3C, address=LABEL_2E2D	;@raw=0x08,0x3C,0x2E,0x2D
	call LABEL_9CFF	;@raw=0x04,0x9C,0xFF
	call LABEL_B266	;@raw=0x04,0xB2,0x66
	setup channel=0x01, address=LABEL_2F13	;@raw=0x08,0x01,0x2F,0x13
	setup channel=0x02, address=LABEL_0683	;@raw=0x08,0x02,0x06,0x83
	mov [0xF8], [0xB9]	;@raw=0x01,0xF8,0xB9
	and [0xF8], 0x0080	;@raw=0x14,0xF8,0x00,0x80
	jne [0xF8], 0x00, LABEL_B3EC	;@raw=0x0A,0x01,0xF8,0x00,0xB3,0xEC
	setup channel=0x37, address=LABEL_05A7	;@raw=0x08,0x37,0x05,0xA7
	jmp LABEL_B3EC	;@raw=0x07,0xB3,0xEC

LABEL_AFFD:
	mov [0x46], 0xF060	;@raw=0x00,0x46,0xF0,0x60
	mov [0x47], 0x0FA0	;@raw=0x00,0x47,0x0F,0xA0
	mov [0x42], 0xF060	;@raw=0x00,0x42,0xF0,0x60
	mov [0x43], 0x0FA0	;@raw=0x00,0x43,0x0F,0xA0
	mov [0x45], 0xFFE2	;@raw=0x00,0x45,0xFF,0xE2
	mov [0x44], 0xFFE2	;@raw=0x00,0x44,0xFF,0xE2
	mov [0x41], 0xFFE2	;@raw=0x00,0x41,0xFF,0xE2
	mov [0x40], 0x0063	;@raw=0x00,0x40,0x00,0x63
	setPalette 0x01	;@raw=0x0B,0x01,0xFF
	call LABEL_9D0B	;@raw=0x04,0x9D,0x0B
	call LABEL_B266	;@raw=0x04,0xB2,0x66
	mov [0xF8], [0xB9]	;@raw=0x01,0xF8,0xB9
	and [0xF8], 0x0080	;@raw=0x14,0xF8,0x00,0x80
	jne [0xF8], 0x00, LABEL_B03E	;@raw=0x0A,0x01,0xF8,0x00,0xB0,0x3E
	setup channel=0x03, address=LABEL_0A25	;@raw=0x08,0x03,0x0A,0x25
	setup channel=0x04, address=LABEL_0A97	;@raw=0x08,0x04,0x0A,0x97
	jmp LABEL_B3EC	;@raw=0x07,0xB3,0xEC

LABEL_B03E:
	setup channel=0x02, address=LABEL_077C	;@raw=0x08,0x02,0x07,0x7C
	setup channel=0x01, address=LABEL_3FBA	;@raw=0x08,0x01,0x3F,0xBA
	setup channel=0x03, address=LABEL_07FE	;@raw=0x08,0x03,0x07,0xFE
	setup channel=0x04, address=LABEL_08A6	;@raw=0x08,0x04,0x08,0xA6
	setup channel=0x34, address=LABEL_0698	;@raw=0x08,0x34,0x06,0x98
	setup channel=0x35, address=LABEL_06EA	;@raw=0x08,0x35,0x06,0xEA
	setup channel=0x36, address=LABEL_09FB	;@raw=0x08,0x36,0x09,0xFB
	setup channel=0x37, address=LABEL_09BC	;@raw=0x08,0x37,0x09,0xBC
	setup channel=0x38, address=LABEL_2C05	;@raw=0x08,0x38,0x2C,0x05
	call LABEL_32BF	;@raw=0x04,0x32,0xBF
	call LABEL_329B	;@raw=0x04,0x32,0x9B
	jmp LABEL_B3EC	;@raw=0x07,0xB3,0xEC
LABEL_B06B:
	db 0x11

LABEL_B06C:
	mov [0x46], 0x002A	;@raw=0x00,0x46,0x00,0x2A
	mov [0x47], 0x0FA0	;@raw=0x00,0x47,0x0F,0xA0
	mov [0x42], 0x002A	;@raw=0x00,0x42,0x00,0x2A
	mov [0x43], 0x0FA0	;@raw=0x00,0x43,0x0F,0xA0
	mov [0x45], 0xFFE2	;@raw=0x00,0x45,0xFF,0xE2
	mov [0x44], 0xFFE2	;@raw=0x00,0x44,0xFF,0xE2
	mov [0x41], 0xFFE2	;@raw=0x00,0x41,0xFF,0xE2
	mov [0x40], 0x0063	;@raw=0x00,0x40,0x00,0x63
	setPalette 0x01	;@raw=0x0B,0x01,0xFF
	call LABEL_9D37	;@raw=0x04,0x9D,0x37
	call LABEL_B266	;@raw=0x04,0xB2,0x66
	call LABEL_34D2	;@raw=0x04,0x34,0xD2
	call LABEL_34F3	;@raw=0x04,0x34,0xF3
	call LABEL_3383	;@raw=0x04,0x33,0x83
	mov [0xA9], 0x00A5	;@raw=0x00,0xA9,0x00,0xA5
	mov [0xAA], 0x03E8	;@raw=0x00,0xAA,0x03,0xE8
	mov [0xAB], 0x00EA	;@raw=0x00,0xAB,0x00,0xEA
	jmp LABEL_B3EC	;@raw=0x07,0xB3,0xEC
LABEL_B0AD:
	db 0x11

LABEL_B0AE:
	jne [HACK_VAR_67], 0x8A, LABEL_B0CD	;@raw=0x0A,0x01,0x67,0x8A,0xB0,0xCD
	deleteChannels first=0x01, last=0x02	;@raw=0x0C,0x01,0x02,0x02
	setup channel=0x08, address=LABEL_2E27	;@raw=0x08,0x08,0x2E,0x27
	setup channel=0x3C, address=LABEL_2F8F	;@raw=0x08,0x3C,0x2F,0x8F
	selectVideoPage 0x03	;@raw=0x0D,0x03
	video type=1, offset=CINEMATIC_644, x=160, y=100	;@raw=0xA8,0xD3,0xA0,0x64
	selectVideoPage 0xFF	;@raw=0x0D,0xFF
	or [0xB0], 0x0001	;@raw=0x15,0xB0,0x00,0x01
	ret	;@raw=0x05

LABEL_B0CD:
	jne [HACK_VAR_67], 0xCC, LABEL_78B5	;@raw=0x0A,0x01,0x67,0xCC,0x78,0xB5
	jne [0x1D], 0x0B, LABEL_B0F4	;@raw=0x0A,0x01,0x1D,0x0B,0xB0,0xF4
	deleteChannels first=0x2A, last=0x2B	;@raw=0x0C,0x2A,0x2B,0x02
	mov [0x13], 0x0070	;@raw=0x00,0x13,0x00,0x70
	add [0x21], 0x0010	;@raw=0x03,0x21,0x00,0x10
	add [0x27], 0x0028	;@raw=0x03,0x27,0x00,0x28
	mov [0x4B], 0x7FFF	;@raw=0x00,0x4B,0x7F,0xFF
	video type=1, offset=CINEMATIC_258, x=[0x70], y=93, zoom=[0x5a]	;@raw=0x5A,0x1B,0xF0,0x70,0x5D,0x5A
	ret	;@raw=0x05

LABEL_B0F4:
	jne [0x1D], 0x0A, LABEL_B115	;@raw=0x0A,0x01,0x1D,0x0A,0xB1,0x15
	deleteChannels first=0x28, last=0x29	;@raw=0x0C,0x28,0x29,0x02
	mov [0x13], 0x0070	;@raw=0x00,0x13,0x00,0x70
	add [0x21], 0x0010	;@raw=0x03,0x21,0x00,0x10
	add [0x27], 0x0028	;@raw=0x03,0x27,0x00,0x28
	mov [0x49], 0x7FFF	;@raw=0x00,0x49,0x7F,0xFF
	video type=1, offset=CINEMATIC_258, x=[0x6e], y=93, zoom=[0x5a]	;@raw=0x5A,0x1B,0xF0,0x6E,0x5D,0x5A
	ret	;@raw=0x05

LABEL_B115:
	jne [0x1D], 0x0C, LABEL_78B5	;@raw=0x0A,0x01,0x1D,0x0C,0x78,0xB5
	deleteChannels first=0x2C, last=0x2D	;@raw=0x0C,0x2C,0x2D,0x02
	mov [0x13], 0x0070	;@raw=0x00,0x13,0x00,0x70
	add [0x21], 0x0010	;@raw=0x03,0x21,0x00,0x10
	add [0x27], 0x0028	;@raw=0x03,0x27,0x00,0x28
	mov [0x4D], 0x7FFF	;@raw=0x00,0x4D,0x7F,0xFF
	video type=1, offset=CINEMATIC_258, x=[0x72], y=93, zoom=[0x5a]	;@raw=0x5A,0x1B,0xF0,0x72,0x5D,0x5A
	ret	;@raw=0x05
LABEL_B136:
	db 0x11

LABEL_B137:
	jne [HACK_VAR_67], 0xAA, LABEL_B15E	;@raw=0x0A,0x01,0x67,0xAA,0xB1,0x5E
	mov [0xF8], [0x49]	;@raw=0x01,0xF8,0x49
	and [0xF8], 0x0200	;@raw=0x14,0xF8,0x02,0x00
	shl [0xF8], 0x0005	;@raw=0x16,0xF8,0x00,0x05
	and [0xB9], 0x3FFF	;@raw=0x14,0xB9,0x3F,0xFF
	add [0xB9], [0xF8]	;@raw=0x02,0xB9,0xF8
	mov [0xF8], [0x4B]	;@raw=0x01,0xF8,0x4B
	and [0xF8], 0x0200	;@raw=0x14,0xF8,0x02,0x00
	shl [0xF8], 0x0006	;@raw=0x16,0xF8,0x00,0x06
	add [0xB9], [0xF8]	;@raw=0x02,0xB9,0xF8
	ret	;@raw=0x05

LABEL_B15E:
	jne [HACK_VAR_67], 0x8A, LABEL_78B5	;@raw=0x0A,0x01,0x67,0x8A,0x78,0xB5
	mov [0xF8], [0x49]	;@raw=0x01,0xF8,0x49
	and [0xF8], 0x0200	;@raw=0x14,0xF8,0x02,0x00
	shl [0xF8], 0x0004	;@raw=0x16,0xF8,0x00,0x04
	and [0xB9], 0xDFFF	;@raw=0x14,0xB9,0xDF,0xFF
	add [0xB9], [0xF8]	;@raw=0x02,0xB9,0xF8
	ret	;@raw=0x05
LABEL_B177:
	db 0x11

LABEL_B178:
	jne [0x27], 0x01, LABEL_B187	;@raw=0x0A,0x01,0x27,0x01,0xB1,0x87
	mov [0x22], 0x005A	;@raw=0x00,0x22,0x00,0x5A
	mov [0x21], 0x00B6	;@raw=0x00,0x21,0x00,0xB6
	ret	;@raw=0x05

LABEL_B187:
	jg [0x27], 0x04, LABEL_B196	;@raw=0x0A,0x02,0x27,0x04,0xB1,0x96
	mov [0x22], 0x0050	;@raw=0x00,0x22,0x00,0x50
	mov [0x21], 0x00B6	;@raw=0x00,0x21,0x00,0xB6
	ret	;@raw=0x05

LABEL_B196:
	jne [0x27], 0x05, LABEL_B1A9	;@raw=0x0A,0x01,0x27,0x05,0xB1,0xA9
	mov [0x22], 0x0014	;@raw=0x00,0x22,0x00,0x14
	mov [0x21], 0x0081	;@raw=0x00,0x21,0x00,0x81
	mov [0x23], 0x0000	;@raw=0x00,0x23,0x00,0x00
	ret	;@raw=0x05

LABEL_B1A9:
	jne [0x27], 0x25, LABEL_B1BC	;@raw=0x0A,0x01,0x27,0x25,0xB1,0xBC
	mov [0x22], 0x0081	;@raw=0x00,0x22,0x00,0x81
	mov [0x21], 0x00B4	;@raw=0x00,0x21,0x00,0xB4
	mov [0x23], 0x0001	;@raw=0x00,0x23,0x00,0x01
	ret	;@raw=0x05

LABEL_B1BC:
	jne [0x27], 0x24, LABEL_B1CB	;@raw=0x0A,0x01,0x27,0x24,0xB1,0xCB
	mov [0x22], 0x005D	;@raw=0x00,0x22,0x00,0x5D
	mov [0x21], 0x00B6	;@raw=0x00,0x21,0x00,0xB6
	ret	;@raw=0x05

LABEL_B1CB:
	jne [0x27], 0x23, LABEL_B1DA	;@raw=0x0A,0x01,0x27,0x23,0xB1,0xDA
	mov [0x22], 0x005C	;@raw=0x00,0x22,0x00,0x5C
	mov [0x21], 0x00B6	;@raw=0x00,0x21,0x00,0xB6
	ret	;@raw=0x05

LABEL_B1DA:
	jne [0x27], 0x45, LABEL_B1ED	;@raw=0x0A,0x01,0x27,0x45,0xB1,0xED
	mov [0x22], 0x0014	;@raw=0x00,0x22,0x00,0x14
	mov [0x21], 0x0081	;@raw=0x00,0x21,0x00,0x81
	mov [0x23], 0x0000	;@raw=0x00,0x23,0x00,0x00
	ret	;@raw=0x05

LABEL_B1ED:
	jne [0x27], 0x44, LABEL_B1FC	;@raw=0x0A,0x01,0x27,0x44,0xB1,0xFC
	mov [0x22], 0x0046	;@raw=0x00,0x22,0x00,0x46
	mov [0x21], 0x008B	;@raw=0x00,0x21,0x00,0x8B
	ret	;@raw=0x05

LABEL_B1FC:
	ret	;@raw=0x05
LABEL_B1FD:
	db 0x11

INIT_RANGE_48_TO_4D_TO_MAX:
	mov [0x48], 0x7FFF	;@raw=0x00,0x48,0x7F,0xFF
	mov [0x49], 0x7FFF	;@raw=0x00,0x49,0x7F,0xFF
	mov [0x4A], 0x7FFF	;@raw=0x00,0x4A,0x7F,0xFF
	mov [0x4B], 0x7FFF	;@raw=0x00,0x4B,0x7F,0xFF
	mov [0x4C], 0x7FFF	;@raw=0x00,0x4C,0x7F,0xFF
	mov [0x4D], 0x7FFF	;@raw=0x00,0x4D,0x7F,0xFF
	mov [0x4E], 0x2000	;@raw=0x00,0x4E,0x20,0x00
	mov [0x4F], 0x2000	;@raw=0x00,0x4F,0x20,0x00
	mov [0x50], 0x0FA0	;@raw=0x00,0x50,0x0F,0xA0
	mov [0x88], 0xFFFF	;@raw=0x00,0x88,0xFF,0xFF
	mov [0x89], 0xFFFF	;@raw=0x00,0x89,0xFF,0xFF
	mov [0x8A], 0xFFFF	;@raw=0x00,0x8A,0xFF,0xFF
	mov [0x8B], 0xFFFF	;@raw=0x00,0x8B,0xFF,0xFF
	mov [0x8C], 0xFFFF	;@raw=0x00,0x8C,0xFF,0xFF
	mov [0x8D], 0xFFFF	;@raw=0x00,0x8D,0xFF,0xFF
	ret	;@raw=0x05

LABEL_B23B:
	mov [0xAA], 0xFFFF	;@raw=0x00,0xAA,0xFF,0xFF
	mov [0xAD], 0xFFFF	;@raw=0x00,0xAD,0xFF,0xFF
	mov [0x5B], 0x0FA0	;@raw=0x00,0x5B,0x0F,0xA0
	mov [0x5E], 0x0FA0	;@raw=0x00,0x5E,0x0F,0xA0
	mov [0x61], 0x0FA0	;@raw=0x00,0x61,0x0F,0xA0
	ret	;@raw=0x05

LABEL_B250:
	mov [0xA1], 0xFFFF	;@raw=0x00,0xA1,0xFF,0xFF
	mov [0xA4], 0xFFFF	;@raw=0x00,0xA4,0xFF,0xFF
	mov [0xA7], 0xFFFF	;@raw=0x00,0xA7,0xFF,0xFF
	ret	;@raw=0x05

LABEL_B25D:
	deleteChannels first=0x34, last=0x37	;@raw=0x0C,0x34,0x37,0x02
	setup channel=0x3B, address=LABEL_1470	;@raw=0x08,0x3B,0x14,0x70
	ret	;@raw=0x05

LABEL_B266:
	deleteChannels first=0x00, last=0x08	;@raw=0x0C,0x00,0x08,0x02
	call LABEL_B25D	;@raw=0x04,0xB2,0x5D
	ret	;@raw=0x05
	deleteChannels first=0x22, last=0x2E	;@raw=0x0C,0x22,0x2E,0x02
	deleteChannels first=0x30, last=0x3B	;@raw=0x0C,0x30,0x3B,0x02
	deleteChannels first=0x00, last=0x08	;@raw=0x0C,0x00,0x08,0x02
	ret	;@raw=0x05
	deleteChannels first=0x22, last=0x2E	;@raw=0x0C,0x22,0x2E,0x02
	call LABEL_B25D	;@raw=0x04,0xB2,0x5D
	ret	;@raw=0x05
	deleteChannels first=0x30, last=0x3B	;@raw=0x0C,0x30,0x3B,0x02
	jmp LABEL_B25D	;@raw=0x07,0xB2,0x5D

LABEL_B28A:
	mov [0x23], 0x0001	;@raw=0x00,0x23,0x00,0x01
	jl [0x02], [0x41], LABEL_B298	;@raw=0x0A,0x84,0x02,0x41,0xB2,0x98
	mov [0x23], 0x0000	;@raw=0x00,0x23,0x00,0x00

LABEL_B298:
	ret	;@raw=0x05

LABEL_B299:
	je [HACK_VAR_67], 0x8A, LABEL_78B5	;@raw=0x0A,0x00,0x67,0x8A,0x78,0xB5
	je [HACK_VAR_67], 0x8C, LABEL_78B5	;@raw=0x0A,0x00,0x67,0x8C,0x78,0xB5
	je [HACK_VAR_67], 0xAB, LABEL_78B5	;@raw=0x0A,0x00,0x67,0xAB,0x78,0xB5
	je [HACK_VAR_67], 0xC9, LABEL_78B5	;@raw=0x0A,0x00,0x67,0xC9,0x78,0xB5
	je [HACK_VAR_67], 0x6E, LABEL_78B5	;@raw=0x0A,0x00,0x67,0x6E,0x78,0xB5
	je [HACK_VAR_67], 0x6A, LABEL_78B5	;@raw=0x0A,0x00,0x67,0x6A,0x78,0xB5
	mov [0x02], [0x40]	;@raw=0x01,0x02,0x40
	je [0x23], 0x00, LABEL_B2C9	;@raw=0x0A,0x00,0x23,0x00,0xB2,0xC9
	mov [0x02], [0x44]	;@raw=0x01,0x02,0x44

LABEL_B2C9:
	ret	;@raw=0x05

LABEL_B2CA:
	setup channel=0x10, address=LABEL_441E	;@raw=0x08,0x10,0x44,0x1E
	setup channel=0x18, address=LABEL_67C2	;@raw=0x08,0x18,0x67,0xC2
	setup channel=0x2F, address=LABEL_5C58	;@raw=0x08,0x2F,0x5C,0x58
	setup channel=0x2E, address=LABEL_1470	;@raw=0x08,0x2E,0x14,0x70
	setup channel=0x2E, address=LABEL_28F7	;@raw=0x08,0x2E,0x28,0xF7
	setup channel=0x3B, address=LABEL_1470	;@raw=0x08,0x3B,0x14,0x70
	setup channel=0x3C, address=LABEL_2E43	;@raw=0x08,0x3C,0x2E,0x43
	deleteChannels first=0x30, last=0x33	;@raw=0x0C,0x30,0x33,0x02
	mov [0x32], 0x0000	;@raw=0x00,0x32,0x00,0x00
	call INIT_RANGE_48_TO_4D_TO_MAX	;@raw=0x04,0xB1,0xFE
	call LABEL_B23B	;@raw=0x04,0xB2,0x3B
	selectVideoPage 0x00	;@raw=0x0D,0x00
	je [HACK_VAR_67], 0x6A, LABEL_A3A3	;@raw=0x0A,0x00,0x67,0x6A,0xA3,0xA3
	je [HACK_VAR_67], 0x6B, LABEL_A41B	;@raw=0x0A,0x00,0x67,0x6B,0xA4,0x1B
	je [HACK_VAR_67], 0x4A, LABEL_A524	;@raw=0x0A,0x00,0x67,0x4A,0xA5,0x24
	je [HACK_VAR_67], 0x4B, LABEL_A57D	;@raw=0x0A,0x00,0x67,0x4B,0xA5,0x7D
	je [HACK_VAR_67], 0x4C, LABEL_A5D0	;@raw=0x0A,0x00,0x67,0x4C,0xA5,0xD0
	je [HACK_VAR_67], 0x4D, LABEL_A662	;@raw=0x0A,0x00,0x67,0x4D,0xA6,0x62
	je [HACK_VAR_67], 0x2A, LABEL_A632	;@raw=0x0A,0x00,0x67,0x2A,0xA6,0x32
	je [HACK_VAR_67], 0x6C, LABEL_A789	;@raw=0x0A,0x00,0x67,0x6C,0xA7,0x89
	je [HACK_VAR_67], 0x6D, LABEL_A7EF	;@raw=0x0A,0x00,0x67,0x6D,0xA7,0xEF
	je [HACK_VAR_67], 0x6E, LABEL_A837	;@raw=0x0A,0x00,0x67,0x6E,0xA8,0x37
	je [HACK_VAR_67], 0x6F, LABEL_A69A	;@raw=0x0A,0x00,0x67,0x6F,0xA6,0x9A
	je [HACK_VAR_67], 0x70, LABEL_A662	;@raw=0x0A,0x00,0x67,0x70,0xA6,0x62
	je [HACK_VAR_67], 0x71, LABEL_A706	;@raw=0x0A,0x00,0x67,0x71,0xA7,0x06
	je [HACK_VAR_67], 0x72, LABEL_A662	;@raw=0x0A,0x00,0x67,0x72,0xA6,0x62
	je [HACK_VAR_67], 0x73, LABEL_A69A	;@raw=0x0A,0x00,0x67,0x73,0xA6,0x9A
	je [HACK_VAR_67], 0x74, LABEL_A662	;@raw=0x0A,0x00,0x67,0x74,0xA6,0x62
	je [HACK_VAR_67], 0x8A, LABEL_AD53	;@raw=0x0A,0x00,0x67,0x8A,0xAD,0x53
	je [HACK_VAR_67], 0x8B, LABEL_ADB5	;@raw=0x0A,0x00,0x67,0x8B,0xAD,0xB5
	je [HACK_VAR_67], 0x8C, LABEL_AE2C	;@raw=0x0A,0x00,0x67,0x8C,0xAE,0x2C
	je [HACK_VAR_67], 0x8D, LABEL_A886	;@raw=0x0A,0x00,0x67,0x8D,0xA8,0x86
	je [HACK_VAR_67], 0x8E, LABEL_AE58	;@raw=0x0A,0x00,0x67,0x8E,0xAE,0x58
	je [HACK_VAR_67], 0x8F, LABEL_A69A	;@raw=0x0A,0x00,0x67,0x8F,0xA6,0x9A
	je [HACK_VAR_67], 0x91, LABEL_A9D6	;@raw=0x0A,0x00,0x67,0x91,0xA9,0xD6
	je [HACK_VAR_67], 0x92, LABEL_AA22	;@raw=0x0A,0x00,0x67,0x92,0xAA,0x22
	je [HACK_VAR_67], 0xA9, LABEL_ABA0	;@raw=0x0A,0x00,0x67,0xA9,0xAB,0xA0
	je [HACK_VAR_67], 0xAA, LABEL_ABE5	;@raw=0x0A,0x00,0x67,0xAA,0xAB,0xE5
	je [HACK_VAR_67], 0xAB, LABEL_AA63	;@raw=0x0A,0x00,0x67,0xAB,0xAA,0x63
	je [HACK_VAR_67], 0xAD, LABEL_A92A	;@raw=0x0A,0x00,0x67,0xAD,0xA9,0x2A
	je [HACK_VAR_67], 0x64, LABEL_A9C4	;@raw=0x0A,0x00,0x67,0x64,0xA9,0xC4
	je [HACK_VAR_67], 0xC8, LABEL_AAC1	;@raw=0x0A,0x00,0x67,0xC8,0xAA,0xC1
	je [HACK_VAR_67], 0xC9, LABEL_AB16	;@raw=0x0A,0x00,0x67,0xC9,0xAB,0x16
	je [HACK_VAR_67], 0xCA, LABEL_AF64	;@raw=0x0A,0x00,0x67,0xCA,0xAF,0x64
	je [HACK_VAR_67], 0xCB, LABEL_AFB0	;@raw=0x0A,0x00,0x67,0xCB,0xAF,0xB0
	je [HACK_VAR_67], 0xCD, LABEL_A957	;@raw=0x0A,0x00,0x67,0xCD,0xA9,0x57
	je [HACK_VAR_67], 0xCE, LABEL_AED0	;@raw=0x0A,0x00,0x67,0xCE,0xAE,0xD0
	je [HACK_VAR_67], 0xEA, LABEL_B06C	;@raw=0x0A,0x00,0x67,0xEA,0xB0,0x6C
	je [HACK_VAR_67], 0xEB, LABEL_AFFD	;@raw=0x0A,0x00,0x67,0xEB,0xAF,0xFD
	je [HACK_VAR_67], 0xEC, LABEL_AF10	;@raw=0x0A,0x00,0x67,0xEC,0xAF,0x10
	je [HACK_VAR_67], 0xED, LABEL_A983	;@raw=0x0A,0x00,0x67,0xED,0xA9,0x83
	je [HACK_VAR_67], 0xEE, LABEL_AE90	;@raw=0x0A,0x00,0x67,0xEE,0xAE,0x90
	je [HACK_VAR_67], 0xEF, LABEL_A69A	;@raw=0x0A,0x00,0x67,0xEF,0xA6,0x9A

LABEL_B3EC:
	selectVideoPage 0xFF	;@raw=0x0D,0xFF
	call LABEL_B28A	;@raw=0x04,0xB2,0x8A
	je [0x66], [HACK_VAR_67], LABEL_B407	;@raw=0x0A,0x80,0x66,0x67,0xB4,0x07
	mov [0xF8], [0x66]	;@raw=0x01,0xF8,0x66
	and [0xF8], 0x001F	;@raw=0x14,0xF8,0x00,0x1F
	jne [0xF8], 0x05, LABEL_B404	;@raw=0x0A,0x01,0xF8,0x05,0xB4,0x04

LABEL_B404:
	copyVideoPage src=0x00, dst=0xFF	;@raw=0x0F,0x00,0xFF

LABEL_B407:
	mov [0x66], [HACK_VAR_67]	;@raw=0x01,0x66,0x67
	ret	;@raw=0x05
LABEL_B40B:
	db 0x11

LABEL_B40C:
	jne [HACK_VAR_67], 0x4D, LABEL_B417	;@raw=0x0A,0x01,0x67,0x4D,0xB4,0x17
	mov [HACK_VAR_67], 0x0064	;@raw=0x00,0x67,0x00,0x64
	ret	;@raw=0x05

LABEL_B417:
	jne [HACK_VAR_67], 0x8C, LABEL_B42A	;@raw=0x0A,0x01,0x67,0x8C,0xB4,0x2A
	mov [HACK_VAR_67], 0x00AB	;@raw=0x00,0x67,0x00,0xAB
	mov [0x01], 0x0140	;@raw=0x00,0x01,0x01,0x40
	mov [0x02], 0x003C	;@raw=0x00,0x02,0x00,0x3C
	ret	;@raw=0x05

LABEL_B42A:
	jne [HACK_VAR_67], 0x8A, LABEL_B443	;@raw=0x0A,0x01,0x67,0x8A,0xB4,0x43
	jl [0x01], 0x46, LABEL_B48A	;@raw=0x0A,0x04,0x01,0x46,0xB4,0x8A
	mov [HACK_VAR_67], 0x008B	;@raw=0x00,0x67,0x00,0x8B
	mov [0x01], 0x0000	;@raw=0x00,0x01,0x00,0x00
	mov [0x02], 0x003C	;@raw=0x00,0x02,0x00,0x3C
	ret	;@raw=0x05

LABEL_B443:
	jne [HACK_VAR_67], 0x8E, LABEL_B44E	;@raw=0x0A,0x01,0x67,0x8E,0xB4,0x4E
	mov [HACK_VAR_67], 0x00CE	;@raw=0x00,0x67,0x00,0xCE
	ret	;@raw=0x05

LABEL_B44E:
	jne [HACK_VAR_67], 0x2A, LABEL_B459	;@raw=0x0A,0x01,0x67,0x2A,0xB4,0x59
	mov [HACK_VAR_67], 0x006D	;@raw=0x00,0x67,0x00,0x6D
	ret	;@raw=0x05

LABEL_B459:
	jne [HACK_VAR_67], 0x8B, LABEL_B46C	;@raw=0x0A,0x01,0x67,0x8B,0xB4,0x6C
	mov [0x01], 0x00A0	;@raw=0x00,0x01,0x00,0xA0
	mov [0x02], 0x0032	;@raw=0x00,0x02,0x00,0x32
	mov [HACK_VAR_67], 0x00C9	;@raw=0x00,0x67,0x00,0xC9
	ret	;@raw=0x05

LABEL_B46C:
	jne [HACK_VAR_67], 0xCB, LABEL_B47B	;@raw=0x0A,0x01,0x67,0xCB,0xB4,0x7B
	mov [0x01], 0x004B	;@raw=0x00,0x01,0x00,0x4B
	mov [HACK_VAR_67], 0x00EB	;@raw=0x00,0x67,0x00,0xEB
	ret	;@raw=0x05

LABEL_B47B:
	jne [HACK_VAR_67], 0xAA, LABEL_B48A	;@raw=0x0A,0x01,0x67,0xAA,0xB4,0x8A
	mov [HACK_VAR_67], 0x00C8	;@raw=0x00,0x67,0x00,0xC8
	mov [0x01], 0x00C8	;@raw=0x00,0x01,0x00,0xC8
	ret	;@raw=0x05

LABEL_B48A:
	add [HACK_VAR_67], 0x0020	;@raw=0x03,0x67,0x00,0x20
	ret	;@raw=0x05

LABEL_B48F:
	jne [HACK_VAR_67], 0xCE, LABEL_B49A	;@raw=0x0A,0x01,0x67,0xCE,0xB4,0x9A
	mov [HACK_VAR_67], 0x008E	;@raw=0x00,0x67,0x00,0x8E
	ret	;@raw=0x05

LABEL_B49A:
	jne [HACK_VAR_67], 0xC8, LABEL_B4A9	;@raw=0x0A,0x01,0x67,0xC8,0xB4,0xA9
	mov [HACK_VAR_67], 0x00AA	;@raw=0x00,0x67,0x00,0xAA
	mov [0x01], 0x00BE	;@raw=0x00,0x01,0x00,0xBE
	ret	;@raw=0x05

LABEL_B4A9:
	sub [HACK_VAR_67], 0x0020	;@raw=0x03,0x67,0xFF,0xE0
	ret	;@raw=0x05

LABEL_B4AE:
	jne [HACK_VAR_67], 0x8B, LABEL_B4CC	;@raw=0x0A,0x01,0x67,0x8B,0xB4,0xCC
	jg [0x02], 0x96, LABEL_B4C7	;@raw=0x0A,0x02,0x02,0x96,0xB4,0xC7
	mov [HACK_VAR_67], 0x008A	;@raw=0x00,0x67,0x00,0x8A
	mov [0x01], 0x00CB	;@raw=0x00,0x01,0x00,0xCB
	mov [0x02], 0x00E0	;@raw=0x00,0x02,0x00,0xE0
	ret	;@raw=0x05

LABEL_B4C7:
	mov [HACK_VAR_67], 0x00AA	;@raw=0x00,0x67,0x00,0xAA
	ret	;@raw=0x05

LABEL_B4CC:
	jne [HACK_VAR_67], 0x8D, LABEL_B4D7	;@raw=0x0A,0x01,0x67,0x8D,0xB4,0xD7
	mov [HACK_VAR_67], 0x008C	;@raw=0x00,0x67,0x00,0x8C
	ret	;@raw=0x05

LABEL_B4D7:
	jne [HACK_VAR_67], 0x68, LABEL_B4EC	;@raw=0x0A,0x01,0x67,0x68,0xB4,0xEC
	jl [0x02], 0x96, LABEL_B4F8	;@raw=0x0A,0x04,0x02,0x96,0xB4,0xF8
	mov [HACK_VAR_67], 0x0087	;@raw=0x00,0x67,0x00,0x87
	mov [0x02], 0x0028	;@raw=0x00,0x02,0x00,0x28
	ret	;@raw=0x05

LABEL_B4EC:
	jne [HACK_VAR_67], 0x0438, LABEL_B4F8	;@raw=0x0A,0x41,0x67,0x04,0x38,0xB4,0xF8
	mov [HACK_VAR_67], 0x0029	;@raw=0x00,0x67,0x00,0x29
	ret	;@raw=0x05

LABEL_B4F8:
	sub [HACK_VAR_67], 0x0001	;@raw=0x03,0x67,0xFF,0xFF
	ret	;@raw=0x05
LABEL_B4FD:
	db 0x11

LABEL_B4FE:
	jne [HACK_VAR_67], 0xAA, LABEL_B509	;@raw=0x0A,0x01,0x67,0xAA,0xB5,0x09
	mov [HACK_VAR_67], 0x008B	;@raw=0x00,0x67,0x00,0x8B
	ret	;@raw=0x05

LABEL_B509:
	jne [HACK_VAR_67], 0x8E, LABEL_B514	;@raw=0x0A,0x01,0x67,0x8E,0xB5,0x14
	mov [HACK_VAR_67], 0x006F	;@raw=0x00,0x67,0x00,0x6F
	ret	;@raw=0x05

LABEL_B514:
	jne [HACK_VAR_67], 0x019A, LABEL_B520	;@raw=0x0A,0x41,0x67,0x01,0x9A,0xB5,0x20
	mov [HACK_VAR_67], 0x006C	;@raw=0x00,0x67,0x00,0x6C
	ret	;@raw=0x05

LABEL_B520:
	jne [HACK_VAR_67], 0x0424, LABEL_B536	;@raw=0x0A,0x41,0x67,0x04,0x24,0xB5,0x36
	jg [0x02], 0xA0, LABEL_B536	;@raw=0x0A,0x02,0x02,0xA0,0xB5,0x36
	mov [HACK_VAR_67], 0x006B	;@raw=0x00,0x67,0x00,0x6B
	mov [0x01], 0x0046	;@raw=0x00,0x01,0x00,0x46
	ret	;@raw=0x05

LABEL_B536:
	add [HACK_VAR_67], 0x0001	;@raw=0x03,0x67,0x00,0x01
	ret	;@raw=0x05
LABEL_B53B:
	db 0x11

LABEL_B53C:
	call LABEL_742F	;@raw=0x04,0x74,0x2F
	call LABEL_7360	;@raw=0x04,0x73,0x60
	call LABEL_9B5E	;@raw=0x04,0x9B,0x5E
	jl [0x01], 0x0146, LABEL_B579	;@raw=0x0A,0x44,0x01,0x01,0x46,0xB5,0x79
	je [HACK_VAR_67], 0x91, LABEL_B558	;@raw=0x0A,0x00,0x67,0x91,0xB5,0x58
	je [0x63], 0x02, LABEL_B55F	;@raw=0x0A,0x00,0x63,0x02,0xB5,0x5F

LABEL_B558:
	jl [0x01], 0x0150, LABEL_B579	;@raw=0x0A,0x44,0x01,0x01,0x50,0xB5,0x79

LABEL_B55F:
	call LABEL_B4FE	;@raw=0x04,0xB4,0xFE
	call LABEL_B2CA	;@raw=0x04,0xB2,0xCA
	call LABEL_B299	;@raw=0x04,0xB2,0x99
	mov [0x28], 0x0008	;@raw=0x00,0x28,0x00,0x08
	je [HACK_VAR_67], 0x6B, LABEL_B5EE	;@raw=0x0A,0x00,0x67,0x6B,0xB5,0xEE
	mov [0x01], 0x0008	;@raw=0x00,0x01,0x00,0x08
	jmp LABEL_B5EE	;@raw=0x07,0xB5,0xEE

LABEL_B579:
	jg [0x01], 0xFFFA, LABEL_B5A7	;@raw=0x0A,0x42,0x01,0xFF,0xFA,0xB5,0xA7
	je [0x63], 0x01, LABEL_B58D	;@raw=0x0A,0x00,0x63,0x01,0xB5,0x8D
	jg [0x01], 0xFFF0, LABEL_B5A7	;@raw=0x0A,0x42,0x01,0xFF,0xF0,0xB5,0xA7

LABEL_B58D:
	call LABEL_B4AE	;@raw=0x04,0xB4,0xAE
	call LABEL_B2CA	;@raw=0x04,0xB2,0xCA
	call LABEL_B299	;@raw=0x04,0xB2,0x99
	mov [0x28], 0x0140	;@raw=0x00,0x28,0x01,0x40
	je [HACK_VAR_67], 0x8A, LABEL_B5EE	;@raw=0x0A,0x00,0x67,0x8A,0xB5,0xEE
	mov [0x01], 0x0140	;@raw=0x00,0x01,0x01,0x40
	jmp LABEL_B5EE	;@raw=0x07,0xB5,0xEE

LABEL_B5A7:
	jl [0x02], 0xF9, LABEL_B5CD	;@raw=0x0A,0x04,0x02,0xF9,0xB5,0xCD
	call LABEL_B40C	;@raw=0x04,0xB4,0x0C
	call LABEL_B2CA	;@raw=0x04,0xB2,0xCA
	call LABEL_B299	;@raw=0x04,0xB2,0x99
	mov [0x28], 0x0008	;@raw=0x00,0x28,0x00,0x08
	je [HACK_VAR_67], 0xC9, LABEL_B5EE	;@raw=0x0A,0x00,0x67,0xC9,0xB5,0xEE
	je [HACK_VAR_67], 0x8B, LABEL_B5EE	;@raw=0x0A,0x00,0x67,0x8B,0xB5,0xEE
	mov [0x02], 0xFFFD	;@raw=0x00,0x02,0xFF,0xFD
	jmp LABEL_B5EE	;@raw=0x07,0xB5,0xEE

LABEL_B5CD:
	jg [0x02], 0xFFEC, LABEL_B5EE	;@raw=0x0A,0x42,0x02,0xFF,0xEC,0xB5,0xEE
	call LABEL_B48F	;@raw=0x04,0xB4,0x8F
	call LABEL_B2CA	;@raw=0x04,0xB2,0xCA
	call LABEL_B299	;@raw=0x04,0xB2,0x99
	mov [0x02], 0x00C8	;@raw=0x00,0x02,0x00,0xC8
	je [HACK_VAR_67], 0xAA, LABEL_B5EE	;@raw=0x0A,0x00,0x67,0xAA,0xB5,0xEE
	mov [0x28], 0x0008	;@raw=0x00,0x28,0x00,0x08
	jmp LABEL_B5EE	;@raw=0x07,0xB5,0xEE

LABEL_B5EE:
	break	;@raw=0x06
	jmp LABEL_B53C	;@raw=0x07,0xB5,0x3C
	killChannel	;@raw=0x11

LABEL_B5F3:
	blitFramebuffer 0xFF	;@raw=0x10,0xFF
	selectVideoPage 0xFF	;@raw=0x0D,0xFF
	fill page=0xFF, color=0x04	;@raw=0x0E,0xFF,0x04
	break	;@raw=0x06
	jmp LABEL_B5F3	;@raw=0x07,0xB5,0xF3
LABEL_B5FE:
	db 0x11

LABEL_B5FF:
	blitFramebuffer 0xFF	;@raw=0x10,0xFF
	selectVideoPage 0xFF	;@raw=0x0D,0xFF
	fill page=0xFF, color=0x00	;@raw=0x0E,0xFF,0x00
	copyVideoPage src=0x03, dst=0x00	;@raw=0x0F,0x03,0x00
	break	;@raw=0x06
	jmp LABEL_B5FF	;@raw=0x07,0xB5,0xFF
	killChannel	;@raw=0x11

LABEL_B60E:
	blitFramebuffer 0xFF	;@raw=0x10,0xFF
	selectVideoPage 0xFF	;@raw=0x0D,0xFF
	fill page=0xFF, color=0x00	;@raw=0x0E,0xFF,0x00
	break	;@raw=0x06
	jmp LABEL_B60E	;@raw=0x07,0xB6,0x0E
LABEL_B619:
	db 0x11

INIT_BIRD_AI_VARS:
	mov [0x01], 0x0091	;@raw=0x00,0x01,0x00,0x91
	mov [0x02], 0x008F	;@raw=0x00,0x02,0x00,0x8F
	mov [0x0F], 0x0000	;@raw=0x00,0x0F,0x00,0x00
	mov [0x28], [0x01]	;@raw=0x01,0x28,0x01
	mov [0x04], 0x0020	;@raw=0x00,0x04,0x00,0x20
	mov [0x05], 0x0000	;@raw=0x00,0x05,0x00,0x00
	mov [0x06], 0x03DE	;@raw=0x00,0x06,0x03,0xDE
	mov [0x0A], 0x0001	;@raw=0x00,0x0A,0x00,0x01
	mov [0x63], 0x0001	;@raw=0x00,0x63,0x00,0x01
	mov [0x2A], 0x000F	;@raw=0x00,0x2A,0x00,0x0F
	ret	;@raw=0x05

LABEL_B642:
	mov [0x04], 0x0020	;@raw=0x00,0x04,0x00,0x20
	ret	;@raw=0x05

LABEL_B647:
	mov [0x04], 0x0030	;@raw=0x00,0x04,0x00,0x30
	ret	;@raw=0x05

LABEL_B64C:
	mov [0x04], 0x0000	;@raw=0x00,0x04,0x00,0x00
	ret	;@raw=0x05

LABEL_B651:
	mov [0x04], 0x0010	;@raw=0x00,0x04,0x00,0x10
	ret	;@raw=0x05

LABEL_B656:
	mov [0x04], 0x0008	;@raw=0x00,0x04,0x00,0x08
	ret	;@raw=0x05

LABEL_B65B:
	mov [0x04], 0x0034	;@raw=0x00,0x04,0x00,0x34
	ret	;@raw=0x05

LABEL_B660:
	mov [0x04], 0x0024	;@raw=0x00,0x04,0x00,0x24
	ret	;@raw=0x05
LABEL_B665:
	db 0x11

LABEL_B666:
	je [0x63], 0x64, LABEL_B7EC	;@raw=0x0A,0x00,0x63,0x64,0xB7,0xEC
	jne [HERO_POS_JUMP_DOWN], 0xFFFF, LABEL_B6AF	;@raw=0x0A,0x41,0xFB,0xFF,0xFF,0xB6,0xAF
	jne [0x63], 0x05, LABEL_B684	;@raw=0x0A,0x01,0x63,0x05,0xB6,0x84
	setup channel=0x14, address=LABEL_C1F0	;@raw=0x08,0x14,0xC1,0xF0
	mov [0x63], 0x0064	;@raw=0x00,0x63,0x00,0x64
	jmp LABEL_B7EC	;@raw=0x07,0xB7,0xEC

LABEL_B684:
	jne [0x63], 0x06, LABEL_B695	;@raw=0x0A,0x01,0x63,0x06,0xB6,0x95
	setup channel=0x14, address=LABEL_C364	;@raw=0x08,0x14,0xC3,0x64
	mov [0x63], 0x0064	;@raw=0x00,0x63,0x00,0x64
	jmp LABEL_B7EC	;@raw=0x07,0xB7,0xEC

LABEL_B695:
	jne [0x63], 0x01, LABEL_B6A2	;@raw=0x0A,0x01,0x63,0x01,0xB6,0xA2
	setup channel=0x14, address=LABEL_C129	;@raw=0x08,0x14,0xC1,0x29
	jmp LABEL_B7EC	;@raw=0x07,0xB7,0xEC

LABEL_B6A2:
	jne [0x63], 0x02, LABEL_B6AF	;@raw=0x0A,0x01,0x63,0x02,0xB6,0xAF
	setup channel=0x14, address=LABEL_C29D	;@raw=0x08,0x14,0xC2,0x9D
	jmp LABEL_B7EC	;@raw=0x07,0xB7,0xEC

LABEL_B6AF:
	jge [HERO_ACTION_POS_MASK], 0x80, LABEL_B742	;@raw=0x0A,0x03,0xFE,0x80,0xB7,0x42
	jne [HERO_POS_LEFT_RIGHT], 0xFFFF, LABEL_B6D4	;@raw=0x0A,0x41,0xFC,0xFF,0xFF,0xB6,0xD4
	je [0x63], 0x01, LABEL_B6D4	;@raw=0x0A,0x00,0x63,0x01,0xB6,0xD4
	setup channel=0x14, address=LABEL_BB8C	;@raw=0x08,0x14,0xBB,0x8C
	je [0x63], 0x05, LABEL_B6D0	;@raw=0x0A,0x00,0x63,0x05,0xB6,0xD0
	setup channel=0x14, address=LABEL_BB7E	;@raw=0x08,0x14,0xBB,0x7E

LABEL_B6D0:
	mov [0x63], 0x0001	;@raw=0x00,0x63,0x00,0x01

LABEL_B6D4:
	jne [HERO_POS_LEFT_RIGHT], 0x01, LABEL_B6F2	;@raw=0x0A,0x01,0xFC,0x01,0xB6,0xF2
	je [0x63], 0x02, LABEL_B6F2	;@raw=0x0A,0x00,0x63,0x02,0xB6,0xF2
	setup channel=0x14, address=LABEL_BD20	;@raw=0x08,0x14,0xBD,0x20
	je [0x63], 0x06, LABEL_B6EE	;@raw=0x0A,0x00,0x63,0x06,0xB6,0xEE
	setup channel=0x14, address=LABEL_BD12	;@raw=0x08,0x14,0xBD,0x12

LABEL_B6EE:
	mov [0x63], 0x0002	;@raw=0x00,0x63,0x00,0x02

LABEL_B6F2:
	je [0x63], 0x05, LABEL_B720	;@raw=0x0A,0x00,0x63,0x05,0xB7,0x20
	je [0x63], 0x01, LABEL_B720	;@raw=0x0A,0x00,0x63,0x01,0xB7,0x20
	jne [HERO_ACTION_POS_MASK], 0x04, LABEL_B70F	;@raw=0x0A,0x01,0xFE,0x04,0xB7,0x0F
	mov [0x63], 0x0064	;@raw=0x00,0x63,0x00,0x64
	setup channel=0x14, address=LABEL_C60F	;@raw=0x08,0x14,0xC6,0x0F
	jmp LABEL_B73F	;@raw=0x07,0xB7,0x3F

LABEL_B70F:
	jne [HERO_ACTION_POS_MASK], 0x08, LABEL_B73F	;@raw=0x0A,0x01,0xFE,0x08,0xB7,0x3F
	mov [0x63], 0x0064	;@raw=0x00,0x63,0x00,0x64
	setup channel=0x14, address=LABEL_C29D	;@raw=0x08,0x14,0xC2,0x9D
	jmp LABEL_B73F	;@raw=0x07,0xB7,0x3F

LABEL_B720:
	jne [HERO_ACTION_POS_MASK], 0x04, LABEL_B731	;@raw=0x0A,0x01,0xFE,0x04,0xB7,0x31
	mov [0x63], 0x0064	;@raw=0x00,0x63,0x00,0x64
	setup channel=0x14, address=LABEL_C56F	;@raw=0x08,0x14,0xC5,0x6F
	jmp LABEL_B73F	;@raw=0x07,0xB7,0x3F

LABEL_B731:
	jne [HERO_ACTION_POS_MASK], 0x08, LABEL_B73F	;@raw=0x0A,0x01,0xFE,0x08,0xB7,0x3F
	mov [0x63], 0x0064	;@raw=0x00,0x63,0x00,0x64
	setup channel=0x14, address=LABEL_C129	;@raw=0x08,0x14,0xC1,0x29

LABEL_B73F:
	jmp LABEL_B7EC	;@raw=0x07,0xB7,0xEC

LABEL_B742:
	jne [HERO_ACTION_POS_MASK], 0x80, LABEL_B767	;@raw=0x0A,0x01,0xFE,0x80,0xB7,0x67
	je [0x63], 0x01, LABEL_B75F	;@raw=0x0A,0x00,0x63,0x01,0xB7,0x5F
	je [0x63], 0x05, LABEL_B75F	;@raw=0x0A,0x00,0x63,0x05,0xB7,0x5F
	mov [0x63], 0x0064	;@raw=0x00,0x63,0x00,0x64
	setup channel=0x14, address=LABEL_C411	;@raw=0x08,0x14,0xC4,0x11
	jmp LABEL_B767	;@raw=0x07,0xB7,0x67

LABEL_B75F:
	mov [0x63], 0x0064	;@raw=0x00,0x63,0x00,0x64
	setup channel=0x14, address=LABEL_C083	;@raw=0x08,0x14,0xC0,0x83

LABEL_B767:
	jne [HERO_ACTION_POS_MASK], 0x82, LABEL_B785	;@raw=0x0A,0x01,0xFE,0x82,0xB7,0x85
	je [0x63], 0x05, LABEL_B785	;@raw=0x0A,0x00,0x63,0x05,0xB7,0x85
	setup channel=0x14, address=LABEL_BEE8	;@raw=0x08,0x14,0xBE,0xE8
	jne [0x63], 0x02, LABEL_B781	;@raw=0x0A,0x01,0x63,0x02,0xB7,0x81
	setup channel=0x14, address=LABEL_BEC4	;@raw=0x08,0x14,0xBE,0xC4

LABEL_B781:
	mov [0x63], 0x0005	;@raw=0x00,0x63,0x00,0x05

LABEL_B785:
	jne [HERO_ACTION_POS_MASK], 0x81, LABEL_B7A3	;@raw=0x0A,0x01,0xFE,0x81,0xB7,0xA3
	je [0x63], 0x06, LABEL_B7A3	;@raw=0x0A,0x00,0x63,0x06,0xB7,0xA3
	setup channel=0x14, address=LABEL_BFCE	;@raw=0x08,0x14,0xBF,0xCE
	jne [0x63], 0x01, LABEL_B79F	;@raw=0x0A,0x01,0x63,0x01,0xB7,0x9F
	setup channel=0x14, address=LABEL_BFAE	;@raw=0x08,0x14,0xBF,0xAE

LABEL_B79F:
	mov [0x63], 0x0006	;@raw=0x00,0x63,0x00,0x06

LABEL_B7A3:
	je [0x63], 0x01, LABEL_B7CF	;@raw=0x0A,0x00,0x63,0x01,0xB7,0xCF
	je [0x63], 0x05, LABEL_B7CF	;@raw=0x0A,0x00,0x63,0x05,0xB7,0xCF
	jne [HERO_POS_JUMP_DOWN], 0xFFFF, LABEL_B7BE	;@raw=0x0A,0x41,0xFB,0xFF,0xFF,0xB7,0xBE
	mov [0x63], 0x0064	;@raw=0x00,0x63,0x00,0x64
	setup channel=0x14, address=LABEL_C364	;@raw=0x08,0x14,0xC3,0x64

LABEL_B7BE:
	jne [HERO_ACTION_POS_MASK], 0x84, LABEL_B7CC	;@raw=0x0A,0x01,0xFE,0x84,0xB7,0xCC
	mov [0x63], 0x0064	;@raw=0x00,0x63,0x00,0x64
	setup channel=0x14, address=LABEL_C4CB	;@raw=0x08,0x14,0xC4,0xCB

LABEL_B7CC:
	jmp LABEL_B7EC	;@raw=0x07,0xB7,0xEC

LABEL_B7CF:
	jne [HERO_POS_JUMP_DOWN], 0xFFFF, LABEL_B7DE	;@raw=0x0A,0x41,0xFB,0xFF,0xFF,0xB7,0xDE
	mov [0x63], 0x0064	;@raw=0x00,0x63,0x00,0x64
	setup channel=0x14, address=LABEL_C1F0	;@raw=0x08,0x14,0xC1,0xF0

LABEL_B7DE:
	jne [HERO_ACTION_POS_MASK], 0x84, LABEL_B7EC	;@raw=0x0A,0x01,0xFE,0x84,0xB7,0xEC
	mov [0x63], 0x0064	;@raw=0x00,0x63,0x00,0x64
	setup channel=0x14, address=LABEL_C4B6	;@raw=0x08,0x14,0xC4,0xB6

LABEL_B7EC:
	break	;@raw=0x06
	jmp LABEL_B666	;@raw=0x07,0xB6,0x66
	killChannel	;@raw=0x11
	video type=0, offset=COMMON_VIDEO_152, x=[0x01], y=[0x02], zoom=0x40	;@raw=0x57,0x22,0x46,0x01,0x02
	break	;@raw=0x06
	video type=0, offset=COMMON_VIDEO_151, x=[0x01], y=[0x02], zoom=0x40	;@raw=0x57,0x22,0x94,0x01,0x02
	add [0x01], 0x0006	;@raw=0x03,0x01,0x00,0x06
	break	;@raw=0x06
	video type=0, offset=COMMON_VIDEO_150, x=[0x01], y=[0x02], zoom=0x40	;@raw=0x57,0x22,0xE0,0x01,0x02
	add [0x01], 0x0001	;@raw=0x03,0x01,0x00,0x01
	call LABEL_B656	;@raw=0x04,0xB6,0x56
	break	;@raw=0x06
	video type=0, offset=COMMON_VIDEO_161, x=[0x01], y=[0x02], zoom=0x40	;@raw=0x57,0x23,0x28,0x01,0x02
	break	;@raw=0x06
	video type=0, offset=COMMON_VIDEO_149, x=[0x01], y=[0x02], zoom=0x40	;@raw=0x57,0x23,0x6A,0x01,0x02
	add [0x01], 0x0003	;@raw=0x03,0x01,0x00,0x03
	break	;@raw=0x06
	video type=0, offset=COMMON_VIDEO_162, x=[0x01], y=[0x02], zoom=0x40	;@raw=0x57,0x26,0x20,0x01,0x02
	add [0x01], 0x0005	;@raw=0x03,0x01,0x00,0x05
	break	;@raw=0x06
	mov [0x2A], 0x000F	;@raw=0x00,0x2A,0x00,0x0F
	jmp LABEL_B8A9	;@raw=0x07,0xB8,0xA9
LABEL_B82F:
	db 0x11

LABEL_B830:
	break	;@raw=0x06
	video type=0, offset=COMMON_VIDEO_147, x=[0x01], y=[0x02], zoom=0x40	;@raw=0x57,0x24,0x6C,0x01,0x02
	add [0x01], 0x0003	;@raw=0x03,0x01,0x00,0x03
	break	;@raw=0x06
	jmp LABEL_B859	;@raw=0x07,0xB8,0x59

LABEL_B83E:
	add [0x01], 0x0002	;@raw=0x03,0x01,0x00,0x02
	add [0x01], 0x0003	;@raw=0x03,0x01,0x00,0x03
	break	;@raw=0x06
	video type=0, offset=COMMON_VIDEO_142, x=[0x01], y=[0x02], zoom=0x40	;@raw=0x57,0x25,0xA6,0x01,0x02
	add [0x01], 0x0002	;@raw=0x03,0x01,0x00,0x02
	add [0x01], 0x0001	;@raw=0x03,0x01,0x00,0x01
	add [0x01], 0x0002	;@raw=0x03,0x01,0x00,0x02
	break	;@raw=0x06

LABEL_B859:
	je [HACK_VAR_67], 0x25, LABEL_B893	;@raw=0x0A,0x00,0x67,0x25,0xB8,0x93
	video type=0, offset=COMMON_VIDEO_140, x=[0x01], y=[0x02], zoom=0x40	;@raw=0x57,0x24,0x2E,0x01,0x02
	add [0x01], 0x0003	;@raw=0x03,0x01,0x00,0x03
	break	;@raw=0x06
	video type=0, offset=COMMON_VIDEO_149, x=[0x01], y=[0x02], zoom=0x40	;@raw=0x57,0x23,0x6A,0x01,0x02
	sub [0x01], 0x0001	;@raw=0x03,0x01,0xFF,0xFF
	break	;@raw=0x06
	video type=0, offset=COMMON_VIDEO_150, x=[0x01], y=[0x02], zoom=0x40	;@raw=0x57,0x22,0xE0,0x01,0x02
	sub [0x01], 0x0006	;@raw=0x03,0x01,0xFF,0xFA
	break	;@raw=0x06
	video type=0, offset=COMMON_VIDEO_151, x=[0x01], y=[0x02], zoom=0x40	;@raw=0x57,0x22,0x94,0x01,0x02
	break	;@raw=0x06
	video type=0, offset=COMMON_VIDEO_152, x=[0x01], y=[0x02], zoom=0x40	;@raw=0x57,0x22,0x46,0x01,0x02
	mov [0x2A], 0x000F	;@raw=0x00,0x2A,0x00,0x0F
	call LABEL_B651	;@raw=0x04,0xB6,0x51
	jmp LABEL_C5E3	;@raw=0x07,0xC5,0xE3
LABEL_B892:
	db 0x11

LABEL_B893:
	video type=0, offset=COMMON_VIDEO_140, x=[0x01], y=[0x02], zoom=0x40	;@raw=0x57,0x24,0x2E,0x01,0x02
	break	;@raw=0x06
	je [HERO_ACTION_POS_MASK], 0x05, LABEL_B8A9	;@raw=0x0A,0x00,0xFE,0x05,0xB8,0xA9
	je [HERO_ACTION_POS_MASK], 0x06, LABEL_BA6F	;@raw=0x0A,0x00,0xFE,0x06,0xBA,0x6F
	jmp LABEL_B893	;@raw=0x07,0xB8,0x93
LABEL_B8A8:
	db 0x11

LABEL_B8A9:
	video type=0, offset=COMMON_VIDEO_140, x=[0x01], y=[0x02], zoom=0x40	;@raw=0x57,0x24,0x2E,0x01,0x02
	add [0x01], 0x0002	;@raw=0x03,0x01,0x00,0x02
	break	;@raw=0x06
	je [HERO_POS_MASK], 0x06, LABEL_BA59	;@raw=0x0A,0x00,0xFD,0x06,0xBA,0x59

LABEL_B8B9:
	jne [HERO_ACTION_POS_MASK], 0x05, LABEL_B859	;@raw=0x0A,0x01,0xFE,0x05,0xB8,0x59
	video type=0, offset=COMMON_VIDEO_163, x=[0x01], y=[0x02], zoom=0x40	;@raw=0x57,0x23,0xEE,0x01,0x02
	break	;@raw=0x06
	je [HERO_POS_MASK], 0x06, LABEL_BA4D	;@raw=0x0A,0x00,0xFD,0x06,0xBA,0x4D

LABEL_B8CB:
	jne [HERO_ACTION_POS_MASK], 0x05, LABEL_B859	;@raw=0x0A,0x01,0xFE,0x05,0xB8,0x59
	video type=0, offset=COMMON_VIDEO_139, x=[0x01], y=[0x02], zoom=0x40	;@raw=0x57,0x23,0xAA,0x01,0x02
	add [0x01], 0x0001	;@raw=0x03,0x01,0x00,0x01
	break	;@raw=0x06
	je [HERO_POS_MASK], 0x06, LABEL_BB1F	;@raw=0x0A,0x00,0xFD,0x06,0xBB,0x1F

LABEL_B8E1:
	jne [HERO_ACTION_POS_MASK], 0x05, LABEL_B859	;@raw=0x0A,0x01,0xFE,0x05,0xB8,0x59
	video type=0, offset=COMMON_VIDEO_141, x=[0x01], y=[0x02], zoom=0x40	;@raw=0x57,0x25,0xE2,0x01,0x02
	add [0x01], 0x0002	;@raw=0x03,0x01,0x00,0x02
	break	;@raw=0x06
	je [HERO_POS_MASK], 0x06, LABEL_BB09	;@raw=0x0A,0x00,0xFD,0x06,0xBB,0x09

LABEL_B8F7:
	jne [HERO_ACTION_POS_MASK], 0x05, LABEL_B859	;@raw=0x0A,0x01,0xFE,0x05,0xB8,0x59
	video type=0, offset=COMMON_VIDEO_142, x=[0x01], y=[0x02], zoom=0x40	;@raw=0x57,0x25,0xA6,0x01,0x02
	add [0x01], 0x0004	;@raw=0x03,0x01,0x00,0x04
	break	;@raw=0x06
	je [HERO_POS_MASK], 0x06, LABEL_BAF3	;@raw=0x0A,0x00,0xFD,0x06,0xBA,0xF3

LABEL_B90D:
	video type=0, offset=COMMON_VIDEO_143, x=[0x01], y=[0x02], zoom=0x40	;@raw=0x57,0x25,0x66,0x01,0x02
	jne [HERO_ACTION_POS_MASK], 0x05, LABEL_B83E	;@raw=0x0A,0x01,0xFE,0x05,0xB8,0x3E
	add [0x01], 0x0003	;@raw=0x03,0x01,0x00,0x03
	break	;@raw=0x06
	je [HERO_POS_MASK], 0x06, LABEL_BADD	;@raw=0x0A,0x00,0xFD,0x06,0xBA,0xDD

LABEL_B923:
	video type=0, offset=COMMON_VIDEO_144, x=[0x01], y=[0x02], zoom=0x40	;@raw=0x57,0x25,0x36,0x01,0x02
	jne [HERO_ACTION_POS_MASK], 0x05, LABEL_B83E	;@raw=0x0A,0x01,0xFE,0x05,0xB8,0x3E
	add [0x01], 0x0002	;@raw=0x03,0x01,0x00,0x02
	break	;@raw=0x06
	je [HERO_POS_MASK], 0x06, LABEL_BAC7	;@raw=0x0A,0x00,0xFD,0x06,0xBA,0xC7

LABEL_B939:
	video type=0, offset=COMMON_VIDEO_145, x=[0x01], y=[0x02], zoom=0x40	;@raw=0x57,0x25,0x02,0x01,0x02
	jne [HERO_ACTION_POS_MASK], 0x05, LABEL_B83E	;@raw=0x0A,0x01,0xFE,0x05,0xB8,0x3E
	add [0x01], 0x0001	;@raw=0x03,0x01,0x00,0x01
	break	;@raw=0x06
	je [HERO_POS_MASK], 0x06, LABEL_BAB1	;@raw=0x0A,0x00,0xFD,0x06,0xBA,0xB1

LABEL_B94F:
	video type=0, offset=COMMON_VIDEO_146, x=[0x01], y=[0x02], zoom=0x40	;@raw=0x57,0x24,0xD8,0x01,0x02
	jne [HERO_ACTION_POS_MASK], 0x05, LABEL_B830	;@raw=0x0A,0x01,0xFE,0x05,0xB8,0x30
	add [0x01], 0x0002	;@raw=0x03,0x01,0x00,0x02
	break	;@raw=0x06
	je [HERO_POS_MASK], 0x06, LABEL_BA9B	;@raw=0x0A,0x00,0xFD,0x06,0xBA,0x9B

LABEL_B965:
	video type=0, offset=COMMON_VIDEO_148, x=[0x01], y=[0x02], zoom=0x40	;@raw=0x57,0x24,0xAA,0x01,0x02
	jne [HERO_ACTION_POS_MASK], 0x05, LABEL_B830	;@raw=0x0A,0x01,0xFE,0x05,0xB8,0x30
	add [0x01], 0x0003	;@raw=0x03,0x01,0x00,0x03
	break	;@raw=0x06
	je [HERO_POS_MASK], 0x06, LABEL_BA85	;@raw=0x0A,0x00,0xFD,0x06,0xBA,0x85

LABEL_B97B:
	video type=0, offset=COMMON_VIDEO_147, x=[0x01], y=[0x02], zoom=0x40	;@raw=0x57,0x24,0x6C,0x01,0x02
	add [0x01], 0x0002	;@raw=0x03,0x01,0x00,0x02
	break	;@raw=0x06
	je [HERO_POS_MASK], 0x06, LABEL_BA6F	;@raw=0x0A,0x00,0xFD,0x06,0xBA,0x6F
	jne [HERO_ACTION_POS_MASK], 0x05, LABEL_B859	;@raw=0x0A,0x01,0xFE,0x05,0xB8,0x59
	jmp LABEL_B8A9	;@raw=0x07,0xB8,0xA9
	killChannel	;@raw=0x11
	video type=0, offset=COMMON_VIDEO_133, x=[0x01], y=[0x02], zoom=0x40	;@raw=0x57,0x2B,0xE2,0x01,0x02
	break	;@raw=0x06
	video type=0, offset=COMMON_VIDEO_134, x=[0x01], y=[0x02], zoom=0x40	;@raw=0x57,0x2C,0x3C,0x01,0x02
	sub [0x01], 0x0006	;@raw=0x03,0x01,0xFF,0xFA
	break	;@raw=0x06
	video type=0, offset=COMMON_VIDEO_135, x=[0x01], y=[0x02], zoom=0x40	;@raw=0x57,0x2C,0xA2,0x01,0x02
	sub [0x01], 0x0001	;@raw=0x03,0x01,0xFF,0xFF
	call LABEL_B656	;@raw=0x04,0xB6,0x56
	break	;@raw=0x06
	video type=0, offset=COMMON_VIDEO_136, x=[0x01], y=[0x02], zoom=0x40	;@raw=0x57,0x2D,0x04,0x01,0x02
	break	;@raw=0x06
	video type=0, offset=COMMON_VIDEO_137, x=[0x01], y=[0x02], zoom=0x40	;@raw=0x57,0x2D,0x56,0x01,0x02
	sub [0x01], 0x0003	;@raw=0x03,0x01,0xFF,0xFD
	break	;@raw=0x06
	video type=0, offset=COMMON_VIDEO_138, x=[0x01], y=[0x02], zoom=0x40	;@raw=0x57,0x2D,0xA6,0x01,0x02
	sub [0x01], 0x0005	;@raw=0x03,0x01,0xFF,0xFB
	break	;@raw=0x06
	mov [0x2A], 0x000F	;@raw=0x00,0x2A,0x00,0x0F
	jmp LABEL_BA4D	;@raw=0x07,0xBA,0x4D
LABEL_B9D3:
	db 0x11

LABEL_B9D4:
	break	;@raw=0x06
	video type=0, offset=COMMON_VIDEO_143, x=[0x01], y=[0x02], zoom=0x40	;@raw=0x57,0x25,0x66,0x01,0x02
	sub [0x01], 0x0003	;@raw=0x03,0x01,0xFF,0xFD
	break	;@raw=0x06
	jmp LABEL_B9FD	;@raw=0x07,0xB9,0xFD

LABEL_B9E2:
	sub [0x01], 0x0002	;@raw=0x03,0x01,0xFF,0xFE
	sub [0x01], 0x0003	;@raw=0x03,0x01,0xFF,0xFD
	break	;@raw=0x06
	video type=0, offset=COMMON_VIDEO_140, x=[0x01], y=[0x02], zoom=0x40	;@raw=0x57,0x24,0x2E,0x01,0x02
	sub [0x01], 0x0002	;@raw=0x03,0x01,0xFF,0xFE
	sub [0x01], 0x0001	;@raw=0x03,0x01,0xFF,0xFF
	sub [0x01], 0x0002	;@raw=0x03,0x01,0xFF,0xFE
	break	;@raw=0x06

LABEL_B9FD:
	je [HACK_VAR_67], 0x25, LABEL_BA37	;@raw=0x0A,0x00,0x67,0x25,0xBA,0x37
	video type=0, offset=COMMON_VIDEO_141, x=[0x01], y=[0x02], zoom=0x40	;@raw=0x57,0x25,0xE2,0x01,0x02
	sub [0x01], 0x0003	;@raw=0x03,0x01,0xFF,0xFD
	break	;@raw=0x06
	video type=0, offset=COMMON_VIDEO_137, x=[0x01], y=[0x02], zoom=0x40	;@raw=0x57,0x2D,0x56,0x01,0x02
	add [0x01], 0x0001	;@raw=0x03,0x01,0x00,0x01
	break	;@raw=0x06
	video type=0, offset=COMMON_VIDEO_135, x=[0x01], y=[0x02], zoom=0x40	;@raw=0x57,0x2C,0xA2,0x01,0x02
	add [0x01], 0x0006	;@raw=0x03,0x01,0x00,0x06
	break	;@raw=0x06
	video type=0, offset=COMMON_VIDEO_134, x=[0x01], y=[0x02], zoom=0x40	;@raw=0x57,0x2C,0x3C,0x01,0x02
	break	;@raw=0x06
	video type=0, offset=COMMON_VIDEO_133, x=[0x01], y=[0x02], zoom=0x40	;@raw=0x57,0x2B,0xE2,0x01,0x02
	mov [0x2A], 0x000F	;@raw=0x00,0x2A,0x00,0x0F
	call LABEL_B64C	;@raw=0x04,0xB6,0x4C
	jmp LABEL_C543	;@raw=0x07,0xC5,0x43
LABEL_BA36:
	db 0x11

LABEL_BA37:
	video type=0, offset=COMMON_VIDEO_141, x=[0x01], y=[0x02], zoom=0x40	;@raw=0x57,0x25,0xE2,0x01,0x02
	break	;@raw=0x06
	je [HERO_ACTION_POS_MASK], 0x05, LABEL_B8E1	;@raw=0x0A,0x00,0xFE,0x05,0xB8,0xE1
	je [HERO_ACTION_POS_MASK], 0x06, LABEL_BA4D	;@raw=0x0A,0x00,0xFE,0x06,0xBA,0x4D
	jmp LABEL_BA37	;@raw=0x07,0xBA,0x37
LABEL_BA4C:
	db 0x11

LABEL_BA4D:
	video type=0, offset=COMMON_VIDEO_139, x=[0x01], y=[0x02], zoom=0x40	;@raw=0x57,0x23,0xAA,0x01,0x02
	break	;@raw=0x06
	je [HERO_POS_MASK], 0x05, LABEL_B8B9	;@raw=0x0A,0x00,0xFD,0x05,0xB8,0xB9

LABEL_BA59:
	jne [HERO_ACTION_POS_MASK], 0x06, LABEL_B9FD	;@raw=0x0A,0x01,0xFE,0x06,0xB9,0xFD
	video type=0, offset=COMMON_VIDEO_163, x=[0x01], y=[0x02], zoom=0x40	;@raw=0x57,0x23,0xEE,0x01,0x02
	sub [0x01], 0x0002	;@raw=0x03,0x01,0xFF,0xFE
	break	;@raw=0x06
	je [HERO_POS_MASK], 0x05, LABEL_B8A9	;@raw=0x0A,0x00,0xFD,0x05,0xB8,0xA9

LABEL_BA6F:
	jne [HERO_ACTION_POS_MASK], 0x06, LABEL_B9FD	;@raw=0x0A,0x01,0xFE,0x06,0xB9,0xFD
	video type=0, offset=COMMON_VIDEO_140, x=[0x01], y=[0x02], zoom=0x40	;@raw=0x57,0x24,0x2E,0x01,0x02
	sub [0x01], 0x0002	;@raw=0x03,0x01,0xFF,0xFE
	break	;@raw=0x06
	je [HERO_POS_MASK], 0x05, LABEL_B97B	;@raw=0x0A,0x00,0xFD,0x05,0xB9,0x7B

LABEL_BA85:
	video type=0, offset=COMMON_VIDEO_147, x=[0x01], y=[0x02], zoom=0x40	;@raw=0x57,0x24,0x6C,0x01,0x02
	jne [HERO_ACTION_POS_MASK], 0x06, LABEL_B9E2	;@raw=0x0A,0x01,0xFE,0x06,0xB9,0xE2
	sub [0x01], 0x0003	;@raw=0x03,0x01,0xFF,0xFD
	break	;@raw=0x06
	je [HERO_POS_MASK], 0x05, LABEL_B965	;@raw=0x0A,0x00,0xFD,0x05,0xB9,0x65

LABEL_BA9B:
	video type=0, offset=COMMON_VIDEO_148, x=[0x01], y=[0x02], zoom=0x40	;@raw=0x57,0x24,0xAA,0x01,0x02
	jne [HERO_ACTION_POS_MASK], 0x06, LABEL_B9E2	;@raw=0x0A,0x01,0xFE,0x06,0xB9,0xE2
	sub [0x01], 0x0002	;@raw=0x03,0x01,0xFF,0xFE
	break	;@raw=0x06
	je [HERO_POS_MASK], 0x05, LABEL_B94F	;@raw=0x0A,0x00,0xFD,0x05,0xB9,0x4F

LABEL_BAB1:
	video type=0, offset=COMMON_VIDEO_146, x=[0x01], y=[0x02], zoom=0x40	;@raw=0x57,0x24,0xD8,0x01,0x02
	jne [HERO_ACTION_POS_MASK], 0x06, LABEL_B9E2	;@raw=0x0A,0x01,0xFE,0x06,0xB9,0xE2
	sub [0x01], 0x0001	;@raw=0x03,0x01,0xFF,0xFF
	break	;@raw=0x06
	je [HERO_POS_MASK], 0x05, LABEL_B939	;@raw=0x0A,0x00,0xFD,0x05,0xB9,0x39

LABEL_BAC7:
	video type=0, offset=COMMON_VIDEO_145, x=[0x01], y=[0x02], zoom=0x40	;@raw=0x57,0x25,0x02,0x01,0x02
	jne [HERO_ACTION_POS_MASK], 0x06, LABEL_B9D4	;@raw=0x0A,0x01,0xFE,0x06,0xB9,0xD4
	sub [0x01], 0x0002	;@raw=0x03,0x01,0xFF,0xFE
	break	;@raw=0x06
	je [HERO_POS_MASK], 0x05, LABEL_B923	;@raw=0x0A,0x00,0xFD,0x05,0xB9,0x23

LABEL_BADD:
	video type=0, offset=COMMON_VIDEO_144, x=[0x01], y=[0x02], zoom=0x40	;@raw=0x57,0x25,0x36,0x01,0x02
	jne [HERO_ACTION_POS_MASK], 0x06, LABEL_B9D4	;@raw=0x0A,0x01,0xFE,0x06,0xB9,0xD4
	sub [0x01], 0x0003	;@raw=0x03,0x01,0xFF,0xFD
	break	;@raw=0x06
	je [HERO_POS_MASK], 0x05, LABEL_B90D	;@raw=0x0A,0x00,0xFD,0x05,0xB9,0x0D

LABEL_BAF3:
	video type=0, offset=COMMON_VIDEO_143, x=[0x01], y=[0x02], zoom=0x40	;@raw=0x57,0x25,0x66,0x01,0x02
	jne [HERO_ACTION_POS_MASK], 0x06, LABEL_B9D4	;@raw=0x0A,0x01,0xFE,0x06,0xB9,0xD4
	sub [0x01], 0x0004	;@raw=0x03,0x01,0xFF,0xFC
	break	;@raw=0x06
	je [HERO_POS_MASK], 0x05, LABEL_B8F7	;@raw=0x0A,0x00,0xFD,0x05,0xB8,0xF7

LABEL_BB09:
	jne [HERO_ACTION_POS_MASK], 0x06, LABEL_B9FD	;@raw=0x0A,0x01,0xFE,0x06,0xB9,0xFD
	video type=0, offset=COMMON_VIDEO_142, x=[0x01], y=[0x02], zoom=0x40	;@raw=0x57,0x25,0xA6,0x01,0x02
	sub [0x01], 0x0002	;@raw=0x03,0x01,0xFF,0xFE
	break	;@raw=0x06
	je [HERO_POS_MASK], 0x05, LABEL_B8E1	;@raw=0x0A,0x00,0xFD,0x05,0xB8,0xE1

LABEL_BB1F:
	jne [HERO_ACTION_POS_MASK], 0x06, LABEL_B9FD	;@raw=0x0A,0x01,0xFE,0x06,0xB9,0xFD
	video type=0, offset=COMMON_VIDEO_141, x=[0x01], y=[0x02], zoom=0x40	;@raw=0x57,0x25,0xE2,0x01,0x02
	sub [0x01], 0x0001	;@raw=0x03,0x01,0xFF,0xFF
	break	;@raw=0x06
	je [HERO_POS_MASK], 0x05, LABEL_B8CB	;@raw=0x0A,0x00,0xFD,0x05,0xB8,0xCB
	jne [HERO_ACTION_POS_MASK], 0x06, LABEL_B9FD	;@raw=0x0A,0x01,0xFE,0x06,0xB9,0xFD
	jmp LABEL_BA4D	;@raw=0x07,0xBA,0x4D
	killChannel	;@raw=0x11
	break	;@raw=0x06
	add [0x01], 0x0002	;@raw=0x03,0x01,0x00,0x02
	call LABEL_94C4	;@raw=0x04,0x94,0xC4

LABEL_BB47:
	break	;@raw=0x06
	add [0x01], 0x0002	;@raw=0x03,0x01,0x00,0x02
	call LABEL_94AD	;@raw=0x04,0x94,0xAD

LABEL_BB4F:
	break	;@raw=0x06
	add [0x01], 0x0002	;@raw=0x03,0x01,0x00,0x02
	call LABEL_9496	;@raw=0x04,0x94,0x96

LABEL_BB57:
	add [0x01], 0x0001	;@raw=0x03,0x01,0x00,0x01
	jmp LABEL_BCB1	;@raw=0x07,0xBC,0xB1
	break	;@raw=0x06
	add [0x01], 0x0002	;@raw=0x03,0x01,0x00,0x02
	call LABEL_9423	;@raw=0x04,0x94,0x23

LABEL_BB66:
	break	;@raw=0x06
	add [0x01], 0x0002	;@raw=0x03,0x01,0x00,0x02
	call LABEL_9414	;@raw=0x04,0x94,0x14

LABEL_BB6E:
	break	;@raw=0x06
	add [0x01], 0x0002	;@raw=0x03,0x01,0x00,0x02
	call LABEL_953F	;@raw=0x04,0x95,0x3F

LABEL_BB76:
	add [0x01], 0x0001	;@raw=0x03,0x01,0x00,0x01
	jmp LABEL_BC16	;@raw=0x07,0xBC,0x16
LABEL_BB7D:
	db 0x11

LABEL_BB7E:
	sub [0x01], 0x0004	;@raw=0x03,0x01,0xFF,0xFC
	video type=0, offset=COMMON_VIDEO_352, x=[0x01], y=[0x02], zoom=0x40	;@raw=0x57,0x04,0xFB,0x01,0x02
	add [0x01], 0x0001	;@raw=0x03,0x01,0x00,0x01
	break	;@raw=0x06

LABEL_BB8C:
	call LABEL_B642	;@raw=0x04,0xB6,0x42
	mov [0x2A], 0x000F	;@raw=0x00,0x2A,0x00,0x0F
	call LABEL_9496	;@raw=0x04,0x94,0x96
	je [HERO_POS_MASK], 0x00, LABEL_BB57	;@raw=0x0A,0x00,0xFD,0x00,0xBB,0x57
	sub [0x01], 0x0002	;@raw=0x03,0x01,0xFF,0xFE
	break	;@raw=0x06
	call LABEL_94AD	;@raw=0x04,0x94,0xAD
	jne [HERO_POS_LEFT_RIGHT], 0xFFFF, LABEL_BBB5	;@raw=0x0A,0x41,0xFC,0xFF,0xFF,0xBB,0xB5
	je [HERO_POS_MASK], 0x00, LABEL_BB4F	;@raw=0x0A,0x00,0xFD,0x00,0xBB,0x4F
	sub [0x01], 0x0001	;@raw=0x03,0x01,0xFF,0xFF

LABEL_BBB5:
	sub [0x01], 0x0001	;@raw=0x03,0x01,0xFF,0xFF
	break	;@raw=0x06
	call LABEL_94C4	;@raw=0x04,0x94,0xC4
	jne [HERO_POS_LEFT_RIGHT], 0xFFFF, LABEL_BBCE	;@raw=0x0A,0x41,0xFC,0xFF,0xFF,0xBB,0xCE
	je [HERO_POS_MASK], 0x00, LABEL_BB47	;@raw=0x0A,0x00,0xFD,0x00,0xBB,0x47
	sub [0x01], 0x0001	;@raw=0x03,0x01,0xFF,0xFF

LABEL_BBCE:
	sub [0x01], 0x0001	;@raw=0x03,0x01,0xFF,0xFF
	break	;@raw=0x06
	call LABEL_94DB	;@raw=0x04,0x94,0xDB
	sub [0x01], 0x0001	;@raw=0x03,0x01,0xFF,0xFF
	jne [HERO_POS_LEFT_RIGHT], 0xFFFF, LABEL_BBE5	;@raw=0x0A,0x41,0xFC,0xFF,0xFF,0xBB,0xE5
	sub [0x01], 0x0002	;@raw=0x03,0x01,0xFF,0xFE

LABEL_BBE5:
	break	;@raw=0x06
	call LABEL_94F2	;@raw=0x04,0x94,0xF2
	sub [0x01], 0x0001	;@raw=0x03,0x01,0xFF,0xFF
	jne [HERO_POS_LEFT_RIGHT], 0xFFFF, LABEL_BBF8	;@raw=0x0A,0x41,0xFC,0xFF,0xFF,0xBB,0xF8
	sub [0x01], 0x0001	;@raw=0x03,0x01,0xFF,0xFF

LABEL_BBF8:
	break	;@raw=0x06
	call LABEL_9509	;@raw=0x04,0x95,0x09
	jne [HERO_POS_LEFT_RIGHT], 0xFFFF, LABEL_BC07	;@raw=0x0A,0x41,0xFC,0xFF,0xFF,0xBC,0x07
	sub [0x01], 0x0002	;@raw=0x03,0x01,0xFF,0xFE

LABEL_BC07:
	break	;@raw=0x06
	call LABEL_951E	;@raw=0x04,0x95,0x1E
	jne [HERO_POS_LEFT_RIGHT], 0xFFFF, LABEL_BC16	;@raw=0x0A,0x41,0xFC,0xFF,0xFF,0xBC,0x16
	sub [0x01], 0x0002	;@raw=0x03,0x01,0xFF,0xFE

LABEL_BC16:
	call LABEL_B642	;@raw=0x04,0xB6,0x42
	break	;@raw=0x06
	je [HERO_POS_MASK], 0x0A, LABEL_C129	;@raw=0x0A,0x00,0xFD,0x0A,0xC1,0x29
	call LABEL_952D	;@raw=0x04,0x95,0x2D
	jne [HERO_POS_MASK], 0x02, LABEL_BC16	;@raw=0x0A,0x01,0xFD,0x02,0xBC,0x16
	sub [0x01], 0x0002	;@raw=0x03,0x01,0xFF,0xFE
	break	;@raw=0x06
	call LABEL_953F	;@raw=0x04,0x95,0x3F
	je [HERO_POS_MASK], 0x00, LABEL_BB76	;@raw=0x0A,0x00,0xFD,0x00,0xBB,0x76
	sub [0x01], 0x0002	;@raw=0x03,0x01,0xFF,0xFE
	break	;@raw=0x06
	call LABEL_9414	;@raw=0x04,0x94,0x14
	jne [HERO_POS_LEFT_RIGHT], 0xFFFF, LABEL_BC50	;@raw=0x0A,0x41,0xFC,0xFF,0xFF,0xBC,0x50
	je [HERO_POS_MASK], 0x00, LABEL_BB6E	;@raw=0x0A,0x00,0xFD,0x00,0xBB,0x6E
	sub [0x01], 0x0001	;@raw=0x03,0x01,0xFF,0xFF

LABEL_BC50:
	sub [0x01], 0x0001	;@raw=0x03,0x01,0xFF,0xFF
	break	;@raw=0x06
	call LABEL_9423	;@raw=0x04,0x94,0x23
	jne [HERO_POS_LEFT_RIGHT], 0xFFFF, LABEL_BC69	;@raw=0x0A,0x41,0xFC,0xFF,0xFF,0xBC,0x69
	je [HERO_POS_MASK], 0x00, LABEL_BB66	;@raw=0x0A,0x00,0xFD,0x00,0xBB,0x66
	sub [0x01], 0x0001	;@raw=0x03,0x01,0xFF,0xFF

LABEL_BC69:
	sub [0x01], 0x0001	;@raw=0x03,0x01,0xFF,0xFF
	break	;@raw=0x06
	call LABEL_9432	;@raw=0x04,0x94,0x32
	sub [0x01], 0x0001	;@raw=0x03,0x01,0xFF,0xFF
	jne [HERO_POS_LEFT_RIGHT], 0xFFFF, LABEL_BC80	;@raw=0x0A,0x41,0xFC,0xFF,0xFF,0xBC,0x80
	sub [0x01], 0x0002	;@raw=0x03,0x01,0xFF,0xFE

LABEL_BC80:
	break	;@raw=0x06
	call LABEL_9441	;@raw=0x04,0x94,0x41
	sub [0x01], 0x0001	;@raw=0x03,0x01,0xFF,0xFF
	jne [HERO_POS_LEFT_RIGHT], 0xFFFF, LABEL_BC93	;@raw=0x0A,0x41,0xFC,0xFF,0xFF,0xBC,0x93
	sub [0x01], 0x0001	;@raw=0x03,0x01,0xFF,0xFF

LABEL_BC93:
	break	;@raw=0x06
	call LABEL_9450	;@raw=0x04,0x94,0x50
	jne [HERO_POS_LEFT_RIGHT], 0xFFFF, LABEL_BCA2	;@raw=0x0A,0x41,0xFC,0xFF,0xFF,0xBC,0xA2
	sub [0x01], 0x0002	;@raw=0x03,0x01,0xFF,0xFE

LABEL_BCA2:
	break	;@raw=0x06
	call LABEL_9465	;@raw=0x04,0x94,0x65
	jne [HERO_POS_LEFT_RIGHT], 0xFFFF, LABEL_BCB1	;@raw=0x0A,0x41,0xFC,0xFF,0xFF,0xBC,0xB1
	sub [0x01], 0x0002	;@raw=0x03,0x01,0xFF,0xFE

LABEL_BCB1:
	break	;@raw=0x06
	je [HERO_ACTION_POS_MASK], 0x04, LABEL_C56F	;@raw=0x0A,0x00,0xFE,0x04,0xC5,0x6F
	je [HERO_POS_MASK], 0x0A, LABEL_C129	;@raw=0x0A,0x00,0xFD,0x0A,0xC1,0x29

LABEL_BCBE:
	call LABEL_947C	;@raw=0x04,0x94,0x7C
	call LABEL_B642	;@raw=0x04,0xB6,0x42
	jne [HERO_POS_MASK], 0x02, LABEL_BCB1	;@raw=0x0A,0x01,0xFD,0x02,0xBC,0xB1
	sub [0x01], 0x0002	;@raw=0x03,0x01,0xFF,0xFE
	break	;@raw=0x06
	jmp LABEL_BB8C	;@raw=0x07,0xBB,0x8C
	killChannel	;@raw=0x11
	break	;@raw=0x06
	sub [0x01], 0x0002	;@raw=0x03,0x01,0xFF,0xFE
	call LABEL_92E2	;@raw=0x04,0x92,0xE2

LABEL_BCDB:
	break	;@raw=0x06
	sub [0x01], 0x0002	;@raw=0x03,0x01,0xFF,0xFE
	call LABEL_92D1	;@raw=0x04,0x92,0xD1

LABEL_BCE3:
	break	;@raw=0x06
	sub [0x01], 0x0002	;@raw=0x03,0x01,0xFF,0xFE
	call LABEL_92C0	;@raw=0x04,0x92,0xC0

LABEL_BCEB:
	sub [0x01], 0x0001	;@raw=0x03,0x01,0xFF,0xFF
	jmp LABEL_BE71	;@raw=0x07,0xBE,0x71
	break	;@raw=0x06
	sub [0x01], 0x0002	;@raw=0x03,0x01,0xFF,0xFE
	call LABEL_9251	;@raw=0x04,0x92,0x51

LABEL_BCFA:
	break	;@raw=0x06
	sub [0x01], 0x0002	;@raw=0x03,0x01,0xFF,0xFE
	call LABEL_91B3	;@raw=0x04,0x91,0xB3

LABEL_BD02:
	break	;@raw=0x06
	sub [0x01], 0x0002	;@raw=0x03,0x01,0xFF,0xFE
	call LABEL_9351	;@raw=0x04,0x93,0x51

LABEL_BD0A:
	sub [0x01], 0x0001	;@raw=0x03,0x01,0xFF,0xFF
	jmp LABEL_BDC0	;@raw=0x07,0xBD,0xC0
LABEL_BD11:
	db 0x11

LABEL_BD12:
	add [0x01], 0x0000	;@raw=0x03,0x01,0x00,0x00
	video type=0, offset=COMMON_VIDEO_352, x=[0x01], y=[0x02], zoom=0x40	;@raw=0x57,0x04,0xFB,0x01,0x02
	add [0x01], 0x0003	;@raw=0x03,0x01,0x00,0x03
	break	;@raw=0x06

LABEL_BD20:
	call LABEL_B647	;@raw=0x04,0xB6,0x47
	mov [0x2A], 0x000F	;@raw=0x00,0x2A,0x00,0x0F
	call LABEL_92C0	;@raw=0x04,0x92,0xC0
	je [HERO_POS_MASK], 0x00, LABEL_BCEB	;@raw=0x0A,0x00,0xFD,0x00,0xBC,0xEB
	add [0x01], 0x0002	;@raw=0x03,0x01,0x00,0x02
	mov [0x36], 0xFFFB	;@raw=0x00,0x36,0xFF,0xFB
	break	;@raw=0x06
	call LABEL_92D1	;@raw=0x04,0x92,0xD1
	jne [HERO_POS_LEFT_RIGHT], 0x01, LABEL_BD4C	;@raw=0x0A,0x01,0xFC,0x01,0xBD,0x4C
	je [HERO_POS_MASK], 0x00, LABEL_BCE3	;@raw=0x0A,0x00,0xFD,0x00,0xBC,0xE3
	add [0x01], 0x0001	;@raw=0x03,0x01,0x00,0x01

LABEL_BD4C:
	add [0x01], 0x0001	;@raw=0x03,0x01,0x00,0x01
	mov [0x36], 0xFFF9	;@raw=0x00,0x36,0xFF,0xF9
	break	;@raw=0x06
	call LABEL_92E2	;@raw=0x04,0x92,0xE2
	jne [HERO_POS_LEFT_RIGHT], 0x01, LABEL_BD68	;@raw=0x0A,0x01,0xFC,0x01,0xBD,0x68
	je [HERO_POS_MASK], 0x00, LABEL_BCDB	;@raw=0x0A,0x00,0xFD,0x00,0xBC,0xDB
	add [0x01], 0x0001	;@raw=0x03,0x01,0x00,0x01

LABEL_BD68:
	add [0x01], 0x0001	;@raw=0x03,0x01,0x00,0x01
	mov [0x36], 0x0007	;@raw=0x00,0x36,0x00,0x07
	break	;@raw=0x06
	call LABEL_92F3	;@raw=0x04,0x92,0xF3
	mov [0x36], 0x0005	;@raw=0x00,0x36,0x00,0x05
	add [0x01], 0x0001	;@raw=0x03,0x01,0x00,0x01
	jne [HERO_POS_LEFT_RIGHT], 0x01, LABEL_BD86	;@raw=0x0A,0x01,0xFC,0x01,0xBD,0x86
	add [0x01], 0x0002	;@raw=0x03,0x01,0x00,0x02

LABEL_BD86:
	break	;@raw=0x06
	call LABEL_9304	;@raw=0x04,0x93,0x04
	add [0x01], 0x0001	;@raw=0x03,0x01,0x00,0x01
	mov [0x36], 0x0003	;@raw=0x00,0x36,0x00,0x03
	jne [HERO_POS_LEFT_RIGHT], 0x01, LABEL_BD9C	;@raw=0x0A,0x01,0xFC,0x01,0xBD,0x9C
	add [0x01], 0x0001	;@raw=0x03,0x01,0x00,0x01

LABEL_BD9C:
	break	;@raw=0x06
	call LABEL_9315	;@raw=0x04,0x93,0x15
	mov [0x36], 0x0001	;@raw=0x00,0x36,0x00,0x01
	jne [HERO_POS_LEFT_RIGHT], 0x01, LABEL_BDAE	;@raw=0x0A,0x01,0xFC,0x01,0xBD,0xAE
	add [0x01], 0x0002	;@raw=0x03,0x01,0x00,0x02

LABEL_BDAE:
	break	;@raw=0x06
	call LABEL_932C	;@raw=0x04,0x93,0x2C
	mov [0x36], 0x0000	;@raw=0x00,0x36,0x00,0x00
	jne [HERO_POS_LEFT_RIGHT], 0x01, LABEL_BDC0	;@raw=0x0A,0x01,0xFC,0x01,0xBD,0xC0
	add [0x01], 0x0002	;@raw=0x03,0x01,0x00,0x02

LABEL_BDC0:
	break	;@raw=0x06
	je [HERO_POS_MASK], 0x09, LABEL_C29D	;@raw=0x0A,0x00,0xFD,0x09,0xC2,0x9D
	call LABEL_B647	;@raw=0x04,0xB6,0x47
	call LABEL_933D	;@raw=0x04,0x93,0x3D
	jne [HERO_POS_MASK], 0x01, LABEL_BDC0	;@raw=0x0A,0x01,0xFD,0x01,0xBD,0xC0
	add [0x01], 0x0002	;@raw=0x03,0x01,0x00,0x02
	mov [0x36], 0xFFFD	;@raw=0x00,0x36,0xFF,0xFD
	break	;@raw=0x06
	call LABEL_9351	;@raw=0x04,0x93,0x51
	je [HERO_POS_MASK], 0x00, LABEL_BD0A	;@raw=0x0A,0x00,0xFD,0x00,0xBD,0x0A
	add [0x01], 0x0002	;@raw=0x03,0x01,0x00,0x02
	mov [0x36], 0xFFFB	;@raw=0x00,0x36,0xFF,0xFB
	break	;@raw=0x06
	call LABEL_91B3	;@raw=0x04,0x91,0xB3
	jne [HERO_POS_LEFT_RIGHT], 0x01, LABEL_BE01	;@raw=0x0A,0x01,0xFC,0x01,0xBE,0x01
	je [HERO_POS_MASK], 0x00, LABEL_BD02	;@raw=0x0A,0x00,0xFD,0x00,0xBD,0x02
	add [0x01], 0x0001	;@raw=0x03,0x01,0x00,0x01

LABEL_BE01:
	add [0x01], 0x0001	;@raw=0x03,0x01,0x00,0x01
	mov [0x36], 0xFFF9	;@raw=0x00,0x36,0xFF,0xF9
	break	;@raw=0x06
	call LABEL_9251	;@raw=0x04,0x92,0x51
	jne [HERO_POS_LEFT_RIGHT], 0x01, LABEL_BE1D	;@raw=0x0A,0x01,0xFC,0x01,0xBE,0x1D
	je [HERO_POS_MASK], 0x00, LABEL_BCFA	;@raw=0x0A,0x00,0xFD,0x00,0xBC,0xFA
	add [0x01], 0x0001	;@raw=0x03,0x01,0x00,0x01

LABEL_BE1D:
	add [0x01], 0x0001	;@raw=0x03,0x01,0x00,0x01
	mov [0x36], 0xFFF8	;@raw=0x00,0x36,0xFF,0xF8
	break	;@raw=0x06
	call LABEL_9262	;@raw=0x04,0x92,0x62
	add [0x01], 0x0001	;@raw=0x03,0x01,0x00,0x01
	mov [0x36], 0x0005	;@raw=0x00,0x36,0x00,0x05
	jne [HERO_POS_LEFT_RIGHT], 0x01, LABEL_BE3B	;@raw=0x0A,0x01,0xFC,0x01,0xBE,0x3B
	add [0x01], 0x0002	;@raw=0x03,0x01,0x00,0x02

LABEL_BE3B:
	break	;@raw=0x06
	call LABEL_9273	;@raw=0x04,0x92,0x73
	add [0x01], 0x0001	;@raw=0x03,0x01,0x00,0x01
	mov [0x36], 0x0003	;@raw=0x00,0x36,0x00,0x03
	jne [HERO_POS_LEFT_RIGHT], 0x01, LABEL_BE51	;@raw=0x0A,0x01,0xFC,0x01,0xBE,0x51
	add [0x01], 0x0001	;@raw=0x03,0x01,0x00,0x01

LABEL_BE51:
	break	;@raw=0x06
	call LABEL_9284	;@raw=0x04,0x92,0x84
	mov [0x36], 0x0001	;@raw=0x00,0x36,0x00,0x01
	jne [HERO_POS_LEFT_RIGHT], 0x01, LABEL_BE63	;@raw=0x0A,0x01,0xFC,0x01,0xBE,0x63
	add [0x01], 0x0002	;@raw=0x03,0x01,0x00,0x02

LABEL_BE63:
	break	;@raw=0x06
	call LABEL_929B	;@raw=0x04,0x92,0x9B
	jne [HERO_POS_LEFT_RIGHT], 0x01, LABEL_BE71	;@raw=0x0A,0x01,0xFC,0x01,0xBE,0x71
	add [0x01], 0x0002	;@raw=0x03,0x01,0x00,0x02

LABEL_BE71:
	break	;@raw=0x06
	je [HERO_ACTION_POS_MASK], 0x04, LABEL_C60F	;@raw=0x0A,0x00,0xFE,0x04,0xC6,0x0F
	je [HERO_POS_MASK], 0x09, LABEL_C29D	;@raw=0x0A,0x00,0xFD,0x09,0xC2,0x9D

LABEL_BE7E:
	call LABEL_92AC	;@raw=0x04,0x92,0xAC
	call LABEL_B647	;@raw=0x04,0xB6,0x47
	jne [HERO_POS_MASK], 0x01, LABEL_BE71	;@raw=0x0A,0x01,0xFD,0x01,0xBE,0x71
	add [0x01], 0x0002	;@raw=0x03,0x01,0x00,0x02
	mov [0x36], 0xFFFD	;@raw=0x00,0x36,0xFF,0xFD
	break	;@raw=0x06
	jmp LABEL_BD20	;@raw=0x07,0xBD,0x20
LABEL_BE96:
	db 0x11

LABEL_BE97:
	break	;@raw=0x06
	je [0x63], 0x05, LABEL_BE97	;@raw=0x0A,0x00,0x63,0x05,0xBE,0x97
	sub [0x01], 0x0003	;@raw=0x03,0x01,0xFF,0xFD
	break	;@raw=0x06
	sub [0x01], 0x0002	;@raw=0x03,0x01,0xFF,0xFE
	break	;@raw=0x06
	sub [0x01], 0x0002	;@raw=0x03,0x01,0xFF,0xFE
	break	;@raw=0x06
	sub [0x01], 0x0001	;@raw=0x03,0x01,0xFF,0xFF
	break	;@raw=0x06
	sub [0x01], 0x0001	;@raw=0x03,0x01,0xFF,0xFF
	break	;@raw=0x06
	sub [0x01], 0x0001	;@raw=0x03,0x01,0xFF,0xFF
	killChannel	;@raw=0x11

LABEL_BEBC:
	mov [0x63], 0x0001	;@raw=0x00,0x63,0x00,0x01
	jmp LABEL_BCB1	;@raw=0x07,0xBC,0xB1
LABEL_BEC3:
	db 0x11

LABEL_BEC4:
	sub [0x01], 0x0004	;@raw=0x03,0x01,0xFF,0xFC
	video type=1, offset=CINEMATIC_327, x=[0x01], y=[0x02], zoom=0x40	;@raw=0x54,0x01,0x60,0x01,0x02
	add [0x01], 0x0001	;@raw=0x03,0x01,0x00,0x01
	je [HERO_POS_MASK], 0x00, LABEL_BEBC	;@raw=0x0A,0x00,0xFD,0x00,0xBE,0xBC
	break	;@raw=0x06

LABEL_BED8:
	call LABEL_947C	;@raw=0x04,0x94,0x7C
	je [HERO_POS_MASK], 0x00, LABEL_BEBC	;@raw=0x0A,0x00,0xFD,0x00,0xBE,0xBC
	break	;@raw=0x06
	je [HERO_POS_MASK], 0x00, LABEL_BED8	;@raw=0x0A,0x00,0xFD,0x00,0xBE,0xD8

LABEL_BEE8:
	setup channel=0x15, address=LABEL_BE97	;@raw=0x08,0x15,0xBE,0x97
	sub [0x01], 0x0004	;@raw=0x03,0x01,0xFF,0xFC

LABEL_BEF0:
	call LABEL_9628	;@raw=0x04,0x96,0x28
	call LABEL_B642	;@raw=0x04,0xB6,0x42
	mov [0x2A], 0x000F	;@raw=0x00,0x2A,0x00,0x0F
	sub [0x01], 0x0006	;@raw=0x03,0x01,0xFF,0xFA
	break	;@raw=0x06
	call LABEL_9645	;@raw=0x04,0x96,0x45
	je [HERO_POS_JUMP_DOWN], 0xFFFF, LABEL_C1D6	;@raw=0x0A,0x40,0xFB,0xFF,0xFF,0xC1,0xD6
	sub [0x01], 0x0008	;@raw=0x03,0x01,0xFF,0xF8
	add [0x02], 0x0000	;@raw=0x03,0x02,0x00,0x00
	break	;@raw=0x06
	call LABEL_965C	;@raw=0x04,0x96,0x5C
	sub [0x01], 0x0008	;@raw=0x03,0x01,0xFF,0xF8
	break	;@raw=0x06
	call LABEL_9673	;@raw=0x04,0x96,0x73
	sub [0x01], 0x0008	;@raw=0x03,0x01,0xFF,0xF8
	add [0x02], 0x0000	;@raw=0x03,0x02,0x00,0x00
	break	;@raw=0x06
	call LABEL_968A	;@raw=0x04,0x96,0x8A
	add [0x02], 0x0000	;@raw=0x03,0x02,0x00,0x00
	je [HERO_POS_MASK], 0x00, LABEL_BEBC	;@raw=0x0A,0x00,0xFD,0x00,0xBE,0xBC
	sub [0x01], 0x000A	;@raw=0x03,0x01,0xFF,0xF6
	break	;@raw=0x06

LABEL_BF38:
	mov [0x63], 0x0005	;@raw=0x00,0x63,0x00,0x05
	call LABEL_9699	;@raw=0x04,0x96,0x99
	sub [0x01], 0x0006	;@raw=0x03,0x01,0xFF,0xFA
	break	;@raw=0x06
	call LABEL_96B6	;@raw=0x04,0x96,0xB6
	je [HERO_POS_JUMP_DOWN], 0xFFFF, LABEL_C1D6	;@raw=0x0A,0x40,0xFB,0xFF,0xFF,0xC1,0xD6
	sub [0x01], 0x0008	;@raw=0x03,0x01,0xFF,0xF8
	add [0x02], 0x0000	;@raw=0x03,0x02,0x00,0x00
	break	;@raw=0x06
	call LABEL_96CD	;@raw=0x04,0x96,0xCD
	sub [0x01], 0x0008	;@raw=0x03,0x01,0xFF,0xF8
	break	;@raw=0x06
	call LABEL_96E4	;@raw=0x04,0x96,0xE4
	sub [0x01], 0x0008	;@raw=0x03,0x01,0xFF,0xF8
	add [0x02], 0x0000	;@raw=0x03,0x02,0x00,0x00
	break	;@raw=0x06
	call LABEL_96FB	;@raw=0x04,0x96,0xFB
	add [0x02], 0x0000	;@raw=0x03,0x02,0x00,0x00
	je [HERO_POS_MASK], 0x00, LABEL_BEBC	;@raw=0x0A,0x00,0xFD,0x00,0xBE,0xBC
	sub [0x01], 0x000A	;@raw=0x03,0x01,0xFF,0xF6
	break	;@raw=0x06
	jmp LABEL_BEF0	;@raw=0x07,0xBE,0xF0
LABEL_BF80:
	db 0x11

LABEL_BF81:
	break	;@raw=0x06
	je [0x63], 0x06, LABEL_BF81	;@raw=0x0A,0x00,0x63,0x06,0xBF,0x81
	add [0x01], 0x0003	;@raw=0x03,0x01,0x00,0x03
	break	;@raw=0x06
	add [0x01], 0x0002	;@raw=0x03,0x01,0x00,0x02
	break	;@raw=0x06
	add [0x01], 0x0002	;@raw=0x03,0x01,0x00,0x02
	break	;@raw=0x06
	add [0x01], 0x0001	;@raw=0x03,0x01,0x00,0x01
	break	;@raw=0x06
	add [0x01], 0x0001	;@raw=0x03,0x01,0x00,0x01
	break	;@raw=0x06
	add [0x01], 0x0001	;@raw=0x03,0x01,0x00,0x01
	killChannel	;@raw=0x11

LABEL_BFA6:
	mov [0x63], 0x0002	;@raw=0x00,0x63,0x00,0x02
	jmp LABEL_BE71	;@raw=0x07,0xBE,0x71
LABEL_BFAD:
	db 0x11

LABEL_BFAE:
	video type=1, offset=CINEMATIC_327, x=[0x01], y=[0x02], zoom=0x40	;@raw=0x54,0x01,0x60,0x01,0x02
	add [0x01], 0x0003	;@raw=0x03,0x01,0x00,0x03
	je [HERO_POS_MASK], 0x00, LABEL_BFA6	;@raw=0x0A,0x00,0xFD,0x00,0xBF,0xA6
	break	;@raw=0x06

LABEL_BFBE:
	call LABEL_92AC	;@raw=0x04,0x92,0xAC
	je [HERO_POS_MASK], 0x00, LABEL_BFA6	;@raw=0x0A,0x00,0xFD,0x00,0xBF,0xA6
	break	;@raw=0x06
	je [HERO_POS_MASK], 0x00, LABEL_BFBE	;@raw=0x0A,0x00,0xFD,0x00,0xBF,0xBE

LABEL_BFCE:
	setup channel=0x15, address=LABEL_BF81	;@raw=0x08,0x15,0xBF,0x81
	add [0x01], 0x0004	;@raw=0x03,0x01,0x00,0x04

LABEL_BFD6:
	call LABEL_956C	;@raw=0x04,0x95,0x6C
	call LABEL_B647	;@raw=0x04,0xB6,0x47
	mov [0x2A], 0x000F	;@raw=0x00,0x2A,0x00,0x0F
	add [0x01], 0x0006	;@raw=0x03,0x01,0x00,0x06
	mov [0x36], 0xFFF4	;@raw=0x00,0x36,0xFF,0xF4
	break	;@raw=0x06
	call LABEL_9583	;@raw=0x04,0x95,0x83
	je [HERO_POS_JUMP_DOWN], 0xFFFF, LABEL_C34A	;@raw=0x0A,0x40,0xFB,0xFF,0xFF,0xC3,0x4A
	add [0x01], 0x0008	;@raw=0x03,0x01,0x00,0x08
	mov [0x36], 0xFFEF	;@raw=0x00,0x36,0xFF,0xEF
	break	;@raw=0x06
	call LABEL_9594	;@raw=0x04,0x95,0x94
	add [0x01], 0x0008	;@raw=0x03,0x01,0x00,0x08
	mov [0x36], 0xFFFE	;@raw=0x00,0x36,0xFF,0xFE
	break	;@raw=0x06
	call LABEL_95A5	;@raw=0x04,0x95,0xA5
	add [0x01], 0x0008	;@raw=0x03,0x01,0x00,0x08
	mov [0x36], 0x0005	;@raw=0x00,0x36,0x00,0x05
	break	;@raw=0x06
	call LABEL_95B6	;@raw=0x04,0x95,0xB6
	je [HERO_POS_MASK], 0x00, LABEL_BFA6	;@raw=0x0A,0x00,0xFD,0x00,0xBF,0xA6
	add [0x01], 0x000A	;@raw=0x03,0x01,0x00,0x0A
	mov [0x36], 0xFFF9	;@raw=0x00,0x36,0xFF,0xF9
	break	;@raw=0x06

LABEL_C026:
	mov [0x63], 0x0006	;@raw=0x00,0x63,0x00,0x06
	call LABEL_95C7	;@raw=0x04,0x95,0xC7
	add [0x01], 0x0006	;@raw=0x03,0x01,0x00,0x06
	mov [0x36], 0xFFF4	;@raw=0x00,0x36,0xFF,0xF4
	break	;@raw=0x06
	call LABEL_95DE	;@raw=0x04,0x95,0xDE
	je [HERO_POS_JUMP_DOWN], 0xFFFF, LABEL_C34A	;@raw=0x0A,0x40,0xFB,0xFF,0xFF,0xC3,0x4A
	add [0x02], 0x0000	;@raw=0x03,0x02,0x00,0x00
	add [0x01], 0x0008	;@raw=0x03,0x01,0x00,0x08
	mov [0x36], 0xFFEF	;@raw=0x00,0x36,0xFF,0xEF
	break	;@raw=0x06
	call LABEL_95EF	;@raw=0x04,0x95,0xEF
	add [0x01], 0x0008	;@raw=0x03,0x01,0x00,0x08
	mov [0x36], 0xFFFE	;@raw=0x00,0x36,0xFF,0xFE
	break	;@raw=0x06
	call LABEL_9600	;@raw=0x04,0x96,0x00
	add [0x02], 0x0000	;@raw=0x03,0x02,0x00,0x00
	add [0x01], 0x0008	;@raw=0x03,0x01,0x00,0x08
	mov [0x36], 0x0005	;@raw=0x00,0x36,0x00,0x05
	break	;@raw=0x06
	call LABEL_9611	;@raw=0x04,0x96,0x11
	add [0x02], 0x0000	;@raw=0x03,0x02,0x00,0x00
	je [HERO_POS_MASK], 0x00, LABEL_BFA6	;@raw=0x0A,0x00,0xFD,0x00,0xBF,0xA6
	add [0x01], 0x000A	;@raw=0x03,0x01,0x00,0x0A
	mov [0x36], 0xFFF9	;@raw=0x00,0x36,0xFF,0xF9
	break	;@raw=0x06
	jmp LABEL_BFD6	;@raw=0x07,0xBF,0xD6
LABEL_C082:
	db 0x11

LABEL_C083:
	call LABEL_B642	;@raw=0x04,0xB6,0x42
	mov [0x2A], 0x0020	;@raw=0x00,0x2A,0x00,0x20
	sub [0x01], 0x0001	;@raw=0x03,0x01,0xFF,0xFF
	call LABEL_7449	;@raw=0x04,0x74,0x49
	sub [0x01], 0x0003	;@raw=0x03,0x01,0xFF,0xFD
	video type=1, offset=CINEMATIC_328, x=[0x01], y=[0x02], zoom=0x40	;@raw=0x54,0x07,0x0F,0x01,0x02
	sub [0x01], 0x0001	;@raw=0x03,0x01,0xFF,0xFF

LABEL_C09E:
	break	;@raw=0x06
	je [HERO_ACTION_POS_MASK], 0x80, LABEL_C0CE	;@raw=0x0A,0x00,0xFE,0x80,0xC0,0xCE
	call LABEL_9380	;@raw=0x04,0x93,0x80
	je [HERO_ACTION_POS_MASK], 0x00, LABEL_C09E	;@raw=0x0A,0x00,0xFE,0x00,0xC0,0x9E
	break	;@raw=0x06
	add [0x01], 0x0002	;@raw=0x03,0x01,0x00,0x02
	video type=1, offset=CINEMATIC_328, x=[0x01], y=[0x02], zoom=0x40	;@raw=0x54,0x07,0x0F,0x01,0x02
	add [0x01], 0x0002	;@raw=0x03,0x01,0x00,0x02
	break	;@raw=0x06
	video type=1, offset=CINEMATIC_330, x=[0x01], y=[0x02], zoom=0x40	;@raw=0x54,0x03,0x24,0x01,0x02
	mov [0x63], 0x0001	;@raw=0x00,0x63,0x00,0x01
	mov [0x0A], 0x0001	;@raw=0x00,0x0A,0x00,0x01
	jmp LABEL_BCB1	;@raw=0x07,0xBC,0xB1
LABEL_C0CD:
	db 0x11

LABEL_C0CE:
	jne [0x0F], 0x00, LABEL_C107	;@raw=0x0A,0x01,0x0F,0x00,0xC1,0x07
	sub [0x01], 0x0002	;@raw=0x03,0x01,0xFF,0xFE
	video type=1, offset=CINEMATIC_329, x=[0x01], y=[0x02], zoom=0x40	;@raw=0x54,0x07,0x5E,0x01,0x02
	mov [0x21], [0x01]	;@raw=0x01,0x21,0x01
	mov [0x27], [0x02]	;@raw=0x01,0x27,0x02
	sub [0x21], 0x001E	;@raw=0x03,0x21,0xFF,0xE2
	sub [0x27], 0x0027	;@raw=0x03,0x27,0xFF,0xD9
	call LABEL_5B64	;@raw=0x04,0x5B,0x64
	break	;@raw=0x06
	add [0x01], 0x0001	;@raw=0x03,0x01,0x00,0x01
	video type=1, offset=CINEMATIC_328, x=[0x01], y=[0x02], zoom=0x40	;@raw=0x54,0x07,0x0F,0x01,0x02
	add [0x01], 0x0001	;@raw=0x03,0x01,0x00,0x01
	jne [HERO_ACTION_POS_MASK], 0x80, LABEL_C09E	;@raw=0x0A,0x01,0xFE,0x80,0xC0,0x9E
	setup channel=0x17, address=LABEL_6AB2	;@raw=0x08,0x17,0x6A,0xB2

LABEL_C106:
	break	;@raw=0x06

LABEL_C107:
	call LABEL_9380	;@raw=0x04,0x93,0x80
	je [HERO_ACTION_POS_MASK], 0x80, LABEL_C106	;@raw=0x0A,0x00,0xFE,0x80,0xC1,0x06
	jmp LABEL_C09E	;@raw=0x07,0xC0,0x9E
	killChannel	;@raw=0x11
	call LABEL_B642	;@raw=0x04,0xB6,0x42
	mov [0x2A], 0x0020	;@raw=0x00,0x2A,0x00,0x20
	jne [0x0A], 0x00, LABEL_C0CE	;@raw=0x0A,0x01,0x0A,0x00,0xC0,0xCE
	mov [0x63], 0x0001	;@raw=0x00,0x63,0x00,0x01
	jmp LABEL_BCB1	;@raw=0x07,0xBC,0xB1
LABEL_C128:
	db 0x11

LABEL_C129:
	je [HERO_POS_MASK], 0x09, LABEL_C29D	;@raw=0x0A,0x00,0xFD,0x09,0xC2,0x9D
	mov [0x63], 0x0064	;@raw=0x00,0x63,0x00,0x64
	video type=0, offset=COMMON_VIDEO_048, x=[0x01], y=[0x02], zoom=0x40	;@raw=0x57,0x29,0x60,0x01,0x02
	break	;@raw=0x06
	video type=0, offset=COMMON_VIDEO_049, x=[0x01], y=[0x02], zoom=0x40	;@raw=0x57,0x29,0x70,0x01,0x02
	break	;@raw=0x06
	video type=0, offset=COMMON_VIDEO_050, x=[0x01], y=[0x02], zoom=0x40	;@raw=0x57,0x29,0x80,0x01,0x02
	break	;@raw=0x06
	call LABEL_B660	;@raw=0x04,0xB6,0x60
	video type=0, offset=COMMON_VIDEO_051, x=[0x01], y=[0x02], zoom=0x40	;@raw=0x57,0x29,0x90,0x01,0x02
	sub [0x01], 0x0005	;@raw=0x03,0x01,0xFF,0xFB
	break	;@raw=0x06
	video type=0, offset=COMMON_VIDEO_052, x=[0x01], y=[0x02], zoom=0x40	;@raw=0x57,0x29,0xA0,0x01,0x02
	sub [0x01], 0x0007	;@raw=0x03,0x01,0xFF,0xF9
	break	;@raw=0x06
	video type=0, offset=COMMON_VIDEO_053, x=[0x01], y=[0x02], zoom=0x40	;@raw=0x57,0x29,0xB0,0x01,0x02
	sub [0x01], 0x000D	;@raw=0x03,0x01,0xFF,0xF3
	break	;@raw=0x06
	video type=0, offset=COMMON_VIDEO_054, x=[0x01], y=[0x02], zoom=0x40	;@raw=0x57,0x29,0xC0,0x01,0x02
	sub [0x01], 0x000C	;@raw=0x03,0x01,0xFF,0xF4
	mov [0x34], 0xFFFE	;@raw=0x00,0x34,0xFF,0xFE
	sub [0x01], 0x000F	;@raw=0x03,0x01,0xFF,0xF1
	call LABEL_706D	;@raw=0x04,0x70,0x6D
	break	;@raw=0x06
	add [0x01], 0x000F	;@raw=0x03,0x01,0x00,0x0F
	video type=0, offset=COMMON_VIDEO_055, x=[0x01], y=[0x02], zoom=0x40	;@raw=0x57,0x29,0xE0,0x01,0x02
	sub [0x01], 0x0002	;@raw=0x03,0x01,0xFF,0xFE
	sub [0x01], 0x000F	;@raw=0x03,0x01,0xFF,0xF1
	break	;@raw=0x06
	add [0x01], 0x000F	;@raw=0x03,0x01,0x00,0x0F
	video type=0, offset=COMMON_VIDEO_056, x=[0x01], y=[0x02], zoom=0x40	;@raw=0x57,0x29,0xF0,0x01,0x02
	sub [0x01], 0x0007	;@raw=0x03,0x01,0xFF,0xF9
	call LABEL_B642	;@raw=0x04,0xB6,0x42
	sub [0x01], 0x000C	;@raw=0x03,0x01,0xFF,0xF4
	break	;@raw=0x06
	add [0x01], 0x000C	;@raw=0x03,0x01,0x00,0x0C
	video type=0, offset=COMMON_VIDEO_057, x=[0x01], y=[0x02], zoom=0x40	;@raw=0x57,0x2A,0x00,0x01,0x02
	sub [0x01], 0x0004	;@raw=0x03,0x01,0xFF,0xFC
	sub [0x01], 0x0007	;@raw=0x03,0x01,0xFF,0xF9
	break	;@raw=0x06
	add [0x01], 0x0007	;@raw=0x03,0x01,0x00,0x07
	video type=0, offset=COMMON_VIDEO_058, x=[0x01], y=[0x02], zoom=0x40	;@raw=0x57,0x2A,0x10,0x01,0x02
	play id=0x0060, freq=0x14, vol=0x40, channel=0x01	;@raw=0x18,0x00,0x60,0x14,0x40,0x01
	sub [0x01], 0x0007	;@raw=0x03,0x01,0xFF,0xF9
	break	;@raw=0x06
	video type=0, offset=COMMON_VIDEO_059, x=[0x01], y=[0x02], zoom=0x40	;@raw=0x57,0x2A,0x22,0x01,0x02
	break	;@raw=0x06
	mov [0x63], 0x0001	;@raw=0x00,0x63,0x00,0x01
	jmp LABEL_BCBE	;@raw=0x07,0xBC,0xBE
LABEL_C1D5:
	db 0x11

LABEL_C1D6:
	je [HERO_POS_MASK], 0x09, LABEL_C34A	;@raw=0x0A,0x00,0xFD,0x09,0xC3,0x4A
	sub [0x01], 0x0005	;@raw=0x03,0x01,0xFF,0xFB
	sub [0x01], 0x0007	;@raw=0x03,0x01,0xFF,0xF9
	call LABEL_B660	;@raw=0x04,0xB6,0x60
	setup channel=0x15, address=LABEL_1470	;@raw=0x08,0x15,0x14,0x70
	mov [0x63], 0x0064	;@raw=0x00,0x63,0x00,0x64
	break	;@raw=0x06

LABEL_C1F0:
	je [HERO_POS_MASK], 0x09, LABEL_C364	;@raw=0x0A,0x00,0xFD,0x09,0xC3,0x64
	call LABEL_B660	;@raw=0x04,0xB6,0x60
	setup channel=0x15, address=LABEL_1470	;@raw=0x08,0x15,0x14,0x70
	video type=0, offset=COMMON_VIDEO_053, x=[0x01], y=[0x02], zoom=0x40	;@raw=0x57,0x29,0xB0,0x01,0x02
	sub [0x01], 0x000D	;@raw=0x03,0x01,0xFF,0xF3
	sub [0x02], 0x0002	;@raw=0x03,0x02,0xFF,0xFE
	break	;@raw=0x06
	video type=0, offset=COMMON_VIDEO_054, x=[0x01], y=[0x02], zoom=0x40	;@raw=0x57,0x29,0xC0,0x01,0x02
	sub [0x01], 0x000C	;@raw=0x03,0x01,0xFF,0xF4
	break	;@raw=0x06
	video type=0, offset=COMMON_VIDEO_096, x=[0x01], y=[0x02], zoom=0x40	;@raw=0x57,0x29,0xD0,0x01,0x02
	sub [0x01], 0x000C	;@raw=0x03,0x01,0xFF,0xF4
	add [0x02], 0x0001	;@raw=0x03,0x02,0x00,0x01
	break	;@raw=0x06
	video type=0, offset=COMMON_VIDEO_096, x=[0x01], y=[0x02], zoom=0x40	;@raw=0x57,0x29,0xD0,0x01,0x02
	sub [0x01], 0x000C	;@raw=0x03,0x01,0xFF,0xF4
	add [0x02], 0x0001	;@raw=0x03,0x02,0x00,0x01
	break	;@raw=0x06
	video type=0, offset=COMMON_VIDEO_055, x=[0x01], y=[0x02], zoom=0x40	;@raw=0x57,0x29,0xE0,0x01,0x02
	mov [0x34], 0xFFFB	;@raw=0x00,0x34,0xFF,0xFB
	sub [0x01], 0x000F	;@raw=0x03,0x01,0xFF,0xF1
	call LABEL_706D	;@raw=0x04,0x70,0x6D
	sub [0x01], 0x0002	;@raw=0x03,0x01,0xFF,0xFE
	break	;@raw=0x06
	add [0x01], 0x000F	;@raw=0x03,0x01,0x00,0x0F
	video type=0, offset=COMMON_VIDEO_056, x=[0x01], y=[0x02], zoom=0x40	;@raw=0x57,0x29,0xF0,0x01,0x02
	sub [0x01], 0x0007	;@raw=0x03,0x01,0xFF,0xF9
	call LABEL_B642	;@raw=0x04,0xB6,0x42
	sub [0x01], 0x000C	;@raw=0x03,0x01,0xFF,0xF4
	break	;@raw=0x06
	add [0x01], 0x000C	;@raw=0x03,0x01,0x00,0x0C
	sub [0x01], 0x0005	;@raw=0x03,0x01,0xFF,0xFB
	play id=0x0060, freq=0x14, vol=0x40, channel=0x01	;@raw=0x18,0x00,0x60,0x14,0x40,0x01
	je [HERO_ACTION], 0x01, LABEL_BF38	;@raw=0x0A,0x00,0xFA,0x01,0xBF,0x38
	add [0x01], 0x0005	;@raw=0x03,0x01,0x00,0x05
	video type=0, offset=COMMON_VIDEO_057, x=[0x01], y=[0x02], zoom=0x40	;@raw=0x57,0x2A,0x00,0x01,0x02
	sub [0x01], 0x0004	;@raw=0x03,0x01,0xFF,0xFC
	sub [0x01], 0x0007	;@raw=0x03,0x01,0xFF,0xF9
	break	;@raw=0x06
	add [0x01], 0x0007	;@raw=0x03,0x01,0x00,0x07
	video type=0, offset=COMMON_VIDEO_058, x=[0x01], y=[0x02], zoom=0x40	;@raw=0x57,0x2A,0x10,0x01,0x02
	sub [0x01], 0x0007	;@raw=0x03,0x01,0xFF,0xF9
	break	;@raw=0x06
	video type=0, offset=COMMON_VIDEO_059, x=[0x01], y=[0x02], zoom=0x40	;@raw=0x57,0x2A,0x22,0x01,0x02
	break	;@raw=0x06
	mov [0x63], 0x0001	;@raw=0x00,0x63,0x00,0x01
	jmp LABEL_BCBE	;@raw=0x07,0xBC,0xBE
LABEL_C29C:
	db 0x11

LABEL_C29D:
	je [HERO_POS_MASK], 0x0A, LABEL_C129	;@raw=0x0A,0x00,0xFD,0x0A,0xC1,0x29
	mov [0x63], 0x0064	;@raw=0x00,0x63,0x00,0x64
	video type=0, offset=COMMON_VIDEO_003, x=[0x01], y=[0x02], zoom=0x40	;@raw=0x57,0x26,0xCC,0x01,0x02
	break	;@raw=0x06
	video type=0, offset=COMMON_VIDEO_004, x=[0x01], y=[0x02], zoom=0x40	;@raw=0x57,0x26,0xF2,0x01,0x02
	break	;@raw=0x06
	video type=0, offset=COMMON_VIDEO_005, x=[0x01], y=[0x02], zoom=0x40	;@raw=0x57,0x27,0x18,0x01,0x02
	break	;@raw=0x06
	call LABEL_B65B	;@raw=0x04,0xB6,0x5B
	video type=0, offset=COMMON_VIDEO_006, x=[0x01], y=[0x02], zoom=0x40	;@raw=0x57,0x27,0x3E,0x01,0x02
	add [0x01], 0x0005	;@raw=0x03,0x01,0x00,0x05
	break	;@raw=0x06
	video type=0, offset=COMMON_VIDEO_007, x=[0x01], y=[0x02], zoom=0x40	;@raw=0x57,0x27,0x64,0x01,0x02
	add [0x01], 0x0007	;@raw=0x03,0x01,0x00,0x07
	break	;@raw=0x06
	video type=0, offset=COMMON_VIDEO_008, x=[0x01], y=[0x02], zoom=0x40	;@raw=0x57,0x27,0x8A,0x01,0x02
	add [0x01], 0x000D	;@raw=0x03,0x01,0x00,0x0D
	break	;@raw=0x06
	video type=0, offset=COMMON_VIDEO_009, x=[0x01], y=[0x02], zoom=0x40	;@raw=0x57,0x27,0xB4,0x01,0x02
	add [0x01], 0x000C	;@raw=0x03,0x01,0x00,0x0C
	mov [0x34], 0x0002	;@raw=0x00,0x34,0x00,0x02
	add [0x01], 0x000F	;@raw=0x03,0x01,0x00,0x0F
	call LABEL_706D	;@raw=0x04,0x70,0x6D
	break	;@raw=0x06
	sub [0x01], 0x000F	;@raw=0x03,0x01,0xFF,0xF1
	video type=0, offset=COMMON_VIDEO_010, x=[0x01], y=[0x02], zoom=0x40	;@raw=0x57,0x28,0x06,0x01,0x02
	add [0x01], 0x0002	;@raw=0x03,0x01,0x00,0x02
	add [0x01], 0x000F	;@raw=0x03,0x01,0x00,0x0F
	break	;@raw=0x06
	sub [0x01], 0x000F	;@raw=0x03,0x01,0xFF,0xF1
	video type=0, offset=COMMON_VIDEO_011, x=[0x01], y=[0x02], zoom=0x40	;@raw=0x57,0x28,0x2C,0x01,0x02
	add [0x01], 0x0007	;@raw=0x03,0x01,0x00,0x07
	call LABEL_B647	;@raw=0x04,0xB6,0x47
	add [0x01], 0x000C	;@raw=0x03,0x01,0x00,0x0C
	break	;@raw=0x06
	sub [0x01], 0x000C	;@raw=0x03,0x01,0xFF,0xF4
	video type=0, offset=COMMON_VIDEO_012, x=[0x01], y=[0x02], zoom=0x40	;@raw=0x57,0x28,0x54,0x01,0x02
	add [0x01], 0x0004	;@raw=0x03,0x01,0x00,0x04
	add [0x01], 0x0007	;@raw=0x03,0x01,0x00,0x07
	break	;@raw=0x06
	sub [0x01], 0x0007	;@raw=0x03,0x01,0xFF,0xF9
	play id=0x0060, freq=0x14, vol=0x40, channel=0x01	;@raw=0x18,0x00,0x60,0x14,0x40,0x01
	video type=0, offset=COMMON_VIDEO_013, x=[0x01], y=[0x02], zoom=0x40	;@raw=0x57,0x28,0x7C,0x01,0x02
	add [0x01], 0x0007	;@raw=0x03,0x01,0x00,0x07
	break	;@raw=0x06
	video type=0, offset=COMMON_VIDEO_014, x=[0x01], y=[0x02], zoom=0x40	;@raw=0x57,0x28,0xA6,0x01,0x02
	break	;@raw=0x06
	mov [0x63], 0x0002	;@raw=0x00,0x63,0x00,0x02
	jmp LABEL_BE7E	;@raw=0x07,0xBE,0x7E
LABEL_C349:
	db 0x11

LABEL_C34A:
	je [HERO_POS_MASK], 0x0A, LABEL_C1D6	;@raw=0x0A,0x00,0xFD,0x0A,0xC1,0xD6
	add [0x01], 0x0005	;@raw=0x03,0x01,0x00,0x05
	add [0x01], 0x0007	;@raw=0x03,0x01,0x00,0x07
	call LABEL_B65B	;@raw=0x04,0xB6,0x5B
	setup channel=0x15, address=LABEL_1470	;@raw=0x08,0x15,0x14,0x70
	mov [0x63], 0x0064	;@raw=0x00,0x63,0x00,0x64
	break	;@raw=0x06

LABEL_C364:
	je [HERO_POS_MASK], 0x0A, LABEL_C1F0	;@raw=0x0A,0x00,0xFD,0x0A,0xC1,0xF0
	call LABEL_B65B	;@raw=0x04,0xB6,0x5B
	setup channel=0x15, address=LABEL_1470	;@raw=0x08,0x15,0x14,0x70
	video type=0, offset=COMMON_VIDEO_008, x=[0x01], y=[0x02], zoom=0x40	;@raw=0x57,0x27,0x8A,0x01,0x02
	add [0x01], 0x000D	;@raw=0x03,0x01,0x00,0x0D
	sub [0x02], 0x0002	;@raw=0x03,0x02,0xFF,0xFE
	break	;@raw=0x06
	video type=0, offset=COMMON_VIDEO_009, x=[0x01], y=[0x02], zoom=0x40	;@raw=0x57,0x27,0xB4,0x01,0x02
	add [0x01], 0x000C	;@raw=0x03,0x01,0x00,0x0C
	break	;@raw=0x06
	video type=0, offset=COMMON_VIDEO_085, x=[0x01], y=[0x02], zoom=0x40	;@raw=0x57,0x27,0xDE,0x01,0x02
	add [0x01], 0x000C	;@raw=0x03,0x01,0x00,0x0C
	add [0x02], 0x0001	;@raw=0x03,0x02,0x00,0x01
	break	;@raw=0x06
	video type=0, offset=COMMON_VIDEO_085, x=[0x01], y=[0x02], zoom=0x40	;@raw=0x57,0x27,0xDE,0x01,0x02
	add [0x01], 0x000C	;@raw=0x03,0x01,0x00,0x0C
	add [0x02], 0x0001	;@raw=0x03,0x02,0x00,0x01
	break	;@raw=0x06
	video type=0, offset=COMMON_VIDEO_010, x=[0x01], y=[0x02], zoom=0x40	;@raw=0x57,0x28,0x06,0x01,0x02
	mov [0x34], 0x0005	;@raw=0x00,0x34,0x00,0x05
	add [0x01], 0x000F	;@raw=0x03,0x01,0x00,0x0F
	call LABEL_706D	;@raw=0x04,0x70,0x6D
	add [0x01], 0x0002	;@raw=0x03,0x01,0x00,0x02
	break	;@raw=0x06
	sub [0x01], 0x000F	;@raw=0x03,0x01,0xFF,0xF1
	video type=0, offset=COMMON_VIDEO_011, x=[0x01], y=[0x02], zoom=0x40	;@raw=0x57,0x28,0x2C,0x01,0x02
	add [0x01], 0x0007	;@raw=0x03,0x01,0x00,0x07
	call LABEL_B647	;@raw=0x04,0xB6,0x47
	add [0x01], 0x000C	;@raw=0x03,0x01,0x00,0x0C
	break	;@raw=0x06
	sub [0x01], 0x000C	;@raw=0x03,0x01,0xFF,0xF4
	add [0x01], 0x0005	;@raw=0x03,0x01,0x00,0x05
	play id=0x0060, freq=0x14, vol=0x40, channel=0x01	;@raw=0x18,0x00,0x60,0x14,0x40,0x01
	je [HERO_ACTION], 0x01, LABEL_C026	;@raw=0x0A,0x00,0xFA,0x01,0xC0,0x26
	sub [0x01], 0x0005	;@raw=0x03,0x01,0xFF,0xFB
	video type=0, offset=COMMON_VIDEO_012, x=[0x01], y=[0x02], zoom=0x40	;@raw=0x57,0x28,0x54,0x01,0x02
	add [0x01], 0x0004	;@raw=0x03,0x01,0x00,0x04
	add [0x01], 0x0007	;@raw=0x03,0x01,0x00,0x07
	break	;@raw=0x06
	sub [0x01], 0x0007	;@raw=0x03,0x01,0xFF,0xF9
	video type=0, offset=COMMON_VIDEO_013, x=[0x01], y=[0x02], zoom=0x40	;@raw=0x57,0x28,0x7C,0x01,0x02
	add [0x01], 0x0007	;@raw=0x03,0x01,0x00,0x07
	break	;@raw=0x06
	video type=0, offset=COMMON_VIDEO_014, x=[0x01], y=[0x02], zoom=0x40	;@raw=0x57,0x28,0xA6,0x01,0x02
	break	;@raw=0x06
	mov [0x63], 0x0002	;@raw=0x00,0x63,0x00,0x02
	jmp LABEL_BE7E	;@raw=0x07,0xBE,0x7E
LABEL_C410:
	db 0x11

LABEL_C411:
	call LABEL_B647	;@raw=0x04,0xB6,0x47
	mov [0x2A], 0x0020	;@raw=0x00,0x2A,0x00,0x20
	call LABEL_7449	;@raw=0x04,0x74,0x49
	add [0x01], 0x0004	;@raw=0x03,0x01,0x00,0x04
	video type=0, offset=COMMON_VIDEO_348, x=[0x01], y=[0x02], zoom=0x40	;@raw=0x57,0x1B,0x69,0x01,0x02
	add [0x01], 0x0001	;@raw=0x03,0x01,0x00,0x01

LABEL_C428:
	break	;@raw=0x06
	je [HERO_ACTION_POS_MASK], 0x80, LABEL_C458	;@raw=0x0A,0x00,0xFE,0x80,0xC4,0x58
	call LABEL_9164	;@raw=0x04,0x91,0x64
	je [HERO_ACTION_POS_MASK], 0x00, LABEL_C428	;@raw=0x0A,0x00,0xFE,0x00,0xC4,0x28
	break	;@raw=0x06
	sub [0x01], 0x0002	;@raw=0x03,0x01,0xFF,0xFE
	video type=0, offset=COMMON_VIDEO_348, x=[0x01], y=[0x02], zoom=0x40	;@raw=0x57,0x1B,0x69,0x01,0x02
	sub [0x01], 0x0002	;@raw=0x03,0x01,0xFF,0xFE
	break	;@raw=0x06
	video type=0, offset=COMMON_VIDEO_351, x=[0x01], y=[0x02], zoom=0x40	;@raw=0x57,0x0A,0xEE,0x01,0x02
	mov [0x63], 0x0002	;@raw=0x00,0x63,0x00,0x02
	mov [0x0A], 0x0004	;@raw=0x00,0x0A,0x00,0x04
	jmp LABEL_BE71	;@raw=0x07,0xBE,0x71
LABEL_C457:
	db 0x11

LABEL_C458:
	jne [0x0F], 0x00, LABEL_C491	;@raw=0x0A,0x01,0x0F,0x00,0xC4,0x91
	add [0x01], 0x0002	;@raw=0x03,0x01,0x00,0x02
	video type=0, offset=COMMON_VIDEO_350, x=[0x01], y=[0x02], zoom=0x40	;@raw=0x57,0x1C,0x2C,0x01,0x02
	mov [0x21], [0x01]	;@raw=0x01,0x21,0x01
	mov [0x27], [0x02]	;@raw=0x01,0x27,0x02
	add [0x21], 0x001E	;@raw=0x03,0x21,0x00,0x1E
	sub [0x27], 0x0027	;@raw=0x03,0x27,0xFF,0xD9
	call LABEL_5BE0	;@raw=0x04,0x5B,0xE0
	break	;@raw=0x06
	sub [0x01], 0x0001	;@raw=0x03,0x01,0xFF,0xFF
	video type=0, offset=COMMON_VIDEO_348, x=[0x01], y=[0x02], zoom=0x40	;@raw=0x57,0x1B,0x69,0x01,0x02
	sub [0x01], 0x0001	;@raw=0x03,0x01,0xFF,0xFF
	jne [HERO_ACTION_POS_MASK], 0x80, LABEL_C428	;@raw=0x0A,0x01,0xFE,0x80,0xC4,0x28
	setup channel=0x17, address=LABEL_6B1B	;@raw=0x08,0x17,0x6B,0x1B

LABEL_C490:
	break	;@raw=0x06

LABEL_C491:
	call LABEL_9164	;@raw=0x04,0x91,0x64
	je [HERO_ACTION_POS_MASK], 0x80, LABEL_C490	;@raw=0x0A,0x00,0xFE,0x80,0xC4,0x90
	jmp LABEL_C428	;@raw=0x07,0xC4,0x28
	killChannel	;@raw=0x11
	call LABEL_B647	;@raw=0x04,0xB6,0x47
	mov [0x2A], 0x0020	;@raw=0x00,0x2A,0x00,0x20
	call LABEL_7449	;@raw=0x04,0x74,0x49
	jne [0x0A], 0x00, LABEL_C458	;@raw=0x0A,0x01,0x0A,0x00,0xC4,0x58
	mov [0x63], 0x0002	;@raw=0x00,0x63,0x00,0x02
	jmp LABEL_BE71	;@raw=0x07,0xBE,0x71
LABEL_C4B5:
	db 0x11

LABEL_C4B6:
	call LABEL_B64C	;@raw=0x04,0xB6,0x4C
	mov [0x2A], 0x0020	;@raw=0x00,0x2A,0x00,0x20
	jne [0x0A], 0x00, LABEL_C4E0	;@raw=0x0A,0x01,0x0A,0x00,0xC4,0xE0
	mov [0x63], 0x0001	;@raw=0x00,0x63,0x00,0x01
	jmp LABEL_BCB1	;@raw=0x07,0xBC,0xB1
LABEL_C4CA:
	db 0x11

LABEL_C4CB:
	call LABEL_B651	;@raw=0x04,0xB6,0x51
	mov [0x2A], 0x0020	;@raw=0x00,0x2A,0x00,0x20
	jne [0x0A], 0x00, LABEL_C584	;@raw=0x0A,0x01,0x0A,0x00,0xC5,0x84
	mov [0x63], 0x0002	;@raw=0x00,0x63,0x00,0x02
	jmp LABEL_BE71	;@raw=0x07,0xBE,0x71
LABEL_C4DF:
	db 0x11

LABEL_C4E0:
	jne [0x0F], 0x00, LABEL_C51C	;@raw=0x0A,0x01,0x0F,0x00,0xC5,0x1C
	sub [0x01], 0x0003	;@raw=0x03,0x01,0xFF,0xFD
	call LABEL_7449	;@raw=0x04,0x74,0x49
	video type=0, offset=COMMON_VIDEO_338, x=[0x01], y=[0x02], zoom=0x40	;@raw=0x57,0x1D,0x6E,0x01,0x02
	mov [0x21], [0x01]	;@raw=0x01,0x21,0x01
	mov [0x27], [0x02]	;@raw=0x01,0x27,0x02
	sub [0x21], 0x001E	;@raw=0x03,0x21,0xFF,0xE2
	sub [0x27], 0x0016	;@raw=0x03,0x27,0xFF,0xEA
	call LABEL_5B64	;@raw=0x04,0x5B,0x64
	break	;@raw=0x06
	add [0x01], 0x0002	;@raw=0x03,0x01,0x00,0x02
	video type=0, offset=COMMON_VIDEO_337, x=[0x01], y=[0x02], zoom=0x40	;@raw=0x57,0x1D,0x88,0x01,0x02
	add [0x01], 0x0001	;@raw=0x03,0x01,0x00,0x01
	jne [HERO_ACTION_POS_MASK], 0x84, LABEL_C543	;@raw=0x0A,0x01,0xFE,0x84,0xC5,0x43
	setup channel=0x17, address=LABEL_6AB2	;@raw=0x08,0x17,0x6A,0xB2

LABEL_C51B:
	break	;@raw=0x06

LABEL_C51C:
	call LABEL_9362	;@raw=0x04,0x93,0x62
	je [HERO_ACTION_POS_MASK], 0x84, LABEL_C51B	;@raw=0x0A,0x00,0xFE,0x84,0xC5,0x1B
	jmp LABEL_C543	;@raw=0x07,0xC5,0x43
LABEL_C528:
	db 0x11

LABEL_C529:
	mov [0x2A], 0x0020	;@raw=0x00,0x2A,0x00,0x20
	sub [0x01], 0x0001	;@raw=0x03,0x01,0xFF,0xFF
	call LABEL_7449	;@raw=0x04,0x74,0x49
	add [0x01], 0x0003	;@raw=0x03,0x01,0x00,0x03
	video type=0, offset=COMMON_VIDEO_336, x=[0x01], y=[0x02], zoom=0x40	;@raw=0x57,0x0B,0xD4,0x01,0x02
	break	;@raw=0x06
	video type=0, offset=COMMON_VIDEO_337, x=[0x01], y=[0x02], zoom=0x40	;@raw=0x57,0x1D,0x88,0x01,0x02

LABEL_C543:
	break	;@raw=0x06
	je [HERO_ACTION_POS_MASK], 0x84, LABEL_C4E0	;@raw=0x0A,0x00,0xFE,0x84,0xC4,0xE0
	je [HERO_ACTION_POS_MASK], 0x86, LABEL_C4E0	;@raw=0x0A,0x00,0xFE,0x86,0xC4,0xE0
	call LABEL_9362	;@raw=0x04,0x93,0x62
	je [HERO_ACTION_POS_MASK], 0x04, LABEL_C543	;@raw=0x0A,0x00,0xFE,0x04,0xC5,0x43
	break	;@raw=0x06
	sub [0x01], 0x0002	;@raw=0x03,0x01,0xFF,0xFE
	video type=0, offset=COMMON_VIDEO_339, x=[0x01], y=[0x02], zoom=0x40	;@raw=0x57,0x0B,0xE6,0x01,0x02
	mov [0x63], 0x0001	;@raw=0x00,0x63,0x00,0x01
	mov [0x0A], 0x0003	;@raw=0x00,0x0A,0x00,0x03
	jmp LABEL_BCB1	;@raw=0x07,0xBC,0xB1
LABEL_C56E:
	db 0x11

LABEL_C56F:
	mov [0x63], 0x0064	;@raw=0x00,0x63,0x00,0x64
	call LABEL_B64C	;@raw=0x04,0xB6,0x4C
	jne [0x0A], 0x00, LABEL_C529	;@raw=0x0A,0x01,0x0A,0x00,0xC5,0x29
	mov [0x63], 0x0001	;@raw=0x00,0x63,0x00,0x01
	jmp LABEL_BCB1	;@raw=0x07,0xBC,0xB1
LABEL_C583:
	db 0x11

LABEL_C584:
	jne [0x0F], 0x00, LABEL_C5C0	;@raw=0x0A,0x01,0x0F,0x00,0xC5,0xC0
	add [0x01], 0x0003	;@raw=0x03,0x01,0x00,0x03
	call LABEL_7449	;@raw=0x04,0x74,0x49
	video type=0, offset=COMMON_VIDEO_333, x=[0x01], y=[0x02], zoom=0x40	;@raw=0x57,0x1C,0x4F,0x01,0x02
	mov [0x21], [0x01]	;@raw=0x01,0x21,0x01
	mov [0x27], [0x02]	;@raw=0x01,0x27,0x02
	add [0x21], 0x001E	;@raw=0x03,0x21,0x00,0x1E
	sub [0x27], 0x0016	;@raw=0x03,0x27,0xFF,0xEA
	call LABEL_5BE0	;@raw=0x04,0x5B,0xE0
	break	;@raw=0x06
	sub [0x01], 0x0002	;@raw=0x03,0x01,0xFF,0xFE
	video type=0, offset=COMMON_VIDEO_330, x=[0x01], y=[0x02], zoom=0x40	;@raw=0x57,0x1C,0x69,0x01,0x02
	sub [0x01], 0x0001	;@raw=0x03,0x01,0xFF,0xFF
	jne [HERO_ACTION_POS_MASK], 0x84, LABEL_C5E3	;@raw=0x0A,0x01,0xFE,0x84,0xC5,0xE3
	setup channel=0x17, address=LABEL_6B1B	;@raw=0x08,0x17,0x6B,0x1B

LABEL_C5BF:
	break	;@raw=0x06

LABEL_C5C0:
	call LABEL_9146	;@raw=0x04,0x91,0x46
	je [HERO_ACTION_POS_MASK], 0x84, LABEL_C5BF	;@raw=0x0A,0x00,0xFE,0x84,0xC5,0xBF
	jmp LABEL_C5E3	;@raw=0x07,0xC5,0xE3
LABEL_C5CC:
	db 0x11

LABEL_C5CD:
	mov [0x2A], 0x0020	;@raw=0x00,0x2A,0x00,0x20
	call LABEL_7449	;@raw=0x04,0x74,0x49
	sub [0x01], 0x0002	;@raw=0x03,0x01,0xFF,0xFE
	video type=0, offset=COMMON_VIDEO_329, x=[0x01], y=[0x02], zoom=0x40	;@raw=0x57,0x0B,0x00,0x01,0x02
	break	;@raw=0x06
	video type=0, offset=COMMON_VIDEO_330, x=[0x01], y=[0x02], zoom=0x40	;@raw=0x57,0x1C,0x69,0x01,0x02

LABEL_C5E3:
	break	;@raw=0x06
	je [HERO_ACTION_POS_MASK], 0x84, LABEL_C584	;@raw=0x0A,0x00,0xFE,0x84,0xC5,0x84
	je [HERO_ACTION_POS_MASK], 0x85, LABEL_C584	;@raw=0x0A,0x00,0xFE,0x85,0xC5,0x84
	call LABEL_9146	;@raw=0x04,0x91,0x46
	je [HERO_POS_MASK], 0x04, LABEL_C5E3	;@raw=0x0A,0x00,0xFD,0x04,0xC5,0xE3
	break	;@raw=0x06
	add [0x01], 0x0002	;@raw=0x03,0x01,0x00,0x02
	video type=0, offset=COMMON_VIDEO_334, x=[0x01], y=[0x02], zoom=0x40	;@raw=0x57,0x0B,0x32,0x01,0x02
	mov [0x63], 0x0002	;@raw=0x00,0x63,0x00,0x02
	mov [0x0A], 0x0003	;@raw=0x00,0x0A,0x00,0x03
	jmp LABEL_BE71	;@raw=0x07,0xBE,0x71
LABEL_C60E:
	db 0x11

LABEL_C60F:
	mov [0x63], 0x0064	;@raw=0x00,0x63,0x00,0x64
	call LABEL_B651	;@raw=0x04,0xB6,0x51
	jne [0x0A], 0x00, LABEL_C5CD	;@raw=0x0A,0x01,0x0A,0x00,0xC5,0xCD
	mov [0x63], 0x0002	;@raw=0x00,0x63,0x00,0x02
	jmp LABEL_BE71	;@raw=0x07,0xBE,0x71
LABEL_C623:
	db 0x11, 0x57, 0x04, 0xFB, 0x01, 0x02, 0x11, 0x57
	db 0x05, 0xEF, 0x01, 0x02, 0x11, 0xFF, 0xFF, 0xFF
	db 0xFF, 0xFF, 0xFF, 0xFF, 0xFF, 0xFF, 0xFF, 0xFF
	db 0xFF, 0xFF, 0xFF, 0xFF, 0xFF, 0xFF, 0xFF, 0xFF
	db 0xFF, 0xFF, 0xFF, 0xFF, 0xFF, 0xFF, 0xFF, 0xFF
	db 0xFF, 0xFF, 0xFF, 0xFF, 0xFF, 0xFF, 0xFF, 0xFF
	db 0xFF, 0xFF, 0xFF, 0xFF, 0xFF, 0xFF, 0xFF, 0xFF
	db 0xFF, 0xFF, 0xFF, 0xFF, 0xFF, 0xFF, 0xFF, 0xFF
	db 0xFF, 0xFF, 0xFF, 0xFF, 0xFF, 0xFF, 0xFF, 0xFF
	db 0xFF, 0xFF, 0xFF, 0xFF, 0xFF, 0xFF, 0xFF, 0xFF
	db 0xFF, 0xFF, 0xFF, 0xFF, 0xFF, 0xFF, 0xFF, 0xFF
	db 0xFF, 0xFF, 0xFF, 0xFF, 0xFF, 0xFF, 0xFF, 0xFF
	db 0xFF, 0xFF, 0xFF, 0xFF, 0xFF, 0xFF, 0xFF, 0xFF
	db 0xFF, 0xFF, 0xFF, 0xFF, 0xFF, 0xFF, 0xFF, 0xFF
	db 0xFF, 0xFF, 0xFF, 0xFF, 0xFF, 0xFF, 0xFF, 0xFF
	db 0xFF, 0xFF, 0xFF, 0xFF, 0xFF, 0xFF, 0xFF, 0xFF
	db 0xFF, 0xFF, 0xFF, 0xFF, 0xFF, 0xFF, 0xFF, 0xFF
	db 0xFF, 0xFF, 0xFF, 0xFF, 0xFF, 0xFF, 0xFF, 0xFF
	db 0xFF, 0xFF, 0xFF, 0xFF, 0xFF, 0xFF, 0xFF, 0xFF
	db 0xFF, 0xFF, 0xFF, 0xFF, 0xFF, 0xFF, 0xFF, 0xFF
	db 0xFF, 0xFF, 0xFF, 0xFF, 0xFF, 0xFF, 0xFF, 0xFF
	db 0xFF, 0xFF, 0xFF, 0xFF, 0xFF, 0xFF, 0xFF, 0xFF
	db 0xFF, 0xFF, 0xFF, 0xFF, 0xFF, 0xFF, 0xFF, 0xFF
	db 0xFF, 0xFF, 0xFF, 0xFF, 0xFF, 0xFF, 0xFF, 0xFF
	db 0xFF, 0xFF, 0xFF, 0xFF, 0xFF, 0xFF, 0xFF, 0xFF
	db 0xFF, 0xFF, 0xFF, 0xFF, 0xFF, 0xFF, 0xFF, 0xFF
	db 0xFF, 0xFF, 0xFF, 0xFF, 0xFF, 0xFF, 0xFF, 0xFF
	db 0xFF, 0xFF, 0xFF, 0xFF, 0xFF, 0xFF, 0xFF, 0xFF
	db 0xFF, 0xFF, 0xFF, 0xFF, 0xFF, 0xFF, 0xFF, 0xFF
	db 0xFF, 0xFF, 0xFF, 0xFF, 0xFF, 0xFF, 0xFF, 0xFF
	db 0xFF, 0xFF, 0xFF, 0xFF, 0xFF, 0xFF, 0xFF, 0xFF
	db 0xFF, 0xFF, 0xFF, 0xFF, 0xFF, 0xFF, 0xFF, 0xFF
	db 0xFF, 0xFF, 0xFF, 0xFF, 0xFF, 0xFF, 0xFF, 0xFF
	db 0xFF, 0xFF, 0xFF, 0xFF, 0xFF, 0xFF, 0xFF, 0xFF
	db 0xFF, 0xFF, 0xFF, 0xFF, 0xFF, 0xFF, 0xFF, 0xFF
	db 0xFF, 0xFF, 0xFF, 0xFF, 0xFF, 0xFF, 0xFF, 0xFF
	db 0xFF, 0xFF, 0xFF, 0xFF, 0xFF, 0xFF, 0xFF, 0xFF
	db 0xFF, 0xFF, 0xFF, 0xFF, 0xFF, 0xFF, 0xFF, 0xFF
	db 0xFF, 0xFF, 0xFF, 0xFF, 0xFF, 0xFF, 0xFF, 0xFF
	db 0xFF, 0xFF, 0xFF, 0xFF, 0xFF, 0xFF, 0xFF, 0xFF
	db 0xFF, 0xFF, 0xFF, 0xFF, 0xFF, 0xFF, 0xFF, 0xFF
	db 0xFF, 0xFF, 0xFF, 0xFF, 0xFF, 0xFF, 0xFF, 0xFF
	db 0xFF, 0xFF, 0xFF, 0xFF, 0xFF, 0xFF, 0xFF, 0xFF
	db 0xFF, 0xFF, 0xFF, 0xFF, 0xFF, 0xFF, 0xFF, 0xFF
	db 0xFF, 0xFF, 0xFF, 0xFF, 0xFF, 0xFF, 0xFF, 0xFF
	db 0xFF, 0xFF, 0xFF, 0xFF, 0xFF, 0xFF, 0xFF, 0xFF
	db 0xFF, 0xFF, 0xFF, 0xFF, 0xFF, 0xFF, 0xFF, 0xFF
	db 0xFF, 0xFF, 0xFF, 0xFF, 0xFF, 0xFF, 0xFF, 0xFF
	db 0xFF, 0xFF, 0xFF, 0xFF, 0xFF, 0xFF, 0xFF, 0xFF
	db 0xFF, 0xFF, 0xFF, 0xFF, 0xFF, 0xFF, 0xFF, 0xFF
	db 0xFF, 0xFF, 0xFF, 0xFF, 0xFF, 0xFF, 0xFF, 0xFF
	db 0xFF, 0xFF, 0xFF, 0xFF, 0xFF, 0xFF, 0xFF, 0xFF
	db 0xFF, 0xFF, 0xFF, 0xFF, 0xFF, 0xFF, 0xFF, 0xFF
	db 0xFF, 0xFF, 0xFF, 0xFF, 0xFF, 0xFF, 0xFF, 0xFF
	db 0xFF, 0xFF, 0xFF, 0xFF, 0xFF, 0xFF, 0xFF, 0xFF
	db 0xFF, 0xFF, 0xFF, 0xFF, 0xFF, 0xFF, 0xFF, 0xFF
	db 0xFF, 0xFF, 0xFF, 0xFF, 0xFF, 0xFF, 0xFF, 0xFF
	db 0xFF, 0xFF, 0xFF, 0xFF, 0xFF, 0xFF, 0xFF, 0xFF
	db 0xFF, 0xFF, 0xFF, 0xFF, 0xFF, 0xFF, 0xFF, 0xFF
	db 0xFF, 0xFF, 0xFF, 0xFF, 0xFF, 0xFF, 0xFF, 0xFF
	db 0xFF, 0xFF, 0xFF, 0xFF, 0xFF, 0xFF, 0xFF, 0xFF
	db 0xFF, 0xFF, 0xFF, 0xFF, 0xFF, 0xFF, 0xFF, 0xFF
	db 0xFF, 0xFF, 0xFF, 0xFF, 0xFF, 0xFF, 0xFF, 0xFF
	db 0xFF, 0xFF, 0xFF, 0xFF, 0xFF, 0xFF, 0xFF, 0xFF
	db 0xFF, 0xFF, 0xFF, 0xFF, 0xFF, 0xFF, 0xFF, 0xFF
	db 0xFF, 0xFF, 0xFF, 0xFF, 0xFF, 0xFF, 0xFF, 0xFF
	db 0xFF, 0xFF, 0xFF, 0xFF, 0xFF, 0xFF, 0xFF, 0xFF
	db 0xFF, 0xFF, 0xFF, 0xFF, 0xFF, 0xFF, 0xFF, 0xFF
	db 0xFF, 0xFF, 0xFF, 0xFF, 0xFF, 0xFF, 0xFF, 0xFF
	db 0xFF, 0xFF, 0xFF, 0xFF, 0xFF, 0xFF, 0xFF, 0xFF
	db 0xFF, 0xFF, 0xFF, 0xFF, 0xFF, 0xFF, 0xFF, 0xFF
	db 0xFF, 0xFF, 0xFF, 0xFF, 0xFF, 0xFF, 0xFF, 0xFF
	db 0xFF, 0xFF, 0xFF, 0xFF, 0xFF, 0xFF, 0xFF, 0xFF
	db 0xFF, 0xFF, 0xFF, 0xFF, 0xFF, 0xFF, 0xFF, 0xFF
	db 0xFF, 0xFF, 0xFF, 0xFF, 0xFF, 0xFF, 0xFF, 0xFF
	db 0xFF, 0xFF, 0xFF, 0xFF, 0xFF, 0xFF, 0xFF, 0xFF
	db 0xFF, 0xFF, 0xFF, 0xFF, 0xFF, 0xFF, 0xFF, 0xFF
	db 0xFF, 0xFF, 0xFF, 0xFF, 0xFF, 0xFF, 0xFF, 0xFF
	db 0xFF, 0xFF, 0xFF, 0xFF, 0xFF, 0xFF, 0xFF, 0xFF
	db 0xFF, 0xFF, 0xFF, 0xFF, 0xFF, 0xFF, 0xFF, 0xFF
	db 0xFF, 0xFF, 0xFF, 0xFF, 0xFF, 0xFF, 0xFF, 0xFF
	db 0xFF, 0xFF, 0xFF, 0xFF, 0xFF, 0xFF, 0xFF, 0xFF
	db 0xFF, 0xFF, 0xFF, 0xFF, 0xFF, 0xFF, 0xFF, 0xFF
	db 0xFF, 0xFF, 0xFF, 0xFF, 0xFF, 0xFF, 0xFF, 0xFF
	db 0xFF, 0xFF, 0xFF, 0xFF, 0xFF, 0xFF, 0xFF, 0xFF
	db 0xFF, 0xFF, 0xFF, 0xFF, 0xFF, 0xFF, 0xFF, 0xFF
	db 0xFF, 0xFF, 0xFF, 0xFF, 0xFF, 0xFF, 0xFF, 0xFF
	db 0xFF, 0xFF, 0xFF, 0xFF, 0xFF, 0xFF, 0xFF, 0xFF
	db 0xFF, 0xFF, 0xFF, 0xFF, 0xFF, 0xFF, 0xFF, 0xFF
	db 0xFF, 0xFF, 0xFF, 0xFF, 0xFF, 0xFF, 0xFF, 0xFF
	db 0xFF, 0xFF, 0xFF, 0xFF, 0xFF, 0xFF, 0xFF, 0xFF
	db 0xFF, 0xFF, 0xFF, 0xFF, 0xFF, 0xFF, 0xFF, 0xFF
	db 0xFF, 0xFF, 0xFF, 0xFF, 0xFF, 0xFF, 0xFF, 0xFF
	db 0xFF, 0xFF, 0xFF, 0xFF, 0xFF, 0xFF, 0xFF, 0xFF
	db 0xFF, 0xFF, 0xFF, 0xFF, 0xFF, 0xFF, 0xFF, 0xFF
	db 0xFF, 0xFF, 0xFF, 0xFF, 0xFF, 0xFF, 0xFF, 0xFF
	db 0xFF, 0xFF, 0xFF, 0xFF, 0xFF, 0xFF, 0xFF, 0xFF
	db 0xFF, 0xFF, 0xFF, 0xFF, 0xFF, 0xFF, 0xFF, 0xFF
	db 0xFF, 0xFF, 0xFF, 0xFF, 0xFF, 0xFF, 0xFF, 0xFF
	db 0xFF, 0xFF, 0xFF, 0xFF, 0xFF, 0xFF, 0xFF, 0xFF
	db 0xFF, 0xFF, 0xFF, 0xFF, 0xFF, 0xFF, 0xFF, 0xFF
	db 0xFF, 0xFF, 0xFF, 0xFF, 0xFF, 0xFF, 0xFF, 0xFF
	db 0xFF, 0xFF, 0xFF, 0xFF, 0xFF, 0xFF, 0xFF, 0xFF
	db 0xFF, 0xFF, 0xFF, 0xFF, 0xFF, 0xFF, 0xFF, 0xFF
	db 0xFF, 0xFF, 0xFF, 0xFF, 0xFF, 0xFF, 0xFF, 0xFF
	db 0xFF, 0xFF, 0xFF, 0xFF, 0xFF, 0xFF, 0xFF, 0xFF
	db 0xFF, 0xFF, 0xFF, 0xFF, 0xFF, 0xFF, 0xFF, 0xFF
	db 0xFF, 0xFF, 0xFF, 0xFF, 0xFF, 0xFF, 0xFF, 0xFF
	db 0xFF, 0xFF, 0xFF, 0xFF, 0xFF, 0xFF, 0xFF, 0xFF
	db 0xFF, 0xFF, 0xFF, 0xFF, 0xFF, 0xFF, 0xFF, 0xFF
	db 0xFF, 0xFF, 0xFF, 0xFF, 0xFF, 0xFF, 0xFF, 0xFF
	db 0xFF, 0xFF, 0xFF, 0xFF, 0xFF, 0xFF, 0xFF, 0xFF
	db 0xFF, 0xFF, 0xFF, 0xFF, 0xFF, 0xFF, 0xFF, 0xFF
	db 0xFF, 0xFF, 0xFF, 0xFF, 0xFF, 0xFF, 0xFF, 0xFF
	db 0xFF, 0xFF, 0xFF, 0xFF, 0xFF, 0xFF, 0xFF, 0xFF
	db 0xFF, 0xFF, 0xFF, 0xFF, 0xFF, 0xFF, 0xFF, 0xFF
	db 0xFF, 0xFF, 0xFF, 0xFF, 0xFF, 0xFF, 0xFF, 0xFF
	db 0xFF, 0xFF, 0xFF, 0xFF, 0xFF, 0xFF, 0xFF, 0xFF
	db 0xFF, 0xFF, 0xFF, 0xFF, 0xFF, 0xFF, 0xFF, 0xFF
	db 0xFF, 0xFF, 0xFF, 0xFF, 0xFF, 0xFF, 0xFF, 0xFF
	db 0xFF, 0xFF, 0xFF, 0xFF, 0xFF, 0xFF, 0xFF, 0xFF
	db 0xFF, 0xFF, 0xFF, 0xFF, 0xFF, 0xFF, 0xFF, 0xFF
	db 0xFF, 0xFF, 0xFF, 0xFF, 0xFF, 0xFF, 0xFF, 0xFF
	db 0xFF, 0xFF, 0xFF, 0xFF, 0xFF, 0xFF, 0xFF, 0xFF
	db 0xFF, 0xFF, 0xFF, 0xFF, 0xFF, 0xFF, 0xFF, 0xFF
	db 0xFF, 0xFF, 0xFF, 0xFF, 0xFF, 0xFF, 0xFF, 0xFF
	db 0xFF, 0xFF, 0xFF, 0xFF, 0xFF, 0xFF, 0xFF, 0xFF
	db 0xFF, 0xFF, 0xFF, 0xFF, 0xFF, 0xFF, 0xFF, 0xFF
	db 0xFF, 0xFF, 0xFF, 0xFF, 0xFF, 0xFF, 0xFF, 0xFF
	db 0xFF, 0xFF, 0xFF, 0xFF, 0xFF, 0xFF, 0xFF, 0xFF
	db 0xFF, 0xFF, 0xFF, 0xFF, 0xFF, 0xFF, 0xFF, 0xFF
	db 0xFF, 0xFF, 0xFF, 0xFF, 0xFF, 0xFF, 0xFF, 0xFF
	db 0xFF, 0xFF, 0xFF, 0xFF, 0xFF, 0xFF, 0xFF, 0xFF
	db 0xFF, 0xFF, 0xFF, 0xFF, 0xFF, 0xFF, 0xFF, 0xFF
	db 0xFF, 0xFF, 0xFF, 0xFF, 0xFF, 0xFF, 0xFF, 0xFF
	db 0xFF, 0xFF, 0xFF, 0xFF, 0xFF, 0xFF, 0xFF, 0xFF
	db 0xFF, 0xFF, 0xFF, 0xFF, 0xFF, 0xFF, 0xFF, 0xFF
	db 0xFF, 0xFF, 0xFF, 0xFF, 0xFF, 0xFF, 0xFF, 0xFF
	db 0xFF, 0xFF, 0xFF, 0xFF, 0xFF, 0xFF, 0xFF, 0xFF
	db 0xFF, 0xFF, 0xFF, 0xFF, 0xFF, 0xFF, 0xFF, 0xFF
	db 0xFF, 0xFF, 0xFF, 0xFF, 0xFF, 0xFF, 0xFF, 0xFF
	db 0xFF, 0xFF, 0xFF, 0xFF, 0xFF, 0xFF, 0xFF, 0xFF
	db 0xFF, 0xFF, 0xFF, 0xFF, 0xFF, 0xFF, 0xFF, 0xFF
	db 0xFF, 0xFF, 0xFF, 0xFF, 0xFF, 0xFF, 0xFF, 0xFF
	db 0xFF, 0xFF, 0xFF, 0xFF, 0xFF, 0xFF, 0xFF, 0xFF
	db 0xFF, 0xFF, 0xFF, 0xFF, 0xFF, 0xFF, 0xFF, 0xFF
	db 0xFF, 0xFF, 0xFF, 0xFF, 0xFF, 0xFF, 0xFF, 0xFF
	db 0xFF, 0xFF, 0xFF, 0xFF, 0xFF, 0xFF, 0xFF, 0xFF
	db 0xFF, 0xFF, 0xFF, 0xFF, 0xFF, 0xFF, 0xFF, 0xFF
	db 0xFF, 0xFF, 0xFF, 0xFF, 0xFF, 0xFF, 0xFF, 0xFF
	db 0xFF, 0xFF, 0xFF, 0xFF, 0xFF, 0xFF, 0xFF, 0xFF
	db 0xFF, 0xFF, 0xFF, 0xFF, 0xFF, 0xFF, 0xFF, 0xFF
	db 0xFF, 0xFF, 0xFF, 0xFF, 0xFF, 0xFF, 0xFF, 0xFF
	db 0xFF, 0xFF, 0xFF, 0xFF, 0xFF, 0xFF, 0xFF, 0xFF
	db 0xFF, 0xFF, 0xFF, 0xFF, 0xFF, 0xFF, 0xFF, 0xFF
	db 0xFF, 0xFF, 0xFF, 0xFF, 0xFF, 0xFF, 0xFF, 0xFF
	db 0xFF, 0xFF, 0xFF, 0xFF, 0xFF, 0xFF, 0xFF, 0xFF
	db 0xFF, 0xFF, 0xFF, 0xFF, 0xFF, 0xFF, 0xFF, 0xFF
	db 0xFF, 0xFF, 0xFF, 0xFF, 0xFF, 0xFF, 0xFF, 0xFF
	db 0xFF, 0xFF, 0xFF, 0xFF, 0xFF, 0xFF, 0xFF, 0xFF
	db 0xFF, 0xFF, 0xFF, 0xFF, 0xFF, 0xFF, 0xFF, 0xFF
	db 0xFF, 0xFF, 0xFF, 0xFF, 0xFF, 0xFF, 0xFF, 0xFF
	db 0xFF, 0xFF, 0xFF, 0xFF, 0xFF, 0xFF, 0xFF, 0xFF
	db 0xFF, 0xFF, 0xFF, 0xFF, 0xFF, 0xFF, 0xFF, 0xFF
	db 0xFF, 0xFF, 0xFF, 0xFF, 0xFF, 0xFF, 0xFF, 0xFF
	db 0xFF, 0xFF, 0xFF, 0xFF, 0xFF, 0xFF, 0xFF, 0xFF
	db 0xFF, 0xFF, 0xFF, 0xFF, 0xFF, 0xFF, 0xFF, 0xFF
	db 0xFF, 0xFF, 0xFF, 0xFF, 0xFF, 0xFF, 0xFF, 0xFF
	db 0xFF, 0xFF, 0xFF, 0xFF, 0xFF, 0xFF, 0xFF, 0xFF
	db 0xFF, 0xFF, 0xFF, 0xFF, 0xFF, 0xFF, 0xFF, 0xFF
	db 0xFF, 0xFF, 0xFF, 0xFF, 0xFF, 0xFF, 0xFF, 0xFF
	db 0xFF, 0xFF, 0xFF, 0xFF, 0xFF, 0xFF, 0xFF, 0xFF
	db 0xFF, 0xFF, 0xFF, 0xFF, 0xFF, 0xFF, 0xFF, 0xFF
	db 0xFF, 0xFF, 0xFF, 0xFF, 0xFF, 0xFF, 0xFF, 0xFF
	db 0xFF, 0xFF, 0xFF, 0xFF, 0xFF, 0xFF, 0xFF, 0xFF
	db 0xFF, 0xFF, 0xFF, 0xFF, 0xFF, 0xFF, 0xFF, 0xFF
	db 0xFF, 0xFF, 0xFF, 0xFF, 0xFF, 0xFF, 0xFF, 0xFF
	db 0xFF, 0xFF, 0xFF, 0xFF, 0xFF, 0xFF, 0xFF, 0xFF
	db 0xFF, 0xFF, 0xFF, 0xFF, 0xFF, 0xFF, 0xFF, 0xFF
	db 0xFF, 0xFF, 0xFF, 0xFF, 0xFF, 0xFF, 0xFF, 0xFF
	db 0xFF, 0xFF, 0xFF, 0xFF, 0xFF, 0xFF, 0xFF, 0xFF
	db 0xFF, 0xFF, 0xFF, 0xFF, 0xFF, 0xFF, 0xFF, 0xFF
	db 0xFF, 0xFF, 0xFF, 0xFF, 0xFF, 0xFF, 0xFF, 0xFF
	db 0xFF, 0xFF, 0xFF, 0xFF, 0xFF, 0xFF, 0xFF, 0xFF
	db 0xFF, 0xFF, 0xFF, 0xFF, 0xFF, 0xFF, 0xFF, 0xFF
	db 0xFF, 0xFF, 0xFF, 0xFF, 0xFF, 0xFF, 0xFF, 0xFF
	db 0xFF, 0xFF, 0xFF, 0xFF, 0xFF, 0xFF, 0xFF, 0xFF
	db 0xFF, 0xFF, 0xFF, 0xFF, 0xFF, 0xFF, 0xFF, 0xFF
	db 0xFF, 0xFF, 0xFF, 0xFF, 0xFF, 0xFF, 0xFF, 0xFF
	db 0xFF, 0xFF, 0xFF, 0xFF, 0xFF, 0xFF, 0xFF, 0xFF
	db 0xFF, 0xFF, 0xFF, 0xFF, 0xFF, 0xFF, 0xFF, 0xFF
	db 0xFF, 0xFF, 0xFF, 0xFF, 0xFF, 0xFF, 0xFF, 0xFF
	db 0xFF, 0xFF, 0xFF, 0xFF, 0xFF, 0xFF, 0xFF, 0xFF
	db 0xFF, 0xFF, 0xFF, 0xFF, 0xFF, 0xFF, 0xFF, 0xFF
	db 0xFF, 0xFF, 0xFF, 0xFF, 0xFF, 0xFF, 0xFF, 0xFF
	db 0xFF, 0xFF, 0xFF, 0xFF, 0xFF, 0xFF, 0xFF, 0xFF
	db 0xFF, 0xFF, 0xFF, 0xFF, 0xFF, 0xFF, 0xFF, 0xFF
	db 0xFF, 0xFF, 0xFF, 0xFF, 0xFF, 0xFF, 0xFF, 0xFF
	db 0xFF, 0xFF, 0xFF, 0xFF, 0xFF, 0xFF, 0xFF, 0xFF
	db 0xFF, 0xFF, 0xFF, 0xFF, 0xFF, 0xFF, 0xFF, 0xFF
	db 0xFF, 0xFF, 0xFF, 0xFF, 0xFF, 0xFF, 0xFF, 0xFF
	db 0xFF, 0xFF, 0xFF, 0xFF, 0xFF, 0xFF, 0xFF, 0xFF
	db 0xFF, 0xFF, 0xFF, 0xFF, 0xFF, 0xFF, 0xFF, 0xFF
	db 0xFF, 0xFF, 0xFF, 0xFF, 0xFF, 0xFF, 0xFF, 0xFF
	db 0xFF, 0xFF, 0xFF, 0xFF, 0xFF, 0xFF, 0xFF, 0xFF
	db 0xFF, 0xFF, 0xFF, 0xFF, 0xFF, 0xFF, 0xFF, 0xFF
	db 0xFF, 0xFF, 0xFF, 0xFF, 0xFF, 0xFF, 0xFF, 0xFF
	db 0xFF, 0xFF, 0xFF, 0xFF, 0xFF, 0xFF, 0xFF, 0xFF
	db 0xFF, 0xFF, 0xFF, 0xFF, 0xFF, 0xFF, 0xFF, 0xFF
	db 0xFF, 0xFF, 0xFF, 0xFF, 0xFF, 0xFF, 0xFF, 0xFF
	db 0xFF, 0xFF, 0xFF, 0xFF, 0xFF, 0xFF, 0xFF, 0xFF
	db 0xFF, 0xFF, 0xFF, 0xFF, 0xFF, 0xFF, 0xFF, 0xFF
	db 0xFF, 0xFF, 0xFF, 0xFF, 0xFF, 0xFF, 0xFF, 0xFF
	db 0xFF, 0xFF, 0xFF, 0xFF, 0xFF, 0xFF, 0xFF, 0xFF
	db 0xFF, 0xFF, 0xFF, 0xFF, 0xFF, 0xFF, 0xFF, 0xFF
	db 0xFF, 0xFF, 0xFF, 0xFF, 0xFF, 0xFF, 0xFF, 0xFF
	db 0xFF, 0xFF, 0xFF, 0xFF, 0xFF, 0xFF, 0xFF, 0xFF
	db 0xFF, 0xFF, 0xFF, 0xFF, 0xFF, 0xFF, 0xFF, 0xFF
	db 0xFF, 0xFF, 0xFF, 0xFF, 0xFF, 0xFF, 0xFF, 0xFF
	db 0xFF, 0xFF, 0xFF, 0xFF, 0xFF, 0xFF, 0xFF, 0xFF
	db 0xFF, 0xFF, 0xFF, 0xFF, 0xFF, 0xFF, 0xFF, 0xFF
	db 0xFF, 0xFF, 0xFF, 0xFF, 0xFF, 0xFF, 0xFF, 0xFF
	db 0xFF, 0xFF, 0xFF, 0xFF, 0xFF, 0xFF, 0xFF, 0xFF
	db 0xFF, 0xFF, 0xFF, 0xFF, 0xFF, 0xFF, 0xFF, 0xFF
	db 0xFF, 0xFF, 0xFF, 0xFF, 0xFF, 0xFF, 0xFF, 0xFF
	db 0xFF, 0xFF, 0xFF, 0xFF, 0xFF, 0xFF, 0xFF, 0xFF
	db 0xFF, 0xFF, 0xFF, 0xFF, 0xFF, 0xFF, 0xFF, 0xFF
	db 0xFF, 0xFF, 0xFF, 0xFF, 0xFF, 0xFF, 0xFF, 0xFF
	db 0xFF, 0xFF, 0xFF, 0xFF, 0xFF, 0xFF, 0xFF, 0xFF
	db 0xFF, 0xFF, 0xFF, 0xFF, 0xFF, 0xFF, 0xFF, 0xFF
	db 0xFF, 0xFF, 0xFF, 0xFF, 0xFF, 0xFF, 0xFF, 0xFF
	db 0xFF, 0xFF, 0xFF, 0xFF, 0xFF, 0xFF, 0xFF, 0xFF
	db 0xFF, 0xFF, 0xFF, 0xFF, 0xFF, 0xFF, 0xFF, 0xFF
	db 0xFF, 0xFF, 0xFF, 0xFF, 0xFF, 0xFF, 0xFF, 0xFF
	db 0xFF, 0xFF, 0xFF, 0xFF, 0xFF, 0xFF, 0xFF, 0xFF
	db 0xFF, 0xFF, 0xFF, 0xFF, 0xFF, 0xFF, 0xFF, 0xFF
	db 0xFF, 0xFF, 0xFF, 0xFF, 0xFF, 0xFF, 0xFF, 0xFF
	db 0xFF, 0xFF, 0xFF, 0xFF, 0xFF, 0xFF, 0xFF, 0xFF
	db 0xFF, 0xFF, 0xFF, 0xFF, 0xFF, 0xFF, 0xFF, 0xFF
	db 0xFF, 0xFF, 0xFF, 0xFF, 0xFF, 0xFF, 0xFF, 0xFF
	db 0xFF, 0xFF, 0xFF, 0xFF, 0xFF, 0xFF, 0xFF, 0xFF
	db 0xFF, 0xFF, 0xFF, 0xFF, 0xFF, 0xFF, 0xFF, 0xFF
	db 0xFF, 0xFF, 0xFF, 0xFF, 0xFF, 0xFF, 0xFF, 0xFF
	db 0xFF, 0xFF, 0xFF, 0xFF, 0xFF, 0xFF, 0xFF, 0xFF
	db 0xFF, 0xFF, 0xFF, 0xFF, 0xFF, 0xFF, 0xFF, 0xFF
	db 0xFF, 0xFF, 0xFF, 0xFF, 0xFF, 0xFF, 0xFF, 0xFF
	db 0xFF, 0xFF, 0xFF, 0xFF, 0xFF, 0xFF, 0xFF, 0xFF
	db 0xFF, 0xFF, 0xFF, 0xFF, 0xFF, 0xFF, 0xFF, 0xFF
	db 0xFF, 0xFF, 0xFF, 0xFF, 0xFF, 0xFF, 0xFF, 0xFF
	db 0xFF, 0xFF, 0xFF, 0xFF, 0xFF, 0xFF, 0xFF, 0xFF
	db 0xFF, 0xFF, 0xFF, 0xFF, 0xFF, 0xFF, 0xFF, 0xFF
	db 0xFF, 0xFF, 0xFF, 0xFF, 0xFF, 0xFF, 0xFF, 0xFF
	db 0xFF, 0xFF, 0xFF, 0xFF, 0xFF, 0xFF, 0xFF, 0xFF
	db 0xFF, 0xFF, 0xFF, 0xFF, 0xFF, 0xFF, 0xFF, 0xFF
	db 0xFF, 0xFF, 0xFF, 0xFF, 0xFF, 0xFF, 0xFF, 0xFF
	db 0xFF, 0xFF, 0xFF, 0xFF, 0xFF, 0xFF, 0xFF, 0xFF
	db 0xFF, 0xFF, 0xFF, 0xFF, 0xFF, 0xFF, 0xFF, 0xFF
	db 0xFF, 0xFF, 0xFF, 0xFF, 0xFF, 0xFF, 0xFF, 0xFF
	db 0xFF, 0xFF, 0xFF, 0xFF, 0xFF, 0xFF, 0xFF, 0xFF
	db 0xFF, 0xFF, 0xFF, 0xFF, 0xFF, 0xFF, 0xFF, 0xFF
	db 0xFF, 0xFF, 0xFF, 0xFF, 0xFF, 0xFF, 0xFF, 0xFF
	db 0xFF, 0xFF, 0xFF, 0xFF, 0xFF, 0xFF, 0xFF, 0xFF
	db 0xFF, 0xFF, 0xFF, 0xFF, 0xFF, 0xFF, 0xFF, 0xFF
	db 0xFF, 0xFF, 0xFF, 0xFF, 0xFF, 0xFF, 0xFF, 0xFF
	db 0xFF, 0xFF, 0xFF, 0xFF, 0xFF, 0xFF, 0xFF, 0xFF
	db 0xFF, 0xFF, 0xFF, 0xFF, 0xFF, 0xFF, 0xFF, 0xFF
	db 0xFF, 0xFF, 0xFF, 0xFF, 0xFF, 0xFF, 0xFF, 0xFF
	db 0xFF, 0xFF, 0xFF, 0xFF, 0xFF, 0xFF, 0xFF, 0xFF
	db 0xFF, 0xFF, 0xFF, 0xFF, 0xFF, 0xFF, 0xFF, 0xFF
	db 0xFF, 0xFF, 0xFF, 0xFF, 0xFF, 0xFF, 0xFF, 0xFF
	db 0xFF, 0xFF, 0xFF, 0xFF, 0xFF, 0xFF, 0xFF, 0xFF
	db 0xFF, 0xFF, 0xFF, 0xFF, 0xFF, 0xFF, 0xFF, 0xFF
	db 0xFF, 0xFF, 0xFF, 0xFF, 0xFF, 0xFF, 0xFF, 0xFF
	db 0xFF, 0xFF, 0xFF, 0xFF, 0xFF, 0xFF, 0xFF, 0xFF
	db 0xFF, 0xFF, 0xFF, 0xFF, 0xFF, 0xFF, 0xFF, 0xFF
	db 0xFF, 0xFF, 0xFF, 0xFF, 0xFF, 0xFF, 0xFF, 0xFF
	db 0xFF, 0xFF, 0xFF, 0xFF, 0xFF, 0xFF, 0xFF, 0xFF
	db 0xFF, 0xFF, 0xFF, 0xFF, 0xFF, 0xFF, 0xFF, 0xFF
	db 0xFF, 0xFF, 0xFF, 0xFF, 0xFF, 0xFF, 0xFF, 0xFF
	db 0xFF, 0xFF, 0xFF, 0xFF, 0xFF, 0xFF, 0xFF, 0xFF
	db 0xFF, 0xFF, 0xFF, 0xFF, 0xFF, 0xFF, 0xFF, 0xFF
	db 0xFF, 0xFF, 0xFF, 0xFF, 0xFF, 0xFF, 0xFF, 0xFF
	db 0xFF, 0xFF, 0xFF, 0xFF, 0xFF, 0xFF, 0xFF, 0xFF
	db 0xFF, 0xFF, 0xFF, 0xFF, 0xFF, 0xFF, 0xFF, 0xFF
	db 0xFF, 0xFF, 0xFF, 0xFF, 0xFF, 0xFF, 0xFF, 0xFF
	db 0xFF, 0xFF, 0xFF, 0xFF, 0xFF, 0xFF, 0xFF, 0xFF
	db 0xFF, 0xFF, 0xFF, 0xFF, 0xFF, 0xFF, 0xFF, 0xFF
	db 0xFF, 0xFF, 0xFF, 0xFF, 0xFF, 0xFF, 0xFF, 0xFF
	db 0xFF, 0xFF, 0xFF, 0xFF, 0xFF, 0xFF, 0xFF, 0xFF
	db 0xFF, 0xFF, 0xFF, 0xFF, 0xFF, 0xFF, 0xFF, 0xFF
	db 0xFF, 0xFF, 0xFF, 0xFF, 0xFF, 0xFF, 0xFF, 0xFF
	db 0xFF, 0xFF, 0xFF, 0xFF, 0xFF, 0xFF, 0xFF, 0xFF
	db 0xFF, 0xFF, 0xFF, 0xFF, 0xFF, 0xFF, 0xFF, 0xFF
	db 0xFF, 0xFF, 0xFF, 0xFF, 0xFF, 0xFF, 0xFF, 0xFF
	db 0xFF, 0xFF, 0xFF, 0xFF, 0xFF, 0xFF, 0xFF, 0xFF
	db 0xFF, 0xFF, 0xFF, 0xFF, 0xFF, 0xFF, 0xFF, 0xFF
	db 0xFF, 0xFF, 0xFF, 0xFF, 0xFF, 0xFF, 0xFF, 0xFF
	db 0xFF, 0xFF, 0xFF, 0xFF, 0xFF, 0xFF, 0xFF, 0xFF
	db 0xFF, 0xFF, 0xFF, 0xFF, 0xFF, 0xFF, 0xFF, 0xFF
	db 0xFF, 0xFF, 0xFF, 0xFF, 0xFF, 0xFF, 0xFF, 0xFF
	db 0xFF, 0xFF, 0xFF, 0xFF, 0xFF, 0xFF, 0xFF, 0xFF
	db 0xFF, 0xFF, 0xFF, 0xFF, 0xFF, 0xFF, 0xFF, 0xFF
	db 0xFF, 0xFF, 0xFF, 0xFF, 0xFF, 0xFF, 0xFF, 0xFF
	db 0xFF, 0xFF, 0xFF, 0xFF, 0xFF, 0xFF, 0xFF, 0xFF
	db 0xFF, 0xFF, 0xFF, 0xFF, 0xFF, 0xFF, 0xFF, 0xFF
	db 0xFF, 0xFF, 0xFF, 0xFF, 0xFF, 0xFF, 0xFF, 0xFF
	db 0xFF, 0xFF, 0xFF, 0xFF, 0xFF, 0xFF, 0xFF, 0xFF
	db 0xFF, 0xFF, 0xFF, 0xFF, 0xFF, 0xFF, 0xFF, 0xFF
	db 0xFF, 0xFF, 0xFF, 0xFF, 0xFF, 0xFF, 0xFF, 0xFF
	db 0xFF, 0xFF, 0xFF, 0xFF, 0xFF, 0xFF, 0xFF, 0xFF
	db 0xFF, 0xFF, 0xFF, 0xFF, 0xFF, 0xFF, 0xFF, 0xFF
	db 0xFF, 0xFF, 0xFF, 0xFF, 0xFF, 0xFF, 0xFF, 0xFF
	db 0xFF, 0xFF, 0xFF, 0xFF, 0xFF, 0xFF, 0xFF, 0xFF
	db 0xFF, 0xFF, 0xFF, 0xFF, 0xFF, 0xFF, 0xFF, 0xFF
	db 0xFF, 0xFF, 0xFF, 0xFF, 0xFF, 0xFF, 0xFF, 0xFF
	db 0xFF, 0xFF, 0xFF, 0xFF, 0xFF, 0xFF, 0xFF, 0xFF
	db 0xFF, 0xFF, 0xFF, 0xFF, 0xFF, 0xFF, 0xFF, 0xFF
	db 0xFF, 0xFF, 0xFF, 0xFF, 0xFF, 0xFF, 0xFF, 0xFF
	db 0xFF, 0xFF, 0xFF, 0xFF, 0xFF, 0xFF, 0xFF, 0xFF
	db 0xFF, 0xFF, 0xFF, 0xFF, 0xFF, 0xFF, 0xFF, 0xFF
	db 0xFF, 0xFF, 0xFF, 0xFF, 0xFF, 0xFF, 0xFF, 0xFF
	db 0xFF, 0xFF, 0xFF, 0xFF, 0xFF, 0xFF, 0xFF, 0xFF
	db 0xFF, 0xFF, 0xFF, 0xFF, 0xFF, 0xFF, 0xFF, 0xFF
	db 0xFF, 0xFF, 0xFF, 0xFF, 0xFF, 0xFF, 0xFF, 0xFF
	db 0xFF, 0xFF, 0xFF, 0xFF, 0xFF, 0xFF, 0xFF, 0xFF
	db 0xFF, 0xFF, 0xFF, 0xFF, 0xFF, 0xFF, 0xFF, 0xFF
	db 0xFF, 0xFF, 0xFF, 0xFF, 0xFF, 0xFF, 0xFF, 0xFF
	db 0xFF, 0xFF, 0xFF, 0xFF, 0xFF, 0xFF, 0xFF, 0xFF
	db 0xFF, 0xFF, 0xFF, 0xFF, 0xFF, 0xFF, 0xFF, 0xFF
	db 0xFF, 0xFF, 0xFF, 0xFF, 0xFF, 0xFF, 0xFF, 0xFF
	db 0xFF, 0xFF, 0xFF, 0xFF, 0xFF, 0xFF, 0xFF, 0xFF
	db 0xFF, 0xFF, 0xFF, 0xFF, 0xFF, 0xFF, 0xFF, 0xFF
	db 0xFF, 0xFF, 0xFF, 0xFF, 0xFF, 0xFF, 0xFF, 0xFF
	db 0xFF, 0xFF, 0xFF, 0xFF, 0xFF, 0xFF, 0xFF, 0xFF
	db 0xFF, 0xFF, 0xFF, 0xFF, 0xFF, 0xFF, 0xFF, 0xFF
	db 0xFF, 0xFF, 0xFF, 0xFF, 0xFF, 0xFF, 0xFF, 0xFF
	db 0xFF, 0xFF, 0xFF, 0xFF, 0xFF, 0xFF, 0xFF, 0xFF
	db 0xFF, 0xFF, 0xFF, 0xFF, 0xFF, 0xFF, 0xFF, 0xFF
	db 0xFF, 0xFF, 0xFF, 0xFF, 0xFF, 0xFF, 0xFF, 0xFF
	db 0xFF, 0xFF, 0xFF, 0xFF, 0xFF, 0xFF, 0xFF, 0xFF
	db 0xFF, 0xFF, 0xFF, 0xFF, 0xFF, 0xFF, 0xFF, 0xFF
	db 0xFF, 0xFF, 0xFF, 0xFF, 0xFF, 0xFF, 0xFF, 0xFF
	db 0xFF, 0xFF, 0xFF, 0xFF, 0xFF, 0xFF, 0xFF, 0xFF
	db 0xFF, 0xFF, 0xFF, 0xFF, 0xFF, 0xFF, 0xFF, 0xFF
	db 0xFF, 0xFF, 0xFF, 0xFF, 0xFF, 0xFF, 0xFF, 0xFF
	db 0xFF, 0xFF, 0xFF, 0xFF, 0xFF, 0xFF, 0xFF, 0xFF
	db 0xFF, 0xFF, 0xFF, 0xFF, 0xFF, 0xFF, 0xFF, 0xFF
	db 0xFF, 0xFF, 0xFF, 0xFF, 0xFF, 0xFF, 0xFF, 0xFF
	db 0xFF, 0xFF, 0xFF, 0xFF, 0xFF, 0xFF, 0xFF, 0xFF
	db 0xFF, 0xFF, 0xFF, 0xFF, 0xFF, 0xFF, 0xFF, 0xFF
	db 0xFF, 0xFF, 0xFF, 0xFF, 0xFF, 0xFF, 0xFF, 0xFF
	db 0xFF, 0xFF, 0xFF, 0xFF, 0xFF, 0xFF, 0xFF, 0xFF
	db 0xFF, 0xFF, 0xFF, 0xFF, 0xFF, 0xFF, 0xFF, 0xFF
	db 0xFF, 0xFF, 0xFF, 0xFF, 0xFF, 0xFF, 0xFF, 0xFF
	db 0xFF, 0xFF, 0xFF, 0xFF, 0xFF, 0xFF, 0xFF, 0xFF
	db 0xFF, 0xFF, 0xFF, 0xFF, 0xFF, 0xFF, 0xFF, 0xFF
	db 0xFF, 0xFF, 0xFF, 0xFF, 0xFF, 0xFF, 0xFF, 0xFF
	db 0xFF, 0xFF, 0xFF, 0xFF, 0xFF, 0xFF, 0xFF, 0xFF
	db 0xFF, 0xFF, 0xFF, 0xFF, 0xFF, 0xFF, 0xFF, 0xFF
	db 0xFF, 0xFF, 0xFF, 0xFF, 0xFF, 0xFF, 0xFF, 0xFF
	db 0xFF, 0xFF, 0xFF, 0xFF, 0xFF, 0xFF, 0xFF, 0xFF
	db 0xFF, 0xFF, 0xFF, 0xFF, 0xFF, 0xFF, 0xFF, 0xFF
	db 0xFF, 0xFF, 0xFF, 0xFF, 0xFF, 0xFF, 0xFF, 0xFF
	db 0xFF, 0xFF, 0xFF, 0xFF, 0xFF, 0xFF, 0xFF, 0xFF
	db 0xFF, 0xFF, 0xFF, 0xFF, 0xFF, 0xFF, 0xFF, 0xFF
	db 0xFF, 0xFF, 0xFF, 0xFF, 0xFF, 0xFF, 0xFF, 0xFF
	db 0xFF, 0xFF, 0xFF, 0xFF, 0xFF, 0xFF, 0xFF, 0xFF
	db 0xFF, 0xFF, 0xFF, 0xFF, 0xFF, 0xFF, 0xFF, 0xFF
	db 0xFF, 0xFF, 0xFF, 0xFF, 0xFF, 0xFF, 0xFF, 0xFF
	db 0xFF, 0xFF, 0xFF, 0xFF, 0xFF, 0xFF, 0xFF, 0xFF
	db 0xFF, 0xFF, 0xFF, 0xFF, 0xFF, 0xFF, 0xFF, 0xFF
	db 0xFF, 0xFF, 0xFF, 0xFF, 0xFF, 0xFF, 0xFF, 0xFF
	db 0xFF, 0xFF, 0xFF, 0xFF, 0xFF, 0xFF, 0xFF, 0xFF
	db 0xFF, 0xFF, 0xFF, 0xFF, 0xFF, 0xFF, 0xFF, 0xFF
	db 0xFF, 0xFF, 0xFF, 0xFF, 0xFF, 0xFF, 0xFF, 0xFF
	db 0xFF, 0xFF, 0xFF, 0xFF, 0xFF, 0xFF, 0xFF, 0xFF
	db 0xFF, 0xFF, 0xFF, 0xFF, 0xFF, 0xFF, 0xFF, 0xFF
	db 0xFF, 0xFF, 0xFF, 0xFF, 0xFF, 0xFF, 0xFF, 0xFF
	db 0xFF, 0xFF, 0xFF, 0xFF, 0xFF, 0xFF, 0xFF, 0xFF
	db 0xFF, 0xFF, 0xFF, 0xFF, 0xFF, 0xFF, 0xFF, 0xFF
	db 0xFF, 0xFF, 0xFF, 0xFF, 0xFF, 0xFF, 0xFF, 0xFF
	db 0xFF, 0xFF, 0xFF, 0xFF, 0xFF, 0xFF, 0xFF, 0xFF
	db 0xFF, 0xFF, 0xFF, 0xFF, 0xFF, 0xFF, 0xFF, 0xFF
	db 0xFF, 0xFF, 0xFF, 0xFF, 0xFF, 0xFF, 0xFF, 0xFF
	db 0xFF, 0xFF, 0xFF, 0xFF, 0xFF, 0xFF, 0xFF, 0xFF
	db 0xFF, 0xFF, 0xFF, 0xFF, 0xFF, 0xFF, 0xFF, 0xFF
	db 0xFF, 0xFF, 0xFF, 0xFF, 0xFF, 0xFF, 0xFF, 0xFF
	db 0xFF, 0xFF, 0xFF, 0xFF, 0xFF, 0xFF, 0xFF, 0xFF
	db 0xFF, 0xFF, 0xFF, 0xFF, 0xFF, 0xFF, 0xFF, 0xFF
	db 0xFF, 0xFF, 0xFF, 0xFF, 0xFF, 0xFF, 0xFF, 0xFF
	db 0xFF, 0xFF, 0xFF, 0xFF, 0xFF, 0xFF, 0xFF, 0xFF
	db 0xFF, 0xFF, 0xFF, 0xFF, 0xFF, 0xFF, 0xFF, 0xFF
	db 0xFF, 0xFF, 0xFF, 0xFF, 0xFF, 0xFF, 0xFF, 0xFF
	db 0xFF, 0xFF, 0xFF, 0xFF, 0xFF, 0xFF, 0xFF, 0xFF
	db 0xFF, 0xFF, 0xFF, 0xFF, 0xFF, 0xFF, 0xFF, 0xFF
	db 0xFF, 0xFF, 0xFF, 0xFF, 0xFF, 0xFF, 0xFF, 0xFF
	db 0xFF, 0xFF, 0xFF, 0xFF, 0xFF, 0xFF, 0xFF, 0xFF
	db 0xFF, 0xFF, 0xFF, 0xFF, 0xFF, 0xFF, 0xFF, 0xFF
	db 0xFF, 0xFF, 0xFF, 0xFF, 0xFF, 0xFF, 0xFF, 0xFF
	db 0xFF, 0xFF, 0xFF, 0xFF, 0xFF, 0xFF, 0xFF, 0xFF
	db 0xFF, 0xFF, 0xFF, 0xFF, 0xFF, 0xFF, 0xFF, 0xFF
	db 0xFF, 0xFF, 0xFF, 0xFF, 0xFF, 0xFF, 0xFF, 0xFF
	db 0xFF, 0xFF, 0xFF, 0xFF, 0xFF, 0xFF, 0xFF, 0xFF
	db 0xFF, 0xFF, 0xFF, 0xFF, 0xFF, 0xFF, 0xFF, 0xFF
	db 0xFF, 0xFF, 0xFF, 0xFF, 0xFF, 0xFF, 0xFF, 0xFF
	db 0xFF, 0xFF, 0xFF, 0xFF, 0xFF, 0xFF, 0xFF, 0xFF
	db 0xFF, 0xFF, 0xFF, 0xFF, 0xFF, 0xFF, 0xFF, 0xFF
	db 0xFF, 0xFF, 0xFF, 0xFF, 0xFF, 0xFF, 0xFF, 0xFF
	db 0xFF, 0xFF, 0xFF, 0xFF, 0xFF, 0xFF, 0xFF, 0xFF
	db 0xFF, 0xFF, 0xFF, 0xFF, 0xFF, 0xFF, 0xFF, 0xFF
	db 0xFF, 0xFF, 0xFF, 0xFF, 0xFF, 0xFF, 0xFF, 0xFF
	db 0xFF, 0xFF, 0xFF, 0xFF, 0xFF, 0xFF, 0xFF, 0xFF
	db 0xFF, 0xFF, 0xFF, 0xFF, 0xFF, 0xFF, 0xFF, 0xFF
	db 0xFF, 0xFF, 0xFF, 0xFF, 0xFF, 0xFF, 0xFF, 0xFF
	db 0xFF, 0xFF, 0xFF, 0xFF, 0xFF, 0xFF, 0xFF, 0xFF
	db 0xFF, 0xFF, 0xFF, 0xFF, 0xFF, 0xFF, 0xFF, 0xFF
	db 0xFF, 0xFF, 0xFF, 0xFF, 0xFF, 0xFF, 0xFF, 0xFF
	db 0xFF, 0xFF, 0xFF, 0xFF, 0xFF, 0xFF, 0xFF, 0xFF
	db 0xFF, 0xFF, 0xFF, 0xFF, 0xFF, 0xFF, 0xFF, 0xFF
	db 0xFF, 0xFF, 0xFF, 0xFF, 0xFF, 0xFF, 0xFF, 0xFF
	db 0xFF, 0xFF, 0xFF, 0xFF, 0xFF, 0xFF, 0xFF, 0xFF
	db 0xFF, 0xFF, 0xFF, 0xFF, 0xFF, 0xFF, 0xFF, 0xFF
	db 0xFF, 0xFF, 0xFF, 0xFF, 0xFF, 0xFF, 0xFF, 0xFF
	db 0xFF, 0xFF, 0xFF, 0xFF, 0xFF, 0xFF, 0xFF, 0xFF
	db 0xFF, 0xFF, 0xFF, 0xFF, 0xFF, 0xFF, 0xFF, 0xFF
	db 0xFF, 0xFF, 0xFF, 0xFF, 0xFF, 0xFF, 0xFF, 0xFF
	db 0xFF, 0xFF, 0xFF, 0xFF, 0xFF, 0xFF, 0xFF, 0xFF
	db 0xFF, 0xFF, 0xFF, 0xFF, 0xFF, 0xFF, 0xFF, 0xFF
	db 0xFF, 0xFF, 0xFF, 0xFF, 0xFF, 0xFF, 0xFF, 0xFF
	db 0xFF, 0xFF, 0xFF, 0xFF, 0xFF, 0xFF, 0xFF, 0xFF
	db 0xFF, 0xFF, 0xFF, 0xFF, 0xFF, 0xFF, 0xFF, 0xFF
	db 0xFF, 0xFF, 0xFF, 0xFF, 0xFF, 0xFF, 0xFF, 0xFF
	db 0xFF, 0xFF, 0xFF, 0xFF, 0xFF, 0xFF, 0xFF, 0xFF
	db 0xFF, 0xFF, 0xFF, 0xFF, 0xFF, 0xFF, 0xFF, 0xFF
	db 0xFF, 0xFF, 0xFF, 0xFF, 0xFF, 0xFF, 0xFF, 0xFF
	db 0xFF, 0xFF, 0xFF, 0xFF, 0xFF, 0xFF, 0xFF, 0xFF
	db 0xFF, 0xFF, 0xFF, 0xFF, 0xFF, 0xFF, 0xFF, 0xFF
	db 0xFF, 0xFF, 0xFF, 0xFF, 0xFF, 0xFF, 0xFF, 0xFF
	db 0xFF, 0xFF, 0xFF, 0xFF, 0xFF, 0xFF, 0xFF, 0xFF
	db 0xFF, 0xFF, 0xFF, 0xFF, 0xFF, 0xFF, 0xFF, 0xFF
	db 0xFF, 0xFF, 0xFF, 0xFF, 0xFF, 0xFF, 0xFF, 0xFF
	db 0xFF, 0xFF, 0xFF, 0xFF, 0xFF, 0xFF, 0xFF, 0xFF
	db 0xFF, 0xFF, 0xFF, 0xFF, 0xFF, 0xFF, 0xFF, 0xFF
	db 0xFF, 0xFF, 0xFF, 0xFF, 0xFF, 0xFF, 0xFF, 0xFF
	db 0xFF, 0xFF, 0xFF, 0xFF, 0xFF, 0xFF, 0xFF, 0xFF
	db 0xFF, 0xFF, 0xFF, 0xFF, 0xFF, 0xFF, 0xFF, 0xFF
	db 0xFF, 0xFF, 0xFF, 0xFF, 0xFF, 0xFF, 0xFF, 0xFF
	db 0xFF, 0xFF, 0xFF, 0xFF, 0xFF, 0xFF, 0xFF, 0xFF
	db 0xFF, 0xFF, 0xFF, 0xFF, 0xFF, 0xFF, 0xFF, 0xFF
	db 0xFF, 0xFF, 0xFF, 0xFF, 0xFF, 0xFF, 0xFF, 0xFF
	db 0xFF, 0xFF, 0xFF, 0xFF, 0xFF, 0xFF, 0xFF, 0xFF
	db 0xFF, 0xFF, 0xFF, 0xFF, 0xFF, 0xFF, 0xFF, 0xFF
	db 0xFF, 0xFF, 0xFF, 0xFF, 0xFF, 0xFF, 0xFF, 0xFF
	db 0xFF, 0xFF, 0xFF, 0xFF, 0xFF, 0xFF, 0xFF, 0xFF
	db 0xFF, 0xFF, 0xFF, 0xFF, 0xFF, 0xFF, 0xFF, 0xFF
	db 0xFF, 0xFF, 0xFF, 0xFF, 0xFF, 0xFF, 0xFF, 0xFF
	db 0xFF, 0xFF, 0xFF, 0xFF, 0xFF, 0xFF, 0xFF, 0xFF
	db 0xFF, 0xFF, 0xFF, 0xFF, 0xFF, 0xFF, 0xFF, 0xFF
	db 0xFF, 0xFF, 0xFF, 0xFF, 0xFF, 0xFF, 0xFF, 0xFF
	db 0xFF, 0xFF, 0xFF, 0xFF, 0xFF, 0xFF, 0xFF, 0xFF
	db 0xFF, 0xFF, 0xFF, 0xFF, 0xFF, 0xFF, 0xFF, 0xFF
	db 0xFF, 0xFF, 0xFF, 0xFF, 0xFF, 0xFF, 0xFF, 0xFF
	db 0xFF, 0xFF, 0xFF, 0xFF, 0xFF, 0xFF, 0xFF, 0xFF
	db 0xFF, 0xFF, 0xFF, 0xFF, 0xFF, 0xFF, 0xFF, 0xFF
	db 0xFF, 0xFF, 0xFF, 0xFF, 0xFF, 0xFF, 0xFF, 0xFF
	db 0xFF, 0xFF, 0xFF, 0xFF, 0xFF, 0xFF, 0xFF, 0xFF
	db 0xFF, 0xFF, 0xFF, 0xFF, 0xFF, 0xFF, 0xFF, 0xFF
	db 0xFF, 0xFF, 0xFF, 0xFF, 0xFF, 0xFF, 0xFF, 0xFF
	db 0xFF, 0xFF, 0xFF, 0xFF, 0xFF, 0xFF, 0xFF, 0xFF
	db 0xFF, 0xFF, 0xFF, 0xFF, 0xFF, 0xFF, 0xFF, 0xFF
	db 0xFF, 0xFF, 0xFF, 0xFF, 0xFF, 0xFF, 0xFF, 0xFF
	db 0xFF, 0xFF, 0xFF, 0xFF, 0xFF, 0xFF, 0xFF, 0xFF
	db 0xFF, 0xFF, 0xFF, 0xFF, 0xFF, 0xFF, 0xFF, 0xFF
	db 0xFF, 0xFF, 0xFF, 0xFF, 0xFF, 0xFF, 0xFF, 0xFF
	db 0xFF, 0xFF, 0xFF, 0xFF, 0xFF, 0xFF, 0xFF, 0xFF
	db 0xFF, 0xFF, 0xFF, 0xFF, 0xFF, 0xFF, 0xFF, 0xFF
	db 0xFF, 0xFF, 0xFF, 0xFF, 0xFF, 0xFF, 0xFF, 0xFF
	db 0xFF, 0xFF, 0xFF, 0xFF, 0xFF, 0xFF, 0xFF, 0xFF
	db 0xFF, 0xFF, 0xFF, 0xFF, 0xFF, 0xFF, 0xFF, 0xFF
	db 0xFF, 0xFF, 0xFF, 0xFF, 0xFF, 0xFF, 0xFF, 0xFF
	db 0xFF, 0xFF, 0xFF, 0xFF, 0xFF, 0xFF, 0xFF, 0xFF
	db 0xFF, 0xFF, 0xFF, 0xFF, 0xFF, 0xFF, 0xFF, 0xFF
	db 0xFF, 0xFF, 0xFF, 0xFF, 0xFF, 0xFF, 0xFF, 0xFF
	db 0xFF, 0xFF, 0xFF, 0xFF, 0xFF, 0xFF, 0xFF, 0xFF
	db 0xFF, 0xFF, 0xFF, 0xFF, 0xFF, 0xFF, 0xFF, 0xFF
	db 0xFF, 0xFF, 0xFF, 0xFF, 0xFF, 0xFF, 0xFF, 0xFF
	db 0xFF, 0xFF, 0xFF, 0xFF, 0xFF, 0xFF, 0xFF, 0xFF
	db 0xFF, 0xFF, 0xFF, 0xFF, 0xFF, 0xFF, 0xFF, 0xFF
	db 0xFF, 0xFF, 0xFF, 0xFF, 0xFF, 0xFF, 0xFF, 0xFF
	db 0xFF, 0xFF, 0xFF, 0xFF, 0xFF, 0xFF, 0xFF, 0xFF
	db 0xFF, 0xFF, 0xFF, 0xFF, 0xFF, 0xFF, 0xFF, 0xFF
	db 0xFF, 0xFF, 0xFF, 0xFF, 0xFF, 0xFF, 0xFF, 0xFF
	db 0xFF, 0xFF, 0xFF, 0xFF, 0xFF, 0xFF, 0xFF, 0xFF
	db 0xFF, 0xFF, 0xFF, 0xFF, 0xFF, 0xFF, 0xFF, 0xFF
	db 0xFF, 0xFF, 0xFF, 0xFF, 0xFF, 0xFF, 0xFF, 0xFF
	db 0xFF, 0xFF, 0xFF, 0xFF, 0xFF, 0xFF, 0xFF, 0xFF
	db 0xFF, 0xFF, 0xFF, 0xFF, 0xFF, 0xFF, 0xFF, 0xFF
	db 0xFF, 0xFF, 0xFF, 0xFF, 0xFF, 0xFF, 0xFF, 0xFF
	db 0xFF, 0xFF, 0xFF, 0xFF, 0xFF, 0xFF, 0xFF, 0xFF
	db 0xFF, 0xFF, 0xFF, 0xFF, 0xFF, 0xFF, 0xFF, 0xFF
	db 0xFF, 0xFF, 0xFF, 0xFF, 0xFF, 0xFF, 0xFF, 0xFF
	db 0xFF, 0xFF, 0xFF, 0xFF, 0xFF, 0xFF, 0xFF, 0xFF
	db 0xFF, 0xFF, 0xFF, 0xFF, 0xFF, 0xFF, 0xFF, 0xFF
	db 0xFF, 0xFF, 0xFF, 0xFF, 0xFF, 0xFF, 0xFF, 0xFF
	db 0xFF, 0xFF, 0xFF, 0xFF, 0xFF, 0xFF, 0xFF, 0xFF
	db 0xFF, 0xFF, 0xFF, 0xFF, 0xFF, 0xFF, 0xFF, 0xFF
	db 0xFF, 0xFF, 0xFF, 0xFF, 0xFF, 0xFF, 0xFF, 0xFF
	db 0xFF, 0xFF, 0xFF, 0xFF, 0xFF, 0xFF, 0xFF, 0xFF
	db 0xFF, 0xFF, 0xFF, 0xFF, 0xFF, 0xFF, 0xFF, 0xFF
	db 0xFF, 0xFF, 0xFF, 0xFF, 0xFF, 0xFF, 0xFF, 0xFF
	db 0xFF, 0xFF, 0xFF, 0xFF, 0xFF, 0xFF, 0xFF, 0xFF
	db 0xFF, 0xFF, 0xFF, 0xFF, 0xFF, 0xFF, 0xFF, 0xFF
	db 0xFF, 0xFF, 0xFF, 0xFF, 0xFF, 0xFF, 0xFF, 0xFF
	db 0xFF, 0xFF, 0xFF, 0xFF, 0xFF, 0xFF, 0xFF, 0xFF
	db 0xFF, 0xFF, 0xFF, 0xFF, 0xFF, 0xFF, 0xFF, 0xFF
	db 0xFF, 0xFF, 0xFF, 0xFF, 0xFF, 0xFF, 0xFF, 0xFF
	db 0xFF, 0xFF, 0xFF, 0xFF, 0xFF, 0xFF, 0xFF, 0xFF
	db 0xFF, 0xFF, 0xFF, 0xFF, 0xFF, 0xFF, 0xFF, 0xFF
	db 0xFF, 0xFF, 0xFF, 0xFF, 0xFF, 0xFF, 0xFF, 0xFF
	db 0xFF, 0xFF, 0xFF, 0xFF, 0xFF, 0xFF, 0xFF, 0xFF
	db 0xFF, 0xFF, 0xFF, 0xFF, 0xFF, 0xFF, 0xFF, 0xFF
	db 0xFF, 0xFF, 0xFF, 0xFF, 0xFF, 0xFF, 0xFF, 0xFF
	db 0xFF, 0xFF, 0xFF, 0xFF, 0xFF, 0xFF, 0xFF, 0xFF
	db 0xFF, 0xFF, 0xFF, 0xFF, 0xFF, 0xFF, 0xFF, 0xFF
	db 0xFF, 0xFF, 0xFF, 0xFF, 0xFF, 0xFF, 0xFF, 0xFF
	db 0xFF, 0xFF, 0xFF, 0xFF, 0xFF, 0xFF, 0xFF, 0xFF
	db 0xFF, 0xFF, 0xFF, 0xFF, 0xFF, 0xFF, 0xFF, 0xFF
	db 0xFF, 0xFF, 0xFF, 0xFF, 0xFF, 0xFF, 0xFF, 0xFF
	db 0xFF, 0xFF, 0xFF, 0xFF, 0xFF, 0xFF, 0xFF, 0xFF
	db 0xFF, 0xFF, 0xFF, 0xFF, 0xFF, 0xFF, 0xFF, 0xFF
	db 0xFF, 0xFF, 0xFF, 0xFF, 0xFF, 0xFF, 0xFF, 0xFF
	db 0xFF, 0xFF, 0xFF, 0xFF, 0xFF, 0xFF, 0xFF, 0xFF
	db 0xFF, 0xFF, 0xFF, 0xFF, 0xFF, 0xFF, 0xFF, 0xFF
	db 0xFF, 0xFF, 0xFF, 0xFF, 0xFF, 0xFF, 0xFF, 0xFF
	db 0xFF, 0xFF, 0xFF, 0xFF, 0xFF, 0xFF, 0xFF, 0xFF
	db 0xFF, 0xFF, 0xFF, 0xFF, 0xFF, 0xFF, 0xFF, 0xFF
	db 0xFF, 0xFF, 0xFF, 0xFF, 0xFF, 0xFF, 0xFF, 0xFF
	db 0xFF, 0xFF, 0xFF, 0xFF, 0xFF, 0xFF, 0xFF, 0xFF
	db 0xFF, 0xFF, 0xFF, 0xFF, 0xFF, 0xFF, 0xFF, 0xFF
	db 0xFF, 0xFF, 0xFF, 0xFF, 0xFF, 0xFF, 0xFF, 0xFF
	db 0xFF, 0xFF, 0xFF, 0xFF, 0xFF, 0xFF, 0xFF, 0xFF
	db 0xFF, 0xFF, 0xFF, 0xFF, 0xFF, 0xFF, 0xFF, 0xFF
	db 0xFF, 0xFF, 0xFF, 0xFF, 0xFF, 0xFF, 0xFF, 0xFF
	db 0xFF, 0xFF, 0xFF, 0xFF, 0xFF, 0xFF, 0xFF, 0xFF
	db 0xFF, 0xFF, 0xFF, 0xFF, 0xFF, 0xFF, 0xFF, 0xFF
	db 0xFF, 0xFF, 0xFF, 0xFF, 0xFF, 0xFF, 0xFF, 0xFF
	db 0xFF, 0xFF, 0xFF, 0xFF, 0xFF, 0xFF, 0xFF, 0xFF
	db 0xFF, 0xFF, 0xFF, 0xFF, 0xFF, 0xFF, 0xFF, 0xFF
	db 0xFF, 0xFF, 0xFF, 0xFF, 0xFF, 0xFF, 0xFF, 0xFF
	db 0xFF, 0xFF, 0xFF, 0xFF, 0xFF, 0xFF, 0xFF, 0xFF
	db 0xFF, 0xFF, 0xFF, 0xFF, 0xFF, 0xFF, 0xFF, 0xFF
	db 0xFF, 0xFF, 0xFF, 0xFF, 0xFF, 0xFF, 0xFF, 0xFF
	db 0xFF, 0xFF, 0xFF, 0xFF, 0xFF, 0xFF, 0xFF, 0xFF
	db 0xFF, 0xFF, 0xFF, 0xFF, 0xFF, 0xFF, 0xFF, 0xFF
	db 0xFF, 0xFF, 0xFF, 0xFF, 0xFF, 0xFF, 0xFF, 0xFF
	db 0xFF, 0xFF, 0xFF, 0xFF, 0xFF, 0xFF, 0xFF, 0xFF
	db 0xFF, 0xFF, 0xFF, 0xFF, 0xFF, 0xFF, 0xFF, 0xFF
	db 0xFF, 0xFF, 0xFF, 0xFF, 0xFF, 0xFF, 0xFF, 0xFF
	db 0xFF, 0xFF, 0xFF, 0xFF, 0xFF, 0xFF, 0xFF, 0xFF
	db 0xFF, 0xFF, 0xFF, 0xFF, 0xFF, 0xFF, 0xFF, 0xFF
	db 0xFF, 0xFF, 0xFF, 0xFF, 0xFF, 0xFF, 0xFF, 0xFF
	db 0xFF, 0xFF, 0xFF, 0xFF, 0xFF, 0xFF, 0xFF, 0xFF
	db 0xFF, 0xFF, 0xFF, 0xFF, 0xFF, 0xFF, 0xFF, 0xFF
	db 0xFF, 0xFF, 0xFF, 0xFF, 0xFF, 0xFF, 0xFF, 0xFF
	db 0xFF, 0xFF, 0xFF, 0xFF, 0xFF, 0xFF, 0xFF, 0xFF
	db 0xFF, 0xFF, 0xFF, 0xFF, 0xFF, 0xFF, 0xFF, 0xFF
	db 0xFF, 0xFF, 0xFF, 0xFF, 0xFF, 0xFF, 0xFF, 0xFF
	db 0xFF, 0xFF, 0xFF, 0xFF, 0xFF, 0xFF, 0xFF, 0xFF
	db 0xFF, 0xFF, 0xFF, 0xFF, 0xFF, 0xFF, 0xFF, 0xFF
	db 0xFF, 0xFF, 0xFF, 0xFF, 0xFF, 0xFF, 0xFF, 0xFF
	db 0xFF, 0xFF, 0xFF, 0xFF, 0xFF, 0xFF, 0xFF, 0xFF
	db 0xFF, 0xFF, 0xFF, 0xFF, 0xFF, 0xFF, 0xFF, 0xFF
	db 0xFF, 0xFF, 0xFF, 0xFF, 0xFF, 0xFF, 0xFF, 0xFF
	db 0xFF, 0xFF, 0xFF, 0xFF, 0xFF, 0xFF, 0xFF, 0xFF
	db 0xFF, 0xFF, 0xFF, 0xFF, 0xFF, 0xFF, 0xFF, 0xFF
	db 0xFF, 0xFF, 0xFF, 0xFF, 0xFF, 0xFF, 0xFF, 0xFF
	db 0xFF, 0xFF, 0xFF, 0xFF, 0xFF, 0xFF, 0xFF, 0xFF
	db 0xFF, 0xFF, 0xFF, 0xFF, 0xFF, 0xFF, 0xFF, 0xFF
	db 0xFF, 0xFF, 0xFF, 0xFF, 0xFF, 0xFF, 0xFF, 0xFF
	db 0xFF, 0xFF, 0xFF, 0xFF, 0xFF, 0xFF, 0xFF, 0xFF
	db 0xFF, 0xFF, 0xFF, 0xFF, 0xFF, 0xFF, 0xFF, 0xFF
	db 0xFF, 0xFF, 0xFF, 0xFF, 0xFF, 0xFF, 0xFF, 0xFF
	db 0xFF, 0xFF, 0xFF, 0xFF, 0xFF, 0xFF, 0xFF, 0xFF
	db 0xFF, 0xFF, 0xFF, 0xFF, 0xFF, 0xFF, 0xFF, 0xFF
	db 0xFF, 0xFF, 0xFF, 0xFF, 0xFF, 0xFF, 0xFF, 0xFF
	db 0xFF, 0xFF, 0xFF, 0xFF, 0xFF, 0xFF, 0xFF, 0xFF
	db 0xFF, 0xFF, 0xFF, 0xFF, 0xFF, 0xFF, 0xFF, 0xFF
	db 0xFF, 0xFF, 0xFF, 0xFF, 0xFF, 0xFF, 0xFF, 0xFF
	db 0xFF, 0xFF, 0xFF, 0xFF, 0xFF, 0xFF, 0xFF, 0xFF
	db 0xFF, 0xFF, 0xFF, 0xFF, 0xFF, 0xFF, 0xFF, 0xFF
	db 0xFF, 0xFF, 0xFF, 0xFF, 0xFF, 0xFF, 0xFF, 0xFF
	db 0xFF, 0xFF, 0xFF, 0xFF, 0xFF, 0xFF, 0xFF, 0xFF
	db 0xFF, 0xFF, 0xFF, 0xFF, 0xFF, 0xFF, 0xFF, 0xFF
	db 0xFF, 0xFF, 0xFF, 0xFF, 0xFF, 0xFF, 0xFF, 0xFF
	db 0xFF, 0xFF, 0xFF, 0xFF, 0xFF, 0xFF, 0xFF, 0xFF
	db 0xFF, 0xFF, 0xFF, 0xFF, 0xFF, 0xFF, 0xFF, 0xFF
	db 0xFF, 0xFF, 0xFF, 0xFF, 0xFF, 0xFF, 0xFF, 0xFF
	db 0xFF, 0xFF, 0xFF, 0xFF, 0xFF, 0xFF, 0xFF, 0xFF
	db 0xFF, 0xFF, 0xFF, 0xFF, 0xFF, 0xFF, 0xFF, 0xFF
	db 0xFF, 0xFF, 0xFF, 0xFF, 0xFF, 0xFF, 0xFF, 0xFF
	db 0xFF, 0xFF, 0xFF, 0xFF, 0xFF, 0xFF, 0xFF, 0xFF
	db 0xFF, 0xFF, 0xFF, 0xFF, 0xFF, 0xFF, 0xFF, 0xFF
	db 0xFF, 0xFF, 0xFF, 0xFF, 0xFF, 0xFF, 0xFF, 0xFF
	db 0xFF, 0xFF, 0xFF, 0xFF, 0xFF, 0xFF, 0xFF, 0xFF
	db 0xFF, 0xFF, 0xFF, 0xFF, 0xFF, 0xFF, 0xFF, 0xFF
	db 0xFF, 0xFF, 0xFF, 0xFF, 0xFF, 0xFF, 0xFF, 0xFF
	db 0xFF, 0xFF, 0xFF, 0xFF, 0xFF, 0xFF, 0xFF, 0xFF
	db 0xFF, 0xFF, 0xFF, 0xFF, 0xFF, 0xFF, 0xFF, 0xFF
	db 0xFF, 0xFF, 0xFF, 0xFF, 0xFF, 0xFF, 0xFF, 0xFF
	db 0xFF, 0xFF, 0xFF, 0xFF, 0xFF, 0xFF, 0xFF, 0xFF
	db 0xFF, 0xFF, 0xFF, 0xFF, 0xFF, 0xFF, 0xFF, 0xFF
	db 0xFF, 0xFF, 0xFF, 0xFF, 0xFF, 0xFF, 0xFF, 0xFF
	db 0xFF, 0xFF, 0xFF, 0xFF, 0xFF, 0xFF, 0xFF, 0xFF
	db 0xFF, 0xFF, 0xFF, 0xFF, 0xFF, 0xFF, 0xFF, 0xFF
	db 0xFF, 0xFF, 0xFF, 0xFF, 0xFF, 0xFF, 0xFF, 0xFF
	db 0xFF, 0xFF, 0xFF, 0xFF, 0xFF, 0xFF, 0xFF, 0xFF
	db 0xFF, 0xFF, 0xFF, 0xFF, 0xFF, 0xFF, 0xFF, 0xFF
	db 0xFF, 0xFF, 0xFF, 0xFF, 0xFF, 0xFF, 0xFF, 0xFF
	db 0xFF, 0xFF, 0xFF, 0xFF, 0xFF, 0xFF, 0xFF, 0xFF
	db 0xFF, 0xFF, 0xFF, 0xFF, 0xFF, 0xFF, 0xFF, 0xFF
	db 0xFF, 0xFF, 0xFF, 0xFF, 0xFF, 0xFF, 0xFF, 0xFF
	db 0xFF, 0xFF, 0xFF, 0xFF, 0xFF, 0xFF, 0xFF, 0xFF
	db 0xFF, 0xFF, 0xFF, 0xFF, 0xFF, 0xFF, 0xFF, 0xFF
	db 0xFF, 0xFF, 0xFF, 0xFF, 0xFF, 0xFF, 0xFF, 0xFF
	db 0xFF, 0xFF, 0xFF, 0xFF, 0xFF, 0xFF, 0xFF, 0xFF
	db 0xFF, 0xFF, 0xFF, 0xFF, 0xFF, 0xFF, 0xFF, 0xFF
	db 0xFF, 0xFF, 0xFF, 0xFF, 0xFF, 0xFF, 0xFF, 0xFF
	db 0xFF, 0xFF, 0xFF, 0xFF, 0xFF, 0xFF, 0xFF, 0xFF
	db 0xFF, 0xFF, 0xFF, 0xFF, 0xFF, 0xFF, 0xFF, 0xFF
	db 0xFF, 0xFF, 0xFF, 0xFF, 0xFF, 0xFF, 0xFF, 0xFF
	db 0xFF, 0xFF, 0xFF, 0xFF, 0xFF, 0xFF, 0xFF, 0xFF
	db 0xFF, 0xFF, 0xFF, 0xFF, 0xFF, 0xFF, 0xFF, 0xFF
	db 0xFF, 0xFF, 0xFF, 0xFF, 0xFF, 0xFF, 0xFF, 0xFF
	db 0xFF, 0xFF, 0xFF, 0xFF, 0xFF, 0xFF, 0xFF, 0xFF
	db 0xFF, 0xFF, 0xFF, 0xFF, 0xFF, 0xFF, 0xFF, 0xFF
	db 0xFF, 0xFF, 0xFF, 0xFF, 0xFF, 0xFF, 0xFF, 0xFF
	db 0xFF, 0xFF, 0xFF, 0xFF, 0xFF, 0xFF, 0xFF, 0xFF
	db 0xFF, 0xFF, 0xFF, 0xFF, 0xFF, 0xFF, 0xFF, 0xFF
	db 0xFF, 0xFF, 0xFF, 0xFF, 0xFF, 0xFF, 0xFF, 0xFF
	db 0xFF, 0xFF, 0xFF, 0xFF, 0xFF, 0xFF, 0xFF, 0xFF
	db 0xFF, 0xFF, 0xFF, 0xFF, 0xFF, 0xFF, 0xFF, 0xFF
	db 0xFF, 0xFF, 0xFF, 0xFF, 0xFF, 0xFF, 0xFF, 0xFF
	db 0xFF, 0xFF, 0xFF, 0xFF, 0xFF, 0xFF, 0xFF, 0xFF
	db 0xFF, 0xFF, 0xFF, 0xFF, 0xFF, 0xFF, 0xFF, 0xFF
	db 0xFF, 0xFF, 0xFF, 0xFF, 0xFF, 0xFF, 0xFF, 0xFF
	db 0xFF, 0xFF, 0xFF, 0xFF, 0xFF, 0xFF, 0xFF, 0xFF
	db 0xFF, 0xFF, 0xFF, 0xFF, 0xFF, 0xFF, 0xFF, 0xFF
	db 0xFF, 0xFF, 0xFF, 0xFF, 0xFF, 0xFF, 0xFF, 0xFF
	db 0xFF, 0xFF, 0xFF, 0xFF, 0xFF, 0xFF, 0xFF, 0xFF
	db 0xFF, 0xFF, 0xFF, 0xFF, 0xFF, 0xFF, 0xFF, 0xFF
	db 0xFF, 0xFF, 0xFF, 0xFF, 0xFF, 0xFF, 0xFF, 0xFF
	db 0xFF, 0xFF, 0xFF, 0xFF, 0xFF, 0xFF, 0xFF, 0xFF
	db 0xFF, 0xFF, 0xFF, 0xFF, 0xFF, 0xFF, 0xFF, 0xFF
	db 0xFF, 0xFF, 0xFF, 0xFF, 0xFF, 0xFF, 0xFF, 0xFF
	db 0xFF, 0xFF, 0xFF, 0xFF, 0xFF, 0xFF, 0xFF, 0xFF
	db 0xFF, 0xFF, 0xFF, 0xFF, 0xFF, 0xFF, 0xFF, 0xFF
	db 0xFF, 0xFF, 0xFF, 0xFF, 0xFF, 0xFF, 0xFF, 0xFF
	db 0xFF, 0xFF, 0xFF, 0xFF, 0xFF, 0xFF, 0xFF, 0xFF
	db 0xFF, 0xFF, 0xFF, 0xFF, 0xFF, 0xFF, 0xFF, 0xFF
	db 0xFF, 0xFF, 0xFF, 0xFF, 0xFF, 0xFF, 0xFF, 0xFF
	db 0xFF, 0xFF, 0xFF, 0xFF, 0xFF, 0xFF, 0xFF, 0xFF
	db 0xFF, 0xFF, 0xFF, 0xFF, 0xFF, 0xFF, 0xFF, 0xFF
	db 0xFF, 0xFF, 0xFF, 0xFF, 0xFF, 0xFF, 0xFF, 0xFF
	db 0xFF, 0xFF, 0xFF, 0xFF, 0xFF, 0xFF, 0xFF, 0xFF
	db 0xFF, 0xFF, 0xFF, 0xFF, 0xFF, 0xFF, 0xFF, 0xFF
	db 0xFF, 0xFF, 0xFF, 0xFF, 0xFF, 0xFF, 0xFF, 0xFF
	db 0xFF, 0xFF, 0xFF, 0xFF, 0xFF, 0xFF, 0xFF, 0xFF
	db 0xFF, 0xFF, 0xFF, 0xFF, 0xFF, 0xFF, 0xFF, 0xFF
	db 0xFF, 0xFF, 0xFF, 0xFF, 0xFF, 0xFF, 0xFF, 0xFF
	db 0xFF, 0xFF, 0xFF, 0xFF, 0xFF, 0xFF, 0xFF, 0xFF
	db 0xFF, 0xFF, 0xFF, 0xFF, 0xFF, 0xFF, 0xFF, 0xFF
	db 0xFF, 0xFF, 0xFF, 0xFF, 0xFF, 0xFF, 0xFF, 0xFF
	db 0xFF, 0xFF, 0xFF, 0xFF, 0xFF, 0xFF, 0xFF, 0xFF
	db 0xFF, 0xFF, 0xFF, 0xFF, 0xFF, 0xFF, 0xFF, 0xFF
	db 0xFF, 0xFF, 0xFF, 0xFF, 0xFF, 0xFF, 0xFF, 0xFF
	db 0xFF, 0xFF, 0xFF, 0xFF, 0xFF, 0xFF, 0xFF, 0xFF
	db 0xFF, 0xFF, 0xFF, 0xFF, 0xFF, 0xFF, 0xFF, 0xFF
	db 0xFF, 0xFF, 0xFF, 0xFF, 0xFF, 0xFF, 0xFF, 0xFF
	db 0xFF, 0xFF, 0xFF, 0xFF, 0xFF, 0xFF, 0xFF, 0xFF
	db 0xFF, 0xFF, 0xFF, 0xFF, 0xFF, 0xFF, 0xFF, 0xFF
	db 0xFF, 0xFF, 0xFF, 0xFF, 0xFF, 0xFF, 0xFF, 0xFF
	db 0xFF, 0xFF, 0xFF, 0xFF, 0xFF, 0xFF, 0xFF, 0xFF
	db 0xFF, 0xFF, 0xFF, 0xFF, 0xFF, 0xFF, 0xFF, 0xFF
	db 0xFF, 0xFF, 0xFF, 0xFF, 0xFF, 0xFF, 0xFF, 0xFF
	db 0xFF, 0xFF, 0xFF, 0xFF, 0xFF, 0xFF, 0xFF, 0xFF
	db 0xFF, 0xFF, 0xFF, 0xFF, 0xFF, 0xFF, 0xFF, 0xFF
	db 0xFF, 0xFF, 0xFF, 0xFF, 0xFF, 0xFF, 0xFF, 0xFF
	db 0xFF, 0xFF, 0xFF, 0xFF, 0xFF, 0xFF, 0xFF, 0xFF
	db 0xFF, 0xFF, 0xFF, 0xFF, 0xFF, 0xFF, 0xFF, 0xFF
	db 0xFF, 0xFF, 0xFF, 0xFF, 0xFF, 0xFF, 0xFF, 0xFF
	db 0xFF, 0xFF, 0xFF, 0xFF, 0xFF, 0xFF, 0xFF, 0xFF
	db 0xFF, 0xFF, 0xFF, 0xFF, 0xFF, 0xFF, 0xFF, 0xFF
	db 0xFF, 0xFF, 0xFF, 0xFF, 0xFF, 0xFF, 0xFF, 0xFF
	db 0xFF, 0xFF, 0xFF, 0xFF, 0xFF, 0xFF, 0xFF, 0xFF
	db 0xFF, 0xFF, 0xFF, 0xFF, 0xFF, 0xFF, 0xFF, 0xFF
	db 0xFF, 0xFF, 0xFF, 0xFF, 0xFF, 0xFF, 0xFF, 0xFF
	db 0xFF, 0xFF, 0xFF, 0xFF, 0xFF, 0xFF, 0xFF, 0xFF
	db 0xFF, 0xFF, 0xFF, 0xFF, 0xFF, 0xFF, 0xFF, 0xFF
	db 0xFF, 0xFF, 0xFF, 0xFF, 0xFF, 0xFF, 0xFF, 0xFF
	db 0xFF, 0xFF, 0xFF, 0xFF, 0xFF, 0xFF, 0xFF, 0xFF
	db 0xFF, 0xFF, 0xFF, 0xFF, 0xFF, 0xFF, 0xFF, 0xFF
	db 0xFF, 0xFF, 0xFF, 0xFF, 0xFF, 0xFF, 0xFF, 0xFF
	db 0xFF, 0xFF, 0xFF, 0xFF, 0xFF, 0xFF, 0xFF, 0xFF
	db 0xFF, 0xFF, 0xFF, 0xFF, 0xFF, 0xFF, 0xFF, 0xFF
	db 0xFF, 0xFF, 0xFF, 0xFF, 0xFF, 0xFF, 0xFF, 0xFF
	db 0xFF, 0xFF, 0xFF, 0xFF, 0xFF, 0xFF, 0xFF, 0xFF
	db 0xFF, 0xFF, 0xFF, 0xFF, 0xFF, 0xFF, 0xFF, 0xFF
	db 0xFF, 0xFF, 0xFF, 0xFF, 0xFF, 0xFF, 0xFF, 0xFF
	db 0xFF, 0xFF, 0xFF, 0xFF, 0xFF, 0xFF, 0xFF, 0xFF
	db 0xFF, 0xFF, 0xFF, 0xFF, 0xFF, 0xFF, 0xFF, 0xFF
	db 0xFF, 0xFF, 0xFF, 0xFF, 0xFF, 0xFF, 0xFF, 0xFF
	db 0xFF, 0xFF, 0xFF, 0xFF, 0xFF, 0xFF, 0xFF, 0xFF
	db 0xFF, 0xFF, 0xFF, 0xFF, 0xFF, 0xFF, 0xFF, 0xFF
	db 0xFF, 0xFF, 0xFF, 0xFF, 0xFF, 0xFF, 0xFF, 0xFF
	db 0xFF, 0xFF, 0xFF, 0xFF, 0xFF, 0xFF, 0xFF, 0xFF
	db 0xFF, 0xFF, 0xFF, 0xFF, 0xFF, 0xFF, 0xFF, 0xFF
	db 0xFF, 0xFF, 0xFF, 0xFF, 0xFF, 0xFF, 0xFF, 0xFF
	db 0xFF, 0xFF, 0xFF, 0xFF, 0xFF, 0xFF, 0xFF, 0xFF
	db 0xFF, 0xFF, 0xFF, 0xFF, 0xFF, 0xFF, 0xFF, 0xFF
	db 0xFF, 0xFF, 0xFF, 0xFF, 0xFF, 0xFF, 0xFF, 0xFF
	db 0xFF, 0xFF, 0xFF, 0xFF, 0xFF, 0xFF, 0xFF, 0xFF
	db 0xFF, 0xFF, 0xFF, 0xFF, 0xFF, 0xFF, 0xFF, 0xFF
	db 0xFF, 0xFF, 0xFF, 0xFF, 0xFF, 0xFF, 0xFF, 0xFF
	db 0xFF, 0xFF, 0xFF, 0xFF, 0xFF, 0xFF, 0xFF, 0xFF
	db 0xFF, 0xFF, 0xFF, 0xFF, 0xFF, 0xFF, 0xFF, 0xFF
	db 0xFF, 0xFF, 0xFF, 0xFF, 0xFF, 0xFF, 0xFF, 0xFF
	db 0xFF, 0xFF, 0xFF, 0xFF, 0xFF, 0xFF, 0xFF, 0xFF
	db 0xFF, 0xFF, 0xFF, 0xFF, 0xFF, 0xFF, 0xFF, 0xFF
	db 0xFF, 0xFF, 0xFF, 0xFF, 0xFF, 0xFF, 0xFF, 0xFF
	db 0xFF, 0xFF, 0xFF, 0xFF, 0xFF, 0xFF, 0xFF, 0xFF
	db 0xFF, 0xFF, 0xFF, 0xFF, 0xFF, 0xFF, 0xFF, 0xFF
	db 0xFF, 0xFF, 0xFF, 0xFF, 0xFF, 0xFF, 0xFF, 0xFF
	db 0xFF, 0xFF, 0xFF, 0xFF, 0xFF, 0xFF, 0xFF, 0xFF
	db 0xFF, 0xFF, 0xFF, 0xFF, 0xFF, 0xFF, 0xFF, 0xFF
	db 0xFF, 0xFF, 0xFF, 0xFF, 0xFF, 0xFF, 0xFF, 0xFF
	db 0xFF, 0xFF, 0xFF, 0xFF, 0xFF, 0xFF, 0xFF, 0xFF
	db 0xFF, 0xFF, 0xFF, 0xFF, 0xFF, 0xFF, 0xFF, 0xFF
	db 0xFF, 0xFF, 0xFF, 0xFF, 0xFF, 0xFF, 0xFF, 0xFF
	db 0xFF, 0xFF, 0xFF, 0xFF, 0xFF, 0xFF, 0xFF, 0xFF
	db 0xFF, 0xFF, 0xFF, 0xFF, 0xFF, 0xFF, 0xFF, 0xFF
	db 0xFF, 0xFF, 0xFF, 0xFF, 0xFF, 0xFF, 0xFF, 0xFF
	db 0xFF, 0xFF, 0xFF, 0xFF, 0xFF, 0xFF, 0xFF, 0xFF
	db 0xFF, 0xFF, 0xFF, 0xFF, 0xFF, 0xFF, 0xFF, 0xFF
	db 0xFF, 0xFF, 0xFF, 0xFF, 0xFF, 0xFF, 0xFF, 0xFF
	db 0xFF, 0xFF, 0xFF, 0xFF, 0xFF, 0xFF, 0xFF, 0xFF
	db 0xFF, 0xFF, 0xFF, 0xFF, 0xFF, 0xFF, 0xFF, 0xFF
	db 0xFF, 0xFF, 0xFF, 0xFF, 0xFF, 0xFF, 0xFF, 0xFF
	db 0xFF, 0xFF, 0xFF, 0xFF, 0xFF, 0xFF, 0xFF, 0xFF
	db 0xFF, 0xFF, 0xFF, 0xFF, 0xFF, 0xFF, 0xFF, 0xFF
	db 0xFF, 0xFF, 0xFF, 0xFF, 0xFF, 0xFF, 0xFF, 0xFF
	db 0xFF, 0xFF, 0xFF, 0xFF, 0xFF, 0xFF, 0xFF, 0xFF
	db 0xFF, 0xFF, 0xFF, 0xFF, 0xFF, 0xFF, 0xFF, 0xFF
	db 0xFF, 0xFF, 0xFF, 0xFF, 0xFF, 0xFF, 0xFF, 0xFF
	db 0xFF, 0xFF, 0xFF, 0xFF, 0xFF, 0xFF, 0xFF, 0xFF
	db 0xFF, 0xFF, 0xFF, 0xFF, 0xFF, 0xFF, 0xFF, 0xFF
	db 0xFF, 0xFF, 0xFF, 0xFF, 0xFF, 0xFF, 0xFF, 0xFF
	db 0xFF, 0xFF, 0xFF, 0xFF, 0xFF, 0xFF, 0xFF, 0xFF
	db 0xFF, 0xFF, 0xFF, 0xFF, 0xFF, 0xFF, 0xFF, 0xFF
	db 0xFF, 0xFF, 0xFF, 0xFF, 0xFF, 0xFF, 0xFF, 0xFF
	db 0xFF, 0xFF, 0xFF, 0xFF, 0xFF, 0xFF, 0xFF, 0xFF
	db 0xFF, 0xFF, 0xFF, 0xFF, 0xFF, 0xFF, 0xFF, 0xFF
	db 0xFF, 0xFF, 0xFF, 0xFF, 0xFF, 0xFF, 0xFF, 0xFF
	db 0xFF, 0xFF, 0xFF, 0xFF, 0xFF, 0xFF, 0xFF, 0xFF
	db 0xFF, 0xFF, 0xFF, 0xFF, 0xFF, 0xFF, 0xFF, 0xFF
	db 0xFF, 0xFF, 0xFF, 0xFF, 0xFF, 0xFF, 0xFF, 0xFF
	db 0xFF, 0xFF, 0xFF, 0xFF, 0xFF, 0xFF, 0xFF, 0xFF
	db 0xFF, 0xFF, 0xFF, 0xFF, 0xFF, 0xFF, 0xFF, 0xFF
	db 0xFF, 0xFF, 0xFF, 0xFF, 0xFF, 0xFF, 0xFF, 0xFF
	db 0xFF, 0xFF, 0xFF, 0xFF, 0xFF, 0xFF, 0xFF, 0xFF
	db 0xFF, 0xFF, 0xFF, 0xFF, 0xFF, 0xFF, 0xFF, 0xFF
	db 0xFF, 0xFF, 0xFF, 0xFF, 0xFF, 0xFF, 0xFF, 0xFF
	db 0xFF, 0xFF, 0xFF, 0xFF, 0xFF, 0xFF, 0xFF, 0xFF
	db 0xFF, 0xFF, 0xFF, 0xFF, 0xFF, 0xFF, 0xFF, 0xFF
	db 0xFF, 0xFF, 0xFF, 0xFF, 0xFF, 0xFF, 0xFF, 0xFF
	db 0xFF, 0xFF, 0xFF, 0xFF, 0xFF, 0xFF, 0xFF, 0xFF
	db 0xFF, 0xFF, 0xFF, 0xFF, 0xFF, 0xFF, 0xFF, 0xFF
	db 0xFF, 0xFF, 0xFF, 0xFF, 0xFF, 0xFF, 0xFF, 0xFF
	db 0xFF, 0xFF, 0xFF, 0xFF, 0xFF, 0xFF, 0xFF, 0xFF
	db 0xFF, 0xFF, 0xFF, 0xFF, 0xFF, 0xFF, 0xFF, 0xFF
	db 0xFF, 0xFF, 0xFF, 0xFF, 0xFF, 0xFF, 0xFF, 0xFF
	db 0xFF, 0xFF, 0xFF, 0xFF, 0xFF, 0xFF, 0xFF, 0xFF
	db 0xFF, 0xFF, 0xFF, 0xFF, 0xFF, 0xFF, 0xFF, 0xFF
	db 0xFF, 0xFF, 0xFF, 0xFF, 0xFF, 0xFF, 0xFF, 0xFF
	db 0xFF, 0xFF, 0xFF, 0xFF, 0xFF, 0xFF, 0xFF, 0xFF
	db 0xFF, 0xFF, 0xFF, 0xFF, 0xFF, 0xFF, 0xFF, 0xFF
	db 0xFF, 0xFF, 0xFF, 0xFF, 0xFF, 0xFF, 0xFF, 0xFF
	db 0xFF, 0xFF, 0xFF, 0xFF, 0xFF, 0xFF, 0xFF, 0xFF
	db 0xFF, 0xFF, 0xFF, 0xFF, 0xFF, 0xFF, 0xFF, 0xFF
	db 0xFF, 0xFF, 0xFF, 0xFF, 0xFF, 0xFF, 0xFF, 0xFF
	db 0xFF, 0xFF, 0xFF, 0xFF, 0xFF, 0xFF, 0xFF, 0xFF
	db 0xFF, 0xFF, 0xFF, 0xFF, 0xFF, 0xFF, 0xFF, 0xFF
	db 0xFF, 0xFF, 0xFF, 0xFF, 0xFF, 0xFF, 0xFF, 0xFF
	db 0xFF, 0xFF, 0xFF, 0xFF, 0xFF, 0xFF, 0xFF, 0xFF
	db 0xFF, 0xFF, 0xFF, 0xFF, 0xFF, 0xFF, 0xFF, 0xFF
	db 0xFF, 0xFF, 0xFF, 0xFF, 0xFF, 0xFF, 0xFF, 0xFF
	db 0xFF, 0xFF, 0xFF, 0xFF, 0xFF, 0xFF, 0xFF, 0xFF
	db 0xFF, 0xFF, 0xFF, 0xFF, 0xFF, 0xFF, 0xFF, 0xFF
	db 0xFF, 0xFF, 0xFF, 0xFF, 0xFF, 0xFF, 0xFF, 0xFF
	db 0xFF, 0xFF, 0xFF, 0xFF, 0xFF, 0xFF, 0xFF, 0xFF
	db 0xFF, 0xFF, 0xFF, 0xFF, 0xFF, 0xFF, 0xFF, 0xFF
	db 0xFF, 0xFF, 0xFF, 0xFF, 0xFF, 0xFF, 0xFF, 0xFF
	db 0xFF, 0xFF, 0xFF, 0xFF, 0xFF, 0xFF, 0xFF, 0xFF
	db 0xFF, 0xFF, 0xFF, 0xFF, 0xFF, 0xFF, 0xFF, 0xFF
	db 0xFF, 0xFF, 0xFF, 0xFF, 0xFF, 0xFF, 0xFF, 0xFF
	db 0xFF, 0xFF, 0xFF, 0xFF, 0xFF, 0xFF, 0xFF, 0xFF
	db 0xFF, 0xFF, 0xFF, 0xFF, 0xFF, 0xFF, 0xFF, 0xFF
	db 0xFF, 0xFF, 0xFF, 0xFF, 0xFF, 0xFF, 0xFF, 0xFF
	db 0xFF, 0xFF, 0xFF, 0xFF, 0xFF, 0xFF, 0xFF, 0xFF
	db 0xFF, 0xFF, 0xFF, 0xFF, 0xFF, 0xFF, 0xFF, 0xFF
	db 0xFF, 0xFF, 0xFF, 0xFF, 0xFF, 0xFF, 0xFF, 0xFF
	db 0xFF, 0xFF, 0xFF, 0xFF, 0xFF, 0xFF, 0xFF, 0xFF
	db 0xFF, 0xFF, 0xFF, 0xFF, 0xFF, 0xFF, 0xFF, 0xFF
	db 0xFF, 0xFF, 0xFF, 0xFF, 0xFF, 0xFF, 0xFF, 0xFF
	db 0xFF, 0xFF, 0xFF, 0xFF, 0xFF, 0xFF, 0xFF, 0xFF
	db 0xFF, 0xFF, 0xFF, 0xFF, 0xFF, 0xFF, 0xFF, 0xFF
	db 0xFF, 0xFF, 0xFF, 0xFF, 0xFF, 0xFF, 0xFF, 0xFF
	db 0xFF, 0xFF, 0xFF, 0xFF, 0xFF, 0xFF, 0xFF, 0xFF
	db 0xFF, 0xFF, 0xFF, 0xFF, 0xFF, 0xFF, 0xFF, 0xFF
	db 0xFF, 0xFF, 0xFF, 0xFF, 0xFF, 0xFF, 0xFF, 0xFF
	db 0xFF, 0xFF, 0xFF, 0xFF, 0xFF, 0xFF, 0xFF, 0xFF
	db 0xFF, 0xFF, 0xFF, 0xFF, 0xFF, 0xFF, 0xFF, 0xFF
	db 0xFF, 0xFF, 0xFF, 0xFF, 0xFF, 0xFF, 0xFF, 0xFF
	db 0xFF, 0xFF, 0xFF, 0xFF, 0xFF, 0xFF, 0xFF, 0xFF
	db 0xFF, 0xFF, 0xFF, 0xFF, 0xFF, 0xFF, 0xFF, 0xFF
	db 0xFF, 0xFF, 0xFF, 0xFF, 0xFF, 0xFF, 0xFF, 0xFF
	db 0xFF, 0xFF, 0xFF, 0xFF, 0xFF, 0xFF, 0xFF, 0xFF
	db 0xFF, 0xFF, 0xFF, 0xFF, 0xFF, 0xFF, 0xFF, 0xFF
	db 0xFF, 0xFF, 0xFF, 0xFF, 0xFF, 0xFF, 0xFF, 0xFF
	db 0xFF, 0xFF, 0xFF, 0xFF, 0xFF, 0xFF, 0xFF, 0xFF
	db 0xFF, 0xFF, 0xFF, 0xFF, 0xFF, 0xFF, 0xFF, 0xFF
	db 0xFF, 0xFF, 0xFF, 0xFF, 0xFF, 0xFF, 0xFF, 0xFF
	db 0xFF, 0xFF, 0xFF, 0xFF, 0xFF, 0xFF, 0xFF, 0xFF
	db 0xFF, 0xFF, 0xFF, 0xFF, 0xFF, 0xFF, 0xFF, 0xFF
	db 0xFF, 0xFF, 0xFF, 0xFF, 0xFF, 0xFF, 0xFF, 0xFF
	db 0xFF, 0xFF, 0xFF, 0xFF, 0xFF, 0xFF, 0xFF, 0xFF
	db 0xFF, 0xFF, 0xFF, 0xFF, 0xFF, 0xFF, 0xFF, 0xFF
	db 0xFF, 0xFF, 0xFF, 0xFF, 0xFF, 0xFF, 0xFF, 0xFF
	db 0xFF, 0xFF, 0xFF, 0xFF, 0xFF, 0xFF, 0xFF, 0xFF
	db 0xFF, 0xFF, 0xFF, 0xFF, 0xFF, 0xFF, 0xFF, 0xFF
	db 0xFF, 0xFF, 0xFF, 0xFF, 0xFF, 0xFF, 0xFF, 0xFF
	db 0xFF, 0xFF, 0xFF, 0xFF, 0xFF, 0xFF, 0xFF, 0xFF
	db 0xFF, 0xFF, 0xFF, 0xFF, 0xFF, 0xFF, 0xFF, 0xFF
	db 0xFF, 0xFF, 0xFF, 0xFF, 0xFF, 0xFF, 0xFF, 0xFF
	db 0xFF, 0xFF, 0xFF, 0xFF, 0xFF, 0xFF, 0xFF, 0xFF
	db 0xFF, 0xFF, 0xFF, 0xFF, 0xFF, 0xFF, 0xFF, 0xFF
	db 0xFF, 0xFF, 0xFF, 0xFF, 0xFF, 0xFF, 0xFF, 0xFF
	db 0xFF, 0xFF, 0xFF, 0xFF, 0xFF, 0xFF, 0xFF, 0xFF
	db 0xFF, 0xFF, 0xFF, 0xFF, 0xFF, 0xFF, 0xFF, 0xFF
	db 0xFF, 0xFF, 0xFF, 0xFF, 0xFF, 0xFF, 0xFF, 0xFF
	db 0xFF, 0xFF, 0xFF, 0xFF, 0xFF, 0xFF, 0xFF, 0xFF
	db 0xFF, 0xFF, 0xFF, 0xFF, 0xFF, 0xFF, 0xFF, 0xFF
	db 0xFF, 0xFF, 0xFF, 0xFF, 0xFF, 0xFF, 0xFF, 0xFF
	db 0xFF, 0xFF, 0xFF, 0xFF, 0xFF, 0xFF, 0xFF, 0xFF
	db 0xFF, 0xFF, 0xFF, 0xFF, 0xFF, 0xFF, 0xFF, 0xFF
	db 0xFF, 0xFF, 0xFF, 0xFF, 0xFF, 0xFF, 0xFF, 0xFF
	db 0xFF, 0xFF, 0xFF, 0xFF, 0xFF, 0xFF, 0xFF, 0xFF
	db 0xFF, 0xFF, 0xFF, 0xFF, 0xFF, 0xFF, 0xFF, 0xFF
	db 0xFF, 0xFF, 0xFF, 0xFF, 0xFF, 0xFF, 0xFF, 0xFF
	db 0xFF, 0xFF, 0xFF, 0xFF, 0xFF, 0xFF, 0xFF, 0xFF
	db 0xFF, 0xFF, 0xFF, 0xFF, 0xFF, 0xFF, 0xFF, 0xFF
	db 0xFF, 0xFF, 0xFF, 0xFF, 0xFF, 0xFF, 0xFF, 0xFF
	db 0xFF, 0xFF, 0xFF, 0xFF, 0xFF, 0xFF, 0xFF, 0xFF
	db 0xFF, 0xFF, 0xFF, 0xFF, 0xFF, 0xFF, 0xFF, 0xFF
	db 0xFF, 0xFF, 0xFF, 0xFF, 0xFF, 0xFF, 0xFF, 0xFF
	db 0xFF, 0xFF, 0xFF, 0xFF, 0xFF, 0xFF, 0xFF, 0xFF
	db 0xFF, 0xFF, 0xFF, 0xFF, 0xFF, 0xFF, 0xFF, 0xFF
	db 0xFF, 0xFF, 0xFF, 0xFF, 0xFF, 0xFF, 0xFF, 0xFF
	db 0xFF, 0xFF, 0xFF, 0xFF, 0xFF, 0xFF, 0xFF, 0xFF
	db 0xFF, 0xFF, 0xFF, 0xFF, 0xFF, 0xFF, 0xFF, 0xFF
	db 0xFF, 0xFF, 0xFF, 0xFF, 0xFF, 0xFF, 0xFF, 0xFF
	db 0xFF, 0xFF, 0xFF, 0xFF, 0xFF, 0xFF, 0xFF, 0xFF
	db 0xFF, 0xFF, 0xFF, 0xFF, 0xFF, 0xFF, 0xFF, 0xFF
	db 0xFF, 0xFF, 0xFF, 0xFF, 0xFF, 0xFF, 0xFF, 0xFF
	db 0xFF, 0xFF, 0xFF, 0xFF, 0xFF, 0xFF, 0xFF, 0xFF
	db 0xFF, 0xFF, 0xFF, 0xFF, 0xFF, 0xFF, 0xFF, 0xFF
	db 0xFF, 0xFF, 0xFF, 0xFF, 0xFF, 0xFF, 0xFF, 0xFF
	db 0xFF, 0xFF, 0xFF, 0xFF, 0xFF, 0xFF, 0xFF, 0xFF
	db 0xFF, 0xFF, 0xFF, 0xFF, 0xFF, 0xFF, 0xFF, 0xFF
	db 0xFF, 0xFF, 0xFF, 0xFF, 0xFF, 0xFF, 0xFF, 0xFF
	db 0xFF, 0xFF, 0xFF, 0xFF, 0xFF, 0xFF, 0xFF, 0xFF
	db 0xFF, 0xFF, 0xFF, 0xFF, 0xFF, 0xFF, 0xFF, 0xFF
	db 0xFF, 0xFF, 0xFF, 0xFF, 0xFF, 0xFF, 0xFF, 0xFF
	db 0xFF, 0xFF, 0xFF, 0xFF, 0xFF, 0xFF, 0xFF, 0xFF
	db 0xFF, 0xFF, 0xFF, 0xFF, 0xFF, 0xFF, 0xFF, 0xFF
	db 0xFF, 0xFF, 0xFF, 0xFF, 0xFF, 0xFF, 0xFF, 0xFF
	db 0xFF, 0xFF, 0xFF, 0xFF, 0xFF, 0xFF, 0xFF, 0xFF
	db 0xFF, 0xFF, 0xFF, 0xFF, 0xFF, 0xFF, 0xFF, 0xFF
	db 0xFF, 0xFF, 0xFF, 0xFF, 0xFF, 0xFF, 0xFF, 0xFF
	db 0xFF, 0xFF, 0xFF, 0xFF, 0xFF, 0xFF, 0xFF, 0xFF
	db 0xFF, 0xFF, 0xFF, 0xFF, 0xFF, 0xFF, 0xFF, 0xFF
	db 0xFF, 0xFF, 0xFF, 0xFF, 0xFF, 0xFF, 0xFF, 0xFF
	db 0xFF, 0xFF, 0xFF, 0xFF, 0xFF, 0xFF, 0xFF, 0xFF
	db 0xFF, 0xFF, 0xFF, 0xFF, 0xFF, 0xFF, 0xFF, 0xFF
	db 0xFF, 0xFF, 0xFF, 0xFF, 0xFF, 0xFF, 0xFF, 0xFF
	db 0xFF, 0xFF, 0xFF, 0xFF, 0xFF, 0xFF, 0xFF, 0xFF
	db 0xFF, 0xFF, 0xFF, 0xFF, 0xFF, 0xFF, 0xFF, 0xFF
	db 0xFF, 0xFF, 0xFF, 0xFF, 0xFF, 0xFF, 0xFF, 0xFF
	db 0xFF, 0xFF, 0xFF, 0xFF, 0xFF, 0xFF, 0xFF, 0xFF
	db 0xFF, 0xFF, 0xFF, 0xFF, 0xFF, 0xFF, 0xFF, 0xFF
	db 0xFF, 0xFF, 0xFF, 0xFF, 0xFF, 0xFF, 0xFF, 0xFF
	db 0xFF, 0xFF, 0xFF, 0xFF, 0xFF, 0xFF, 0xFF, 0xFF
	db 0xFF, 0xFF, 0xFF, 0xFF, 0xFF, 0xFF, 0xFF, 0xFF
	db 0xFF, 0xFF, 0xFF, 0xFF, 0xFF, 0xFF, 0xFF, 0xFF
	db 0xFF, 0xFF, 0xFF, 0xFF, 0xFF, 0xFF, 0xFF, 0xFF
	db 0xFF, 0xFF, 0xFF, 0xFF, 0xFF, 0xFF, 0xFF, 0xFF
	db 0xFF, 0xFF, 0xFF, 0xFF, 0xFF, 0xFF, 0xFF, 0xFF
	db 0xFF, 0xFF, 0xFF, 0xFF, 0xFF, 0xFF, 0xFF, 0xFF
	db 0xFF, 0xFF, 0xFF, 0xFF, 0xFF, 0xFF, 0xFF, 0xFF
	db 0xFF, 0xFF, 0xFF, 0xFF, 0xFF, 0xFF, 0xFF, 0xFF
	db 0xFF, 0xFF, 0xFF, 0xFF, 0xFF, 0xFF, 0xFF, 0xFF
	db 0xFF, 0xFF, 0xFF, 0xFF, 0xFF, 0xFF, 0xFF, 0xFF
	db 0xFF, 0xFF, 0xFF, 0xFF, 0xFF, 0xFF, 0xFF, 0xFF
	db 0xFF, 0xFF, 0xFF, 0xFF, 0xFF, 0xFF, 0xFF, 0xFF
	db 0xFF, 0xFF, 0xFF, 0xFF, 0xFF, 0xFF, 0xFF, 0xFF
	db 0xFF, 0xFF, 0xFF, 0xFF, 0xFF, 0xFF, 0xFF, 0xFF
	db 0xFF, 0xFF, 0xFF, 0xFF, 0xFF, 0xFF, 0xFF, 0xFF
	db 0xFF, 0xFF, 0xFF, 0xFF, 0xFF, 0xFF, 0xFF, 0xFF
	db 0xFF, 0xFF, 0xFF, 0xFF, 0xFF, 0xFF, 0xFF, 0xFF
	db 0xFF, 0xFF, 0xFF, 0xFF, 0xFF, 0xFF, 0xFF, 0xFF
	db 0xFF, 0xFF, 0xFF, 0xFF, 0xFF, 0xFF, 0xFF, 0xFF
	db 0xFF, 0xFF, 0xFF, 0xFF, 0xFF, 0xFF, 0xFF, 0xFF
	db 0xFF, 0xFF, 0xFF, 0xFF, 0xFF, 0xFF, 0xFF, 0xFF
	db 0xFF, 0xFF, 0xFF, 0xFF, 0xFF, 0xFF, 0xFF, 0xFF
	db 0xFF, 0xFF, 0xFF, 0xFF, 0xFF, 0xFF, 0xFF, 0xFF
	db 0xFF, 0xFF, 0xFF, 0xFF, 0xFF, 0xFF, 0xFF, 0xFF
	db 0xFF, 0xFF, 0xFF, 0xFF, 0xFF, 0xFF, 0xFF, 0xFF
	db 0xFF, 0xFF, 0xFF, 0xFF, 0xFF, 0xFF, 0xFF, 0xFF
	db 0xFF, 0xFF, 0xFF, 0xFF, 0xFF, 0xFF, 0xFF, 0xFF
	db 0xFF, 0xFF, 0xFF, 0xFF, 0xFF, 0xFF, 0xFF, 0xFF
	db 0xFF, 0xFF, 0xFF, 0xFF, 0xFF, 0xFF, 0xFF, 0xFF
	db 0xFF, 0xFF, 0xFF, 0xFF, 0xFF, 0xFF, 0xFF, 0xFF
	db 0xFF, 0xFF, 0xFF, 0xFF, 0xFF, 0xFF, 0xFF, 0xFF
	db 0xFF, 0xFF, 0xFF, 0xFF, 0xFF, 0xFF, 0xFF, 0xFF
	db 0xFF, 0xFF, 0xFF, 0xFF, 0xFF, 0xFF, 0xFF, 0xFF
	db 0xFF, 0xFF, 0xFF, 0xFF, 0xFF, 0xFF, 0xFF, 0xFF
	db 0xFF, 0xFF, 0xFF, 0xFF, 0xFF, 0xFF, 0xFF, 0xFF
	db 0xFF, 0xFF, 0xFF, 0xFF, 0xFF, 0xFF, 0xFF, 0xFF
	db 0xFF, 0xFF, 0xFF, 0xFF, 0xFF, 0xFF, 0xFF, 0xFF
	db 0xFF, 0xFF, 0xFF, 0xFF, 0xFF, 0xFF, 0xFF, 0xFF
	db 0xFF, 0xFF, 0xFF, 0xFF, 0xFF, 0xFF, 0xFF, 0xFF
	db 0xFF, 0xFF, 0xFF, 0xFF, 0xFF, 0xFF, 0xFF, 0xFF
	db 0xFF, 0xFF, 0xFF, 0xFF, 0xFF, 0xFF, 0xFF, 0xFF
	db 0xFF, 0xFF, 0xFF, 0xFF, 0xFF, 0xFF, 0xFF, 0xFF
	db 0xFF, 0xFF, 0xFF, 0xFF, 0xFF, 0xFF, 0xFF, 0xFF
	db 0xFF, 0xFF, 0xFF, 0xFF, 0xFF, 0xFF, 0xFF, 0xFF
	db 0xFF, 0xFF, 0xFF, 0xFF, 0xFF, 0xFF, 0xFF, 0xFF
	db 0xFF, 0xFF, 0xFF, 0xFF, 0xFF, 0xFF, 0xFF, 0xFF
	db 0xFF, 0xFF, 0xFF, 0xFF, 0xFF, 0xFF, 0xFF, 0xFF
	db 0xFF, 0xFF, 0xFF, 0xFF, 0xFF, 0xFF, 0xFF, 0xFF
	db 0xFF, 0xFF, 0xFF, 0xFF, 0xFF, 0xFF, 0xFF, 0xFF
	db 0xFF, 0xFF, 0xFF, 0xFF, 0xFF, 0xFF, 0xFF, 0xFF
	db 0xFF, 0xFF, 0xFF, 0xFF, 0xFF, 0xFF, 0xFF, 0xFF
	db 0xFF, 0xFF, 0xFF, 0xFF, 0xFF, 0xFF, 0xFF, 0xFF
	db 0xFF, 0xFF, 0xFF, 0xFF, 0xFF, 0xFF, 0xFF, 0xFF
	db 0xFF, 0xFF, 0xFF, 0xFF, 0xFF, 0xFF, 0xFF, 0xFF
	db 0xFF, 0xFF, 0xFF, 0xFF, 0xFF, 0xFF, 0xFF, 0xFF
	db 0xFF, 0xFF, 0xFF, 0xFF, 0xFF, 0xFF, 0xFF, 0xFF
	db 0xFF, 0xFF, 0xFF, 0xFF, 0xFF, 0xFF, 0xFF, 0xFF
	db 0xFF, 0xFF, 0xFF, 0xFF, 0xFF, 0xFF, 0xFF, 0xFF
	db 0xFF, 0xFF, 0xFF, 0xFF, 0xFF, 0xFF, 0xFF, 0xFF
	db 0xFF, 0xFF, 0xFF, 0xFF, 0xFF, 0xFF, 0xFF, 0xFF
	db 0xFF, 0xFF, 0xFF, 0xFF, 0xFF, 0xFF, 0xFF, 0xFF
	db 0xFF, 0xFF, 0xFF, 0xFF, 0xFF, 0xFF, 0xFF, 0xFF
	db 0xFF, 0xFF, 0xFF, 0xFF, 0xFF, 0xFF, 0xFF, 0xFF
	db 0xFF, 0xFF, 0xFF, 0xFF, 0xFF, 0xFF, 0xFF, 0xFF
	db 0xFF, 0xFF, 0xFF, 0xFF, 0xFF, 0xFF, 0xFF, 0xFF
	db 0xFF, 0xFF, 0xFF, 0xFF, 0xFF, 0xFF, 0xFF, 0xFF
	db 0xFF, 0xFF, 0xFF, 0xFF, 0xFF, 0xFF, 0xFF, 0xFF
	db 0xFF, 0xFF, 0xFF, 0xFF, 0xFF, 0xFF, 0xFF, 0xFF
	db 0xFF, 0xFF, 0xFF, 0xFF, 0xFF, 0xFF, 0xFF, 0xFF
	db 0xFF, 0xFF, 0xFF, 0xFF, 0xFF, 0xFF, 0xFF, 0xFF
	db 0xFF, 0xFF, 0xFF, 0xFF, 0xFF, 0xFF, 0xFF, 0xFF
	db 0xFF, 0xFF, 0xFF, 0xFF, 0xFF, 0xFF, 0xFF, 0xFF
	db 0xFF, 0xFF, 0xFF, 0xFF, 0xFF, 0xFF, 0xFF, 0xFF
	db 0xFF, 0xFF, 0xFF, 0xFF, 0xFF, 0xFF, 0xFF, 0xFF
	db 0xFF, 0xFF, 0xFF, 0xFF, 0xFF, 0xFF, 0xFF, 0xFF
	db 0xFF, 0xFF, 0xFF, 0xFF, 0xFF, 0xFF, 0xFF, 0xFF
	db 0xFF, 0xFF, 0xFF, 0xFF, 0xFF, 0xFF, 0xFF, 0xFF
	db 0xFF, 0xFF, 0xFF, 0xFF, 0xFF, 0xFF, 0xFF, 0xFF
	db 0xFF, 0xFF, 0xFF, 0xFF, 0xFF, 0xFF, 0xFF, 0xFF
	db 0xFF, 0xFF, 0xFF, 0xFF, 0xFF, 0xFF, 0xFF, 0xFF
	db 0xFF, 0xFF, 0xFF, 0xFF, 0xFF, 0xFF, 0xFF, 0xFF
	db 0xFF, 0xFF, 0xFF, 0xFF, 0xFF, 0xFF, 0xFF, 0xFF
	db 0xFF, 0xFF, 0xFF, 0xFF, 0xFF, 0xFF, 0xFF, 0xFF
	db 0xFF, 0xFF, 0xFF, 0xFF, 0xFF, 0xFF, 0xFF, 0xFF
	db 0xFF, 0xFF, 0xFF, 0xFF, 0xFF, 0xFF, 0xFF, 0xFF
	db 0xFF, 0xFF, 0xFF, 0xFF, 0xFF, 0xFF, 0xFF, 0xFF
	db 0xFF, 0xFF, 0xFF, 0xFF, 0xFF, 0xFF, 0xFF, 0xFF
	db 0xFF, 0xFF, 0xFF, 0xFF, 0xFF, 0xFF, 0xFF, 0xFF
	db 0xFF, 0xFF, 0xFF, 0xFF, 0xFF, 0xFF, 0xFF, 0xFF
	db 0xFF, 0xFF, 0xFF, 0xFF, 0xFF, 0xFF, 0xFF, 0xFF
	db 0xFF, 0xFF, 0xFF, 0xFF, 0xFF, 0xFF, 0xFF, 0xFF
	db 0xFF, 0xFF, 0xFF, 0xFF, 0xFF, 0xFF, 0xFF, 0xFF
	db 0xFF, 0xFF, 0xFF, 0xFF, 0xFF, 0xFF, 0xFF, 0xFF
	db 0xFF, 0xFF, 0xFF, 0xFF, 0xFF, 0xFF, 0xFF, 0xFF
	db 0xFF, 0xFF, 0xFF, 0xFF, 0xFF, 0xFF, 0xFF, 0xFF
	db 0xFF, 0xFF, 0xFF, 0xFF, 0xFF, 0xFF, 0xFF, 0xFF
	db 0xFF, 0xFF, 0xFF, 0xFF, 0xFF, 0xFF, 0xFF, 0xFF
	db 0xFF, 0xFF, 0xFF, 0xFF, 0xFF, 0xFF, 0xFF, 0xFF
	db 0xFF, 0xFF, 0xFF, 0xFF, 0xFF, 0xFF, 0xFF, 0xFF
	db 0xFF, 0xFF, 0xFF, 0xFF, 0xFF, 0xFF, 0xFF, 0xFF
	db 0xFF, 0xFF, 0xFF, 0xFF, 0xFF, 0xFF, 0xFF, 0xFF
	db 0xFF, 0xFF, 0xFF, 0xFF, 0xFF, 0xFF, 0xFF, 0xFF
	db 0xFF, 0xFF, 0xFF, 0xFF, 0xFF, 0xFF, 0xFF, 0xFF
	db 0xFF, 0xFF, 0xFF, 0xFF, 0xFF, 0xFF, 0xFF, 0xFF
	db 0xFF, 0xFF, 0xFF, 0xFF, 0xFF, 0xFF, 0xFF, 0xFF
	db 0xFF, 0xFF, 0xFF, 0xFF, 0xFF, 0xFF, 0xFF, 0xFF
	db 0xFF, 0xFF, 0xFF, 0xFF, 0xFF, 0xFF, 0xFF, 0xFF
	db 0xFF, 0xFF, 0xFF, 0xFF, 0xFF, 0xFF, 0xFF, 0xFF
	db 0xFF, 0xFF, 0xFF, 0xFF, 0xFF, 0xFF, 0xFF, 0xFF
	db 0xFF, 0xFF, 0xFF, 0xFF, 0xFF, 0xFF, 0xFF, 0xFF
	db 0xFF, 0xFF, 0xFF, 0xFF, 0xFF, 0xFF, 0xFF, 0xFF
	db 0xFF, 0xFF, 0xFF, 0xFF, 0xFF, 0xFF, 0xFF, 0xFF
	db 0xFF, 0xFF, 0xFF, 0xFF, 0xFF, 0xFF, 0xFF, 0xFF
	db 0xFF, 0xFF, 0xFF, 0xFF, 0xFF, 0xFF, 0xFF, 0xFF
	db 0xFF, 0xFF, 0xFF, 0xFF, 0xFF, 0xFF, 0xFF, 0xFF
	db 0xFF, 0xFF, 0xFF, 0xFF, 0xFF, 0xFF, 0xFF, 0xFF
	db 0xFF, 0xFF, 0xFF, 0xFF, 0xFF, 0xFF, 0xFF, 0xFF
	db 0xFF, 0xFF, 0xFF, 0xFF, 0xFF, 0xFF, 0xFF, 0xFF
	db 0xFF, 0xFF, 0xFF, 0xFF, 0xFF, 0xFF, 0xFF, 0xFF
	db 0xFF, 0xFF, 0xFF, 0xFF, 0xFF, 0xFF, 0xFF, 0xFF
	db 0xFF, 0xFF, 0xFF, 0xFF, 0xFF, 0xFF, 0xFF, 0xFF
	db 0xFF, 0xFF, 0xFF, 0xFF, 0xFF, 0xFF, 0xFF, 0xFF
	db 0xFF, 0xFF, 0xFF, 0xFF, 0xFF, 0xFF, 0xFF, 0xFF
	db 0xFF, 0xFF, 0xFF, 0xFF, 0xFF, 0xFF, 0xFF, 0xFF
	db 0xFF, 0xFF, 0xFF, 0xFF, 0xFF, 0xFF, 0xFF, 0xFF
	db 0xFF, 0xFF, 0xFF, 0xFF, 0xFF, 0xFF, 0xFF, 0xFF
	db 0xFF, 0xFF, 0xFF, 0xFF, 0xFF, 0xFF, 0xFF, 0xFF
	db 0xFF, 0xFF, 0xFF, 0xFF, 0xFF, 0xFF, 0xFF, 0xFF
	db 0xFF, 0xFF, 0xFF, 0xFF, 0xFF, 0xFF, 0xFF, 0xFF
	db 0xFF, 0xFF, 0xFF, 0xFF, 0xFF, 0xFF, 0xFF, 0xFF
	db 0xFF, 0xFF, 0xFF, 0xFF, 0xFF, 0xFF, 0xFF, 0xFF
	db 0xFF, 0xFF, 0xFF, 0xFF, 0xFF, 0xFF, 0xFF, 0xFF
	db 0xFF, 0xFF, 0xFF, 0xFF, 0xFF, 0xFF, 0xFF, 0xFF
	db 0xFF, 0xFF, 0xFF, 0xFF, 0xFF, 0xFF, 0xFF, 0xFF
	db 0xFF, 0xFF, 0xFF, 0xFF, 0xFF, 0xFF, 0xFF, 0xFF
	db 0xFF, 0xFF, 0xFF, 0xFF, 0xFF, 0xFF, 0xFF, 0xFF
	db 0xFF, 0xFF, 0xFF, 0xFF, 0xFF, 0xFF, 0xFF, 0xFF
	db 0xFF, 0xFF, 0xFF, 0xFF, 0xFF, 0xFF, 0xFF, 0xFF
	db 0xFF, 0xFF, 0xFF, 0xFF, 0xFF, 0xFF, 0xFF, 0xFF
	db 0xFF, 0xFF, 0xFF, 0xFF, 0xFF, 0xFF, 0xFF, 0xFF
	db 0xFF, 0xFF, 0xFF, 0xFF, 0xFF, 0xFF, 0xFF, 0xFF
	db 0xFF, 0xFF, 0xFF, 0xFF, 0xFF, 0xFF, 0xFF, 0xFF
	db 0xFF, 0xFF, 0xFF, 0xFF, 0xFF, 0xFF, 0xFF, 0xFF
	db 0xFF, 0xFF, 0xFF, 0xFF, 0xFF, 0xFF, 0xFF, 0xFF
	db 0xFF, 0xFF, 0xFF, 0xFF, 0xFF, 0xFF, 0xFF, 0xFF
	db 0xFF, 0xFF, 0xFF, 0xFF, 0xFF, 0xFF, 0xFF, 0xFF
	db 0xFF, 0xFF, 0xFF, 0xFF, 0xFF, 0xFF, 0xFF, 0xFF
	db 0xFF, 0xFF, 0xFF, 0xFF, 0xFF, 0xFF, 0xFF, 0xFF
	db 0xFF, 0xFF, 0xFF, 0xFF, 0xFF, 0xFF, 0xFF, 0xFF
	db 0xFF, 0xFF, 0xFF, 0xFF, 0xFF, 0xFF, 0xFF, 0xFF
	db 0xFF, 0xFF, 0xFF, 0xFF, 0xFF, 0xFF, 0xFF, 0xFF
	db 0xFF, 0xFF, 0xFF, 0xFF, 0xFF, 0xFF, 0xFF, 0xFF
	db 0xFF, 0xFF, 0xFF, 0xFF, 0xFF, 0xFF, 0xFF, 0xFF
	db 0xFF, 0xFF, 0xFF, 0xFF, 0xFF, 0xFF, 0xFF, 0xFF
	db 0xFF, 0xFF, 0xFF, 0xFF, 0xFF, 0xFF, 0xFF, 0xFF
	db 0xFF, 0xFF, 0xFF, 0xFF, 0xFF, 0xFF, 0xFF, 0xFF
	db 0xFF, 0xFF, 0xFF, 0xFF, 0xFF, 0xFF, 0xFF, 0xFF
	db 0xFF, 0xFF, 0xFF, 0xFF, 0xFF, 0xFF, 0xFF, 0xFF
	db 0xFF, 0xFF, 0xFF, 0xFF, 0xFF, 0xFF, 0xFF, 0xFF
	db 0xFF, 0xFF, 0xFF, 0xFF, 0xFF, 0xFF, 0xFF, 0xFF
	db 0xFF, 0xFF, 0xFF, 0xFF, 0xFF, 0xFF, 0xFF, 0xFF
	db 0xFF, 0xFF, 0xFF, 0xFF, 0xFF, 0xFF, 0xFF, 0xFF
	db 0xFF, 0xFF, 0xFF, 0xFF, 0xFF, 0xFF, 0xFF, 0xFF
	db 0xFF, 0xFF, 0xFF, 0xFF, 0xFF, 0xFF, 0xFF, 0xFF
	db 0xFF, 0xFF, 0xFF, 0xFF, 0xFF, 0xFF, 0xFF, 0xFF
	db 0xFF, 0xFF, 0xFF, 0xFF, 0xFF, 0xFF, 0xFF, 0xFF
	db 0xFF, 0xFF, 0xFF, 0xFF, 0xFF, 0xFF, 0xFF, 0xFF
	db 0xFF, 0xFF, 0xFF, 0xFF, 0xFF, 0xFF, 0xFF, 0xFF
	db 0xFF, 0xFF, 0xFF, 0xFF, 0xFF, 0xFF, 0xFF, 0xFF
	db 0xFF, 0xFF, 0xFF, 0xFF, 0xFF, 0xFF, 0xFF, 0xFF
	db 0xFF, 0xFF, 0xFF, 0xFF, 0xFF, 0xFF, 0xFF, 0xFF
	db 0xFF, 0xFF, 0xFF, 0xFF, 0xFF, 0xFF, 0xFF, 0xFF
	db 0xFF, 0xFF, 0xFF, 0xFF, 0xFF, 0xFF, 0xFF, 0xFF
	db 0xFF, 0xFF, 0xFF, 0xFF, 0xFF, 0xFF, 0xFF, 0xFF
	db 0xFF, 0xFF, 0xFF, 0xFF, 0xFF, 0xFF, 0xFF, 0xFF
	db 0xFF, 0xFF, 0xFF, 0xFF, 0xFF, 0xFF, 0xFF, 0xFF
	db 0xFF, 0xFF, 0xFF, 0xFF, 0xFF, 0xFF, 0xFF, 0xFF
	db 0xFF, 0xFF, 0xFF, 0xFF, 0xFF, 0xFF, 0xFF, 0xFF
	db 0xFF, 0xFF, 0xFF, 0xFF, 0xFF, 0xFF, 0xFF, 0xFF
	db 0xFF, 0xFF, 0xFF, 0xFF, 0xFF, 0xFF, 0xFF, 0xFF
	db 0xFF, 0xFF, 0xFF, 0xFF, 0xFF, 0xFF, 0xFF, 0xFF
	db 0xFF, 0xFF, 0xFF, 0xFF, 0xFF, 0xFF, 0xFF, 0xFF
	db 0xFF, 0xFF, 0xFF, 0xFF, 0xFF, 0xFF, 0xFF, 0xFF
	db 0xFF, 0xFF, 0xFF, 0xFF, 0xFF, 0xFF, 0xFF, 0xFF
	db 0xFF, 0xFF, 0xFF, 0xFF, 0xFF, 0xFF, 0xFF, 0xFF
	db 0xFF, 0xFF, 0xFF, 0xFF, 0xFF, 0xFF, 0xFF, 0xFF
	db 0xFF, 0xFF, 0xFF, 0xFF, 0xFF, 0xFF, 0xFF, 0xFF
	db 0xFF, 0xFF, 0xFF, 0xFF, 0xFF, 0xFF, 0xFF, 0xFF
	db 0xFF, 0xFF, 0xFF, 0xFF, 0xFF, 0xFF, 0xFF, 0xFF
	db 0xFF, 0xFF, 0xFF, 0xFF, 0xFF, 0xFF, 0xFF, 0xFF
	db 0xFF, 0xFF, 0xFF, 0xFF, 0xFF, 0xFF, 0xFF, 0xFF
	db 0xFF, 0xFF, 0xFF, 0xFF, 0xFF, 0xFF, 0xFF, 0xFF
	db 0xFF, 0xFF, 0xFF, 0xFF, 0xFF, 0xFF, 0xFF, 0xFF
	db 0xFF, 0xFF, 0xFF, 0xFF, 0xFF, 0xFF, 0xFF, 0xFF
	db 0xFF, 0xFF, 0xFF, 0xFF, 0xFF, 0xFF, 0xFF, 0xFF
	db 0xFF, 0xFF, 0xFF, 0xFF, 0xFF, 0xFF, 0xFF, 0xFF
	db 0xFF, 0xFF, 0xFF, 0xFF, 0xFF, 0xFF, 0xFF, 0xFF
	db 0xFF, 0xFF, 0xFF, 0xFF, 0xFF, 0xFF, 0xFF, 0xFF
	db 0xFF, 0xFF, 0xFF, 0xFF, 0xFF, 0xFF, 0xFF, 0xFF
	db 0xFF, 0xFF, 0xFF, 0xFF, 0xFF, 0xFF, 0xFF, 0xFF
	db 0xFF, 0xFF, 0xFF, 0xFF, 0xFF, 0xFF, 0xFF, 0xFF
	db 0xFF, 0xFF, 0xFF, 0xFF, 0xFF, 0xFF, 0xFF, 0xFF
	db 0xFF, 0xFF, 0xFF, 0xFF, 0xFF, 0xFF, 0xFF, 0xFF
	db 0xFF, 0xFF, 0xFF, 0xFF, 0xFF, 0xFF, 0xFF, 0xFF
	db 0xFF, 0xFF, 0xFF, 0xFF, 0xFF, 0xFF, 0xFF, 0xFF
	db 0xFF, 0xFF, 0xFF, 0xFF, 0xFF, 0xFF, 0xFF, 0xFF
	db 0xFF, 0xFF, 0xFF, 0xFF, 0xFF, 0xFF, 0xFF, 0xFF
	db 0xFF, 0xFF, 0xFF, 0xFF, 0xFF, 0xFF, 0xFF, 0xFF
	db 0xFF, 0xFF, 0xFF, 0xFF, 0xFF, 0xFF, 0xFF, 0xFF
	db 0xFF, 0xFF, 0xFF, 0xFF, 0xFF, 0xFF, 0xFF, 0xFF
	db 0xFF, 0xFF, 0xFF, 0xFF, 0xFF, 0xFF, 0xFF, 0xFF
	db 0xFF, 0xFF, 0xFF, 0xFF, 0xFF, 0xFF, 0xFF, 0xFF
	db 0xFF, 0xFF, 0xFF, 0xFF, 0xFF, 0xFF, 0xFF, 0xFF
	db 0xFF, 0xFF, 0xFF, 0xFF, 0xFF, 0xFF, 0xFF, 0xFF
	db 0xFF, 0xFF, 0xFF, 0xFF, 0xFF, 0xFF, 0xFF, 0xFF
	db 0xFF, 0xFF, 0xFF, 0xFF, 0xFF, 0xFF, 0xFF, 0xFF
	db 0xFF, 0xFF, 0xFF, 0xFF, 0xFF, 0xFF, 0xFF, 0xFF
	db 0xFF, 0xFF, 0xFF, 0xFF, 0xFF, 0xFF, 0xFF, 0xFF
	db 0xFF, 0xFF, 0xFF, 0xFF, 0xFF, 0xFF, 0xFF, 0xFF
	db 0xFF, 0xFF, 0xFF, 0xFF, 0xFF, 0xFF, 0xFF, 0xFF
	db 0xFF, 0xFF, 0xFF, 0xFF, 0xFF, 0xFF, 0xFF, 0xFF
	db 0xFF, 0xFF, 0xFF, 0xFF, 0xFF, 0xFF, 0xFF, 0xFF
	db 0xFF, 0xFF, 0xFF, 0xFF, 0xFF, 0xFF, 0xFF, 0xFF
	db 0xFF, 0xFF, 0xFF, 0xFF, 0xFF, 0xFF, 0xFF, 0xFF
	db 0xFF, 0xFF, 0xFF, 0xFF, 0xFF, 0xFF, 0xFF, 0xFF
	db 0xFF, 0xFF, 0xFF, 0xFF, 0xFF, 0xFF, 0xFF, 0xFF
	db 0xFF, 0xFF, 0xFF, 0xFF, 0xFF, 0xFF, 0xFF, 0xFF
	db 0xFF, 0xFF, 0xFF, 0xFF, 0xFF, 0xFF, 0xFF, 0xFF
	db 0xFF, 0xFF, 0xFF, 0xFF, 0xFF, 0xFF, 0xFF, 0xFF
	db 0xFF, 0xFF, 0xFF, 0xFF, 0xFF, 0xFF, 0xFF, 0xFF
	db 0xFF, 0xFF, 0xFF, 0xFF, 0xFF, 0xFF, 0xFF, 0xFF
	db 0xFF, 0xFF, 0xFF, 0xFF, 0xFF, 0xFF, 0xFF, 0xFF
	db 0xFF, 0xFF, 0xFF, 0xFF, 0xFF, 0xFF, 0xFF, 0xFF
	db 0xFF, 0xFF, 0xFF, 0xFF, 0xFF, 0xFF, 0xFF, 0xFF
	db 0xFF, 0xFF, 0xFF, 0xFF, 0xFF, 0xFF, 0xFF, 0xFF
	db 0xFF, 0xFF, 0xFF, 0xFF, 0xFF, 0xFF, 0xFF, 0xFF
	db 0xFF, 0xFF, 0xFF, 0xFF, 0xFF, 0xFF, 0xFF, 0xFF
	db 0xFF, 0xFF, 0xFF, 0xFF, 0xFF, 0xFF, 0xFF, 0xFF
	db 0xFF, 0xFF, 0xFF, 0xFF, 0xFF, 0xFF, 0xFF, 0xFF
	db 0xFF, 0xFF, 0xFF, 0xFF, 0xFF, 0xFF, 0xFF, 0xFF
	db 0xFF, 0xFF, 0xFF, 0xFF, 0xFF, 0xFF, 0xFF, 0xFF
	db 0xFF, 0xFF, 0xFF, 0xFF, 0xFF, 0xFF, 0xFF, 0xFF
	db 0xFF, 0xFF, 0xFF, 0xFF, 0xFF, 0xFF, 0xFF, 0xFF
	db 0xFF, 0xFF, 0xFF, 0xFF, 0xFF, 0xFF, 0xFF, 0xFF
	db 0xFF, 0xFF, 0xFF, 0xFF, 0xFF, 0xFF, 0xFF, 0xFF
	db 0xFF, 0xFF, 0xFF, 0xFF, 0xFF, 0xFF, 0xFF, 0xFF
	db 0xFF, 0xFF, 0xFF, 0xFF, 0xFF, 0xFF, 0xFF, 0xFF
	db 0xFF, 0xFF, 0xFF, 0xFF, 0xFF, 0xFF, 0xFF, 0xFF
	db 0xFF, 0xFF, 0xFF, 0xFF, 0xFF, 0xFF, 0xFF, 0xFF
	db 0xFF, 0xFF, 0xFF, 0xFF, 0xFF, 0xFF, 0xFF, 0xFF
	db 0xFF, 0xFF, 0xFF, 0xFF, 0xFF, 0xFF, 0xFF, 0xFF
	db 0xFF, 0xFF, 0xFF, 0xFF, 0xFF, 0xFF, 0xFF, 0xFF
	db 0xFF, 0xFF, 0xFF, 0xFF, 0xFF, 0xFF, 0xFF, 0xFF
	db 0xFF, 0xFF, 0xFF, 0xFF, 0xFF, 0xFF, 0xFF, 0xFF
	db 0xFF, 0xFF, 0xFF, 0xFF, 0xFF, 0xFF, 0xFF, 0xFF
	db 0xFF, 0xFF, 0xFF, 0xFF, 0xFF, 0xFF, 0xFF, 0xFF
	db 0xFF, 0xFF, 0xFF, 0xFF, 0xFF, 0xFF, 0xFF, 0xFF
	db 0xFF, 0xFF, 0xFF, 0xFF, 0xFF, 0xFF, 0xFF, 0xFF
	db 0xFF, 0xFF, 0xFF, 0xFF, 0xFF, 0xFF, 0xFF, 0xFF
	db 0xFF, 0xFF, 0xFF, 0xFF, 0xFF, 0xFF, 0xFF, 0xFF
	db 0xFF, 0xFF, 0xFF, 0xFF, 0xFF, 0xFF, 0xFF, 0xFF
	db 0xFF, 0xFF, 0xFF, 0xFF, 0xFF, 0xFF, 0xFF, 0xFF
	db 0xFF, 0xFF, 0xFF, 0xFF, 0xFF, 0xFF, 0xFF, 0xFF
	db 0xFF, 0xFF, 0xFF, 0xFF, 0xFF, 0xFF, 0xFF, 0xFF
	db 0xFF, 0xFF, 0xFF, 0xFF, 0xFF, 0xFF, 0xFF, 0xFF
	db 0xFF, 0xFF, 0xFF, 0xFF, 0xFF, 0xFF, 0xFF, 0xFF
	db 0xFF, 0xFF, 0xFF, 0xFF, 0xFF, 0xFF, 0xFF, 0xFF
	db 0xFF, 0xFF, 0xFF, 0xFF, 0xFF, 0xFF, 0xFF, 0xFF
	db 0xFF, 0xFF, 0xFF, 0xFF, 0xFF, 0xFF, 0xFF, 0xFF
	db 0xFF, 0xFF, 0xFF, 0xFF, 0xFF, 0xFF, 0xFF, 0xFF
	db 0xFF, 0xFF, 0xFF, 0xFF, 0xFF, 0xFF, 0xFF, 0xFF
	db 0xFF, 0xFF, 0xFF, 0xFF, 0xFF, 0xFF, 0xFF, 0xFF
	db 0xFF, 0xFF, 0xFF, 0xFF, 0xFF, 0xFF, 0xFF, 0xFF
	db 0xFF, 0xFF, 0xFF, 0xFF, 0xFF, 0xFF, 0xFF, 0xFF
	db 0xFF, 0xFF, 0xFF, 0xFF, 0xFF, 0xFF, 0xFF, 0xFF
	db 0xFF, 0xFF, 0xFF, 0xFF, 0xFF, 0xFF, 0xFF, 0xFF
	db 0xFF, 0xFF, 0xFF, 0xFF, 0xFF, 0xFF, 0xFF, 0xFF
	db 0xFF, 0xFF, 0xFF, 0xFF, 0xFF, 0xFF, 0xFF, 0xFF
	db 0xFF, 0xFF, 0xFF, 0xFF, 0xFF, 0xFF, 0xFF, 0xFF
	db 0xFF, 0xFF, 0xFF, 0xFF, 0xFF, 0xFF, 0xFF, 0xFF
	db 0xFF, 0xFF, 0xFF, 0xFF, 0xFF, 0xFF, 0xFF, 0xFF
	db 0xFF, 0xFF, 0xFF, 0xFF, 0xFF, 0xFF, 0xFF, 0xFF
	db 0xFF, 0xFF, 0xFF, 0xFF, 0xFF, 0xFF, 0xFF, 0xFF
	db 0xFF, 0xFF, 0xFF, 0xFF, 0xFF, 0xFF, 0xFF, 0xFF
	db 0xFF, 0xFF, 0xFF, 0xFF, 0xFF, 0xFF, 0xFF, 0xFF
	db 0xFF, 0xFF, 0xFF, 0xFF, 0xFF, 0xFF, 0xFF, 0xFF
	db 0xFF, 0xFF, 0xFF, 0xFF, 0xFF, 0xFF, 0xFF, 0xFF
	db 0xFF, 0xFF, 0xFF, 0xFF, 0xFF, 0xFF, 0xFF, 0xFF
	db 0xFF, 0xFF, 0xFF, 0xFF, 0xFF, 0xFF, 0xFF, 0xFF
	db 0xFF, 0xFF, 0xFF, 0xFF, 0xFF, 0xFF, 0xFF, 0xFF
	db 0xFF, 0xFF, 0xFF, 0xFF, 0xFF, 0xFF, 0xFF, 0xFF
	db 0xFF, 0xFF, 0xFF, 0xFF, 0xFF, 0xFF, 0xFF, 0xFF
	db 0xFF, 0xFF, 0xFF, 0xFF, 0xFF, 0xFF, 0xFF, 0xFF
	db 0xFF, 0xFF, 0xFF, 0xFF, 0xFF, 0xFF, 0xFF, 0xFF
	db 0xFF, 0xFF, 0xFF, 0xFF, 0xFF, 0xFF, 0xFF, 0xFF
	db 0xFF, 0xFF, 0xFF, 0xFF, 0xFF, 0xFF, 0xFF, 0xFF
	db 0xFF, 0xFF, 0xFF, 0xFF, 0xFF, 0xFF, 0xFF, 0xFF
	db 0xFF, 0xFF, 0xFF, 0xFF, 0xFF, 0xFF, 0xFF, 0xFF
	db 0xFF, 0xFF, 0xFF, 0xFF, 0xFF, 0xFF, 0xFF, 0xFF
	db 0xFF, 0xFF, 0xFF, 0xFF, 0xFF, 0xFF, 0xFF, 0xFF
	db 0xFF, 0xFF, 0xFF, 0xFF, 0xFF, 0xFF, 0xFF, 0xFF
	db 0xFF, 0xFF, 0xFF, 0xFF, 0xFF, 0xFF, 0xFF, 0xFF
	db 0xFF, 0xFF, 0xFF, 0xFF, 0xFF, 0xFF, 0xFF, 0xFF
	db 0xFF, 0xFF, 0xFF, 0xFF, 0xFF, 0xFF, 0xFF, 0xFF
	db 0xFF, 0xFF, 0xFF, 0xFF, 0xFF, 0xFF, 0xFF, 0xFF
	db 0xFF, 0xFF, 0xFF, 0xFF, 0xFF, 0xFF, 0xFF, 0xFF
	db 0xFF, 0xFF, 0xFF, 0xFF, 0xFF, 0xFF, 0xFF, 0xFF
	db 0xFF, 0xFF, 0xFF, 0xFF, 0xFF, 0xFF, 0xFF, 0xFF
	db 0xFF, 0xFF, 0xFF, 0xFF, 0xFF, 0xFF, 0xFF, 0xFF
	db 0xFF, 0xFF, 0xFF, 0xFF, 0xFF, 0xFF, 0xFF, 0xFF
	db 0xFF, 0xFF, 0xFF, 0xFF, 0xFF, 0xFF, 0xFF, 0xFF
	db 0xFF, 0xFF, 0xFF, 0xFF, 0xFF, 0xFF, 0xFF, 0xFF
	db 0xFF, 0xFF, 0xFF, 0xFF, 0xFF, 0xFF, 0xFF, 0xFF
	db 0xFF, 0xFF, 0xFF, 0xFF, 0xFF, 0xFF, 0xFF, 0xFF
	db 0xFF, 0xFF, 0xFF, 0xFF, 0xFF, 0xFF, 0xFF, 0xFF
	db 0xFF, 0xFF, 0xFF, 0xFF, 0xFF, 0xFF, 0xFF, 0xFF
	db 0xFF, 0xFF, 0xFF, 0xFF, 0xFF, 0xFF, 0xFF, 0xFF
	db 0xFF, 0xFF, 0xFF, 0xFF, 0xFF, 0xFF, 0xFF, 0xFF
	db 0xFF, 0xFF, 0xFF, 0xFF, 0xFF, 0xFF, 0xFF, 0xFF
	db 0xFF, 0xFF, 0xFF, 0xFF, 0xFF, 0xFF, 0xFF, 0xFF
	db 0xFF, 0xFF, 0xFF, 0xFF, 0xFF, 0xFF, 0xFF, 0xFF
	db 0xFF, 0xFF, 0xFF, 0xFF, 0xFF, 0xFF, 0xFF, 0xFF
	db 0xFF, 0xFF, 0xFF, 0xFF, 0xFF, 0xFF, 0xFF, 0xFF
	db 0xFF, 0xFF, 0xFF, 0xFF, 0xFF, 0xFF, 0xFF, 0xFF
	db 0xFF, 0xFF, 0xFF, 0xFF, 0xFF, 0xFF, 0xFF, 0xFF
	db 0xFF, 0xFF, 0xFF, 0xFF, 0xFF, 0xFF, 0xFF, 0xFF
	db 0xFF, 0xFF, 0xFF, 0xFF, 0xFF, 0xFF, 0xFF, 0xFF
	db 0xFF, 0xFF, 0xFF, 0xFF, 0xFF, 0xFF, 0xFF, 0xFF
	db 0xFF, 0xFF, 0xFF, 0xFF, 0xFF, 0xFF, 0xFF, 0xFF
	db 0xFF, 0xFF, 0xFF, 0xFF, 0xFF, 0xFF, 0xFF, 0xFF
	db 0xFF, 0xFF, 0xFF, 0xFF, 0xFF, 0xFF, 0xFF, 0xFF
	db 0xFF, 0xFF, 0xFF, 0xFF, 0xFF, 0xFF, 0xFF, 0xFF
	db 0xFF, 0xFF, 0xFF, 0xFF, 0xFF, 0xFF, 0xFF, 0xFF
	db 0xFF, 0xFF, 0xFF, 0xFF, 0xFF, 0xFF, 0xFF, 0xFF
	db 0xFF, 0xFF, 0xFF, 0xFF, 0xFF, 0xFF, 0xFF, 0xFF
	db 0xFF, 0xFF, 0xFF, 0xFF, 0xFF, 0xFF, 0xFF, 0xFF
	db 0xFF, 0xFF, 0xFF, 0xFF, 0xFF, 0xFF, 0xFF, 0xFF
	db 0xFF, 0xFF, 0xFF, 0xFF, 0xFF, 0xFF, 0xFF, 0xFF
	db 0xFF, 0xFF, 0xFF, 0xFF, 0xFF, 0xFF, 0xFF, 0xFF
	db 0xFF, 0xFF, 0xFF, 0xFF, 0xFF, 0xFF, 0xFF, 0xFF
	db 0xFF, 0xFF, 0xFF, 0xFF, 0xFF, 0xFF, 0xFF, 0xFF
	db 0xFF, 0xFF, 0xFF, 0xFF, 0xFF, 0xFF, 0xFF, 0xFF
	db 0xFF, 0xFF, 0xFF, 0xFF, 0xFF, 0xFF, 0xFF, 0xFF
	db 0xFF, 0xFF, 0xFF, 0xFF, 0xFF, 0xFF, 0xFF, 0xFF
	db 0xFF, 0xFF, 0xFF, 0xFF, 0xFF, 0xFF, 0xFF, 0xFF
	db 0xFF, 0xFF, 0xFF, 0xFF, 0xFF, 0xFF, 0xFF, 0xFF
	db 0xFF, 0xFF, 0xFF, 0xFF, 0xFF, 0xFF, 0xFF, 0xFF
	db 0xFF, 0xFF, 0xFF, 0xFF, 0xFF, 0xFF, 0xFF, 0xFF
	db 0xFF, 0xFF, 0xFF, 0xFF, 0xFF, 0xFF, 0xFF, 0xFF
	db 0xFF, 0xFF, 0xFF, 0xFF, 0xFF, 0xFF, 0xFF, 0xFF
	db 0xFF, 0xFF, 0xFF, 0xFF, 0xFF, 0xFF, 0xFF, 0xFF
	db 0xFF, 0xFF, 0xFF, 0xFF, 0xFF, 0xFF, 0xFF, 0xFF
	db 0xFF, 0xFF, 0xFF, 0xFF, 0xFF, 0xFF, 0xFF, 0xFF
	db 0xFF, 0xFF, 0xFF, 0xFF, 0xFF, 0xFF, 0xFF, 0xFF
	db 0xFF, 0xFF, 0xFF, 0xFF, 0xFF, 0xFF, 0xFF, 0xFF
	db 0xFF, 0xFF, 0xFF, 0xFF, 0xFF, 0xFF, 0xFF, 0xFF
	db 0xFF, 0xFF, 0xFF, 0xFF, 0xFF, 0xFF, 0xFF, 0xFF
	db 0xFF, 0xFF, 0xFF, 0xFF, 0xFF, 0xFF, 0xFF, 0xFF
	db 0xFF, 0xFF, 0xFF, 0xFF, 0xFF, 0xFF, 0xFF, 0xFF
	db 0xFF, 0xFF, 0xFF, 0xFF, 0xFF, 0xFF, 0xFF, 0xFF
	db 0xFF, 0xFF, 0xFF, 0xFF, 0xFF, 0xFF, 0xFF, 0xFF
	db 0xFF, 0xFF, 0xFF, 0xFF, 0xFF, 0xFF, 0xFF, 0xFF
	db 0xFF, 0xFF, 0xFF, 0xFF, 0xFF, 0xFF, 0xFF, 0xFF
	db 0xFF, 0xFF, 0xFF, 0xFF, 0xFF, 0xFF, 0xFF, 0xFF
	db 0xFF, 0xFF, 0xFF, 0xFF, 0xFF, 0xFF, 0xFF, 0xFF
	db 0xFF, 0xFF, 0xFF, 0xFF, 0xFF, 0xFF, 0xFF, 0xFF
	db 0xFF, 0xFF, 0xFF, 0xFF, 0xFF, 0xFF, 0xFF, 0xFF
	db 0xFF, 0xFF, 0xFF, 0xFF, 0xFF, 0xFF, 0xFF, 0xFF
	db 0xFF, 0xFF, 0xFF, 0xFF, 0xFF, 0xFF, 0xFF, 0xFF
	db 0xFF, 0xFF, 0xFF, 0xFF, 0xFF, 0xFF, 0xFF, 0xFF
	db 0xFF, 0xFF, 0xFF, 0xFF, 0xFF, 0xFF, 0xFF, 0xFF
	db 0xFF, 0xFF, 0xFF, 0xFF, 0xFF, 0xFF, 0xFF, 0xFF
	db 0xFF, 0xFF, 0xFF, 0xFF, 0xFF, 0xFF, 0xFF, 0xFF
	db 0xFF, 0xFF, 0xFF, 0xFF, 0xFF, 0xFF, 0xFF, 0xFF
	db 0xFF, 0xFF, 0xFF, 0xFF, 0xFF, 0xFF, 0xFF, 0xFF
	db 0xFF, 0xFF, 0xFF, 0xFF, 0xFF, 0xFF, 0xFF, 0xFF
	db 0xFF, 0xFF, 0xFF, 0xFF, 0xFF, 0xFF, 0xFF, 0xFF
	db 0xFF, 0xFF, 0xFF, 0xFF, 0xFF, 0xFF, 0xFF, 0xFF
	db 0xFF, 0xFF, 0xFF, 0xFF, 0xFF, 0xFF, 0xFF, 0xFF
	db 0xFF, 0xFF, 0xFF, 0xFF, 0xFF, 0xFF, 0xFF, 0xFF
	db 0xFF, 0xFF, 0xFF, 0xFF, 0xFF, 0xFF, 0xFF, 0xFF
	db 0xFF, 0xFF, 0xFF, 0xFF, 0xFF, 0xFF, 0xFF, 0xFF
	db 0xFF, 0xFF, 0xFF, 0xFF, 0xFF, 0xFF, 0xFF, 0xFF
	db 0xFF, 0xFF, 0xFF, 0xFF, 0xFF, 0xFF, 0xFF, 0xFF
	db 0xFF, 0xFF, 0xFF, 0xFF, 0xFF, 0xFF, 0xFF, 0xFF
	db 0xFF, 0xFF, 0xFF, 0xFF, 0xFF, 0xFF, 0xFF, 0xFF
	db 0xFF, 0xFF, 0xFF, 0xFF, 0xFF, 0xFF, 0xFF, 0xFF
	db 0xFF, 0xFF, 0xFF, 0xFF, 0xFF, 0xFF, 0xFF, 0xFF
	db 0xFF, 0xFF, 0xFF, 0xFF, 0xFF, 0xFF, 0xFF, 0xFF
	db 0xFF, 0xFF, 0xFF, 0xFF, 0xFF, 0xFF, 0xFF, 0xFF
	db 0xFF, 0xFF, 0xFF, 0xFF, 0xFF, 0xFF, 0xFF, 0xFF
	db 0xFF, 0xFF, 0xFF, 0xFF, 0xFF, 0xFF, 0xFF, 0xFF
	db 0xFF, 0xFF, 0xFF, 0xFF, 0xFF, 0xFF, 0xFF, 0xFF
	db 0xFF, 0xFF, 0xFF, 0xFF, 0xFF, 0xFF, 0xFF, 0xFF
	db 0xFF, 0xFF, 0xFF, 0xFF, 0xFF, 0xFF, 0xFF, 0xFF
	db 0xFF, 0xFF, 0xFF, 0xFF, 0xFF, 0xFF, 0xFF, 0xFF
	db 0xFF, 0xFF, 0xFF, 0xFF, 0xFF, 0xFF, 0xFF, 0xFF
	db 0xFF, 0xFF, 0xFF, 0xFF, 0xFF, 0xFF, 0xFF, 0xFF
	db 0xFF, 0xFF, 0xFF, 0xFF, 0xFF, 0xFF, 0xFF, 0xFF
	db 0xFF, 0xFF, 0xFF, 0xFF, 0xFF, 0xFF, 0xFF, 0xFF
	db 0xFF, 0xFF, 0xFF, 0xFF, 0xFF, 0xFF, 0xFF, 0xFF
	db 0xFF, 0xFF, 0xFF, 0xFF, 0xFF, 0xFF, 0xFF, 0xFF
	db 0xFF, 0xFF, 0xFF, 0xFF, 0xFF, 0xFF, 0xFF, 0xFF
	db 0xFF, 0xFF, 0xFF, 0xFF, 0xFF, 0xFF, 0xFF, 0xFF
	db 0xFF, 0xFF, 0xFF, 0xFF, 0xFF, 0xFF, 0xFF, 0xFF
	db 0xFF, 0xFF, 0xFF, 0xFF, 0xFF, 0xFF, 0xFF, 0xFF
	db 0xFF, 0xFF, 0xFF, 0xFF, 0xFF, 0xFF, 0xFF, 0xFF
	db 0xFF, 0xFF, 0xFF, 0xFF, 0xFF, 0xFF, 0xFF, 0xFF
	db 0xFF, 0xFF, 0xFF, 0xFF, 0xFF, 0xFF, 0xFF, 0xFF
	db 0xFF, 0xFF, 0xFF, 0xFF, 0xFF, 0xFF, 0xFF, 0xFF
	db 0xFF, 0xFF, 0xFF, 0xFF, 0xFF, 0xFF, 0xFF, 0xFF
	db 0xFF, 0xFF, 0xFF, 0xFF, 0xFF, 0xFF, 0xFF, 0xFF
	db 0xFF, 0xFF, 0xFF, 0xFF, 0xFF, 0xFF, 0xFF, 0xFF
	db 0xFF, 0xFF, 0xFF, 0xFF, 0xFF, 0xFF, 0xFF, 0xFF
	db 0xFF, 0xFF, 0xFF, 0xFF, 0xFF, 0xFF, 0xFF, 0xFF
	db 0xFF, 0xFF, 0xFF, 0xFF, 0xFF, 0xFF, 0xFF, 0xFF
	db 0xFF, 0xFF, 0xFF, 0xFF, 0xFF, 0xFF, 0xFF, 0xFF
	db 0xFF, 0xFF, 0xFF, 0xFF, 0xFF, 0xFF, 0xFF, 0xFF
	db 0xFF, 0xFF, 0xFF, 0xFF, 0xFF, 0xFF, 0xFF, 0xFF
	db 0xFF, 0xFF, 0xFF, 0xFF, 0xFF, 0xFF, 0xFF, 0xFF
	db 0xFF, 0xFF, 0xFF, 0xFF, 0xFF, 0xFF, 0xFF, 0xFF
	db 0xFF, 0xFF, 0xFF, 0xFF, 0xFF, 0xFF, 0xFF, 0xFF
	db 0xFF, 0xFF, 0xFF, 0xFF, 0xFF, 0xFF, 0xFF, 0xFF
	db 0xFF, 0xFF, 0xFF, 0xFF, 0xFF, 0xFF, 0xFF, 0xFF
	db 0xFF, 0xFF, 0xFF, 0xFF, 0xFF, 0xFF, 0xFF, 0xFF
	db 0xFF, 0xFF, 0xFF, 0xFF, 0xFF, 0xFF, 0xFF, 0xFF
	db 0xFF, 0xFF, 0xFF, 0xFF, 0xFF, 0xFF, 0xFF, 0xFF
	db 0xFF, 0xFF, 0xFF, 0xFF, 0xFF, 0xFF, 0xFF, 0xFF
	db 0xFF, 0xFF, 0xFF, 0xFF, 0xFF, 0xFF, 0xFF, 0xFF
	db 0xFF, 0xFF, 0xFF, 0xFF, 0xFF, 0xFF, 0xFF, 0xFF
	db 0xFF, 0xFF, 0xFF, 0xFF, 0xFF, 0xFF, 0xFF, 0xFF
	db 0xFF, 0xFF, 0xFF, 0xFF, 0xFF, 0xFF, 0xFF, 0xFF
	db 0xFF, 0xFF, 0xFF, 0xFF, 0xFF, 0xFF, 0xFF, 0xFF
	db 0xFF, 0xFF, 0xFF, 0xFF, 0xFF, 0xFF, 0xFF, 0xFF
	db 0xFF, 0xFF, 0xFF, 0xFF, 0xFF, 0xFF, 0xFF, 0xFF
	db 0xFF, 0xFF, 0xFF, 0xFF, 0xFF, 0xFF, 0xFF, 0xFF
	db 0xFF, 0xFF, 0xFF, 0xFF, 0xFF, 0xFF, 0xFF, 0xFF
	db 0xFF, 0xFF, 0xFF, 0xFF, 0xFF, 0xFF, 0xFF, 0xFF
	db 0xFF, 0xFF, 0xFF, 0xFF, 0xFF, 0xFF, 0xFF, 0xFF
	db 0xFF, 0xFF, 0xFF, 0xFF, 0xFF, 0xFF, 0xFF, 0xFF
	db 0xFF, 0xFF, 0xFF, 0xFF, 0xFF, 0xFF, 0xFF, 0xFF
	db 0xFF, 0xFF, 0xFF, 0xFF, 0xFF, 0xFF, 0xFF, 0xFF
	db 0xFF, 0xFF, 0xFF, 0xFF, 0xFF, 0xFF, 0xFF, 0xFF
	db 0xFF, 0xFF, 0xFF, 0xFF, 0xFF, 0xFF, 0xFF, 0xFF
	db 0xFF, 0xFF, 0xFF, 0xFF, 0xFF, 0xFF, 0xFF, 0xFF
	db 0xFF, 0xFF, 0xFF, 0xFF, 0xFF, 0xFF, 0xFF, 0xFF
	db 0xFF, 0xFF, 0xFF, 0xFF, 0xFF, 0xFF, 0xFF, 0xFF
	db 0xFF, 0xFF, 0xFF, 0xFF, 0xFF, 0xFF, 0xFF, 0xFF
	db 0xFF, 0xFF, 0xFF, 0xFF, 0xFF, 0xFF, 0xFF, 0xFF
	db 0xFF, 0xFF, 0xFF, 0xFF, 0xFF, 0xFF, 0xFF, 0xFF
	db 0xFF, 0xFF, 0xFF, 0xFF, 0xFF, 0xFF, 0xFF, 0xFF
	db 0xFF, 0xFF, 0xFF, 0xFF, 0xFF, 0xFF, 0xFF, 0xFF
	db 0xFF, 0xFF, 0xFF, 0xFF, 0xFF, 0xFF, 0xFF, 0xFF
	db 0xFF, 0xFF, 0xFF, 0xFF, 0xFF, 0xFF, 0xFF, 0xFF
	db 0xFF, 0xFF, 0xFF, 0xFF, 0xFF, 0xFF, 0xFF, 0xFF
	db 0xFF, 0xFF, 0xFF, 0xFF, 0xFF, 0xFF, 0xFF, 0xFF
	db 0xFF, 0xFF, 0xFF, 0xFF, 0xFF, 0xFF, 0xFF, 0xFF
	db 0xFF, 0xFF, 0xFF, 0xFF, 0xFF, 0xFF, 0xFF, 0xFF
	db 0xFF, 0xFF, 0xFF, 0xFF, 0xFF, 0xFF, 0xFF, 0xFF
	db 0xFF, 0xFF, 0xFF, 0xFF, 0xFF, 0xFF, 0xFF, 0xFF
	db 0xFF, 0xFF, 0xFF, 0xFF, 0xFF, 0xFF, 0xFF, 0xFF
	db 0xFF, 0xFF, 0xFF, 0xFF, 0xFF, 0xFF, 0xFF, 0xFF
	db 0xFF, 0xFF, 0xFF, 0xFF, 0xFF, 0xFF, 0xFF, 0xFF
	db 0xFF, 0xFF, 0xFF, 0xFF, 0xFF, 0xFF, 0xFF, 0xFF
	db 0xFF, 0xFF, 0xFF, 0xFF, 0xFF, 0xFF, 0xFF, 0xFF
	db 0xFF, 0xFF, 0xFF, 0xFF, 0xFF, 0xFF, 0xFF, 0xFF
	db 0xFF, 0xFF, 0xFF, 0xFF, 0xFF, 0xFF, 0xFF, 0xFF
	db 0xFF, 0xFF, 0xFF, 0xFF, 0xFF, 0xFF, 0xFF, 0xFF
	db 0xFF, 0xFF, 0xFF, 0xFF, 0xFF, 0xFF, 0xFF, 0xFF
	db 0xFF, 0xFF, 0xFF, 0xFF, 0xFF, 0xFF, 0xFF, 0xFF
	db 0xFF, 0xFF, 0xFF, 0xFF, 0xFF, 0xFF, 0xFF, 0xFF
	db 0xFF, 0xFF, 0xFF, 0xFF, 0xFF, 0xFF, 0xFF, 0xFF
	db 0xFF, 0xFF, 0xFF, 0xFF, 0xFF, 0xFF, 0xFF, 0xFF
	db 0xFF, 0xFF, 0xFF, 0xFF, 0xFF, 0xFF, 0xFF, 0xFF
	db 0xFF, 0xFF, 0xFF, 0xFF, 0xFF, 0xFF, 0xFF, 0xFF
	db 0xFF, 0xFF, 0xFF, 0xFF, 0xFF, 0xFF, 0xFF, 0xFF
	db 0xFF, 0xFF, 0xFF, 0xFF, 0xFF, 0xFF, 0xFF, 0xFF
	db 0xFF, 0xFF, 0xFF, 0xFF, 0xFF, 0xFF, 0xFF, 0xFF
	db 0xFF, 0xFF, 0xFF, 0xFF, 0xFF, 0xFF, 0xFF, 0xFF
	db 0xFF, 0xFF, 0xFF, 0xFF, 0xFF, 0xFF, 0xFF, 0xFF
	db 0xFF, 0xFF, 0xFF, 0xFF, 0xFF, 0xFF, 0xFF, 0xFF
	db 0xFF, 0xFF, 0xFF, 0xFF, 0xFF, 0xFF, 0xFF, 0xFF
	db 0xFF, 0xFF, 0xFF, 0xFF, 0xFF, 0xFF, 0xFF, 0xFF
	db 0xFF, 0xFF, 0xFF, 0xFF, 0xFF, 0xFF, 0xFF, 0xFF
	db 0xFF, 0xFF, 0xFF, 0xFF, 0xFF, 0xFF, 0xFF, 0xFF
	db 0xFF, 0xFF, 0xFF, 0xFF, 0xFF, 0xFF, 0xFF, 0xFF
	db 0xFF, 0xFF, 0xFF, 0xFF, 0xFF, 0xFF, 0xFF, 0xFF
	db 0xFF, 0xFF, 0xFF, 0xFF, 0xFF, 0xFF, 0xFF, 0xFF
	db 0xFF, 0xFF, 0xFF, 0xFF, 0xFF, 0xFF, 0xFF, 0xFF
	db 0xFF, 0xFF, 0xFF, 0xFF, 0xFF, 0xFF, 0xFF, 0xFF
	db 0xFF, 0xFF, 0xFF, 0xFF, 0xFF, 0xFF, 0xFF, 0xFF
	db 0xFF, 0xFF, 0xFF, 0xFF, 0xFF, 0xFF, 0xFF, 0xFF
	db 0xFF, 0xFF, 0xFF, 0xFF, 0xFF, 0xFF, 0xFF, 0xFF
	db 0xFF, 0xFF, 0xFF, 0xFF, 0xFF, 0xFF, 0xFF, 0xFF
	db 0xFF, 0xFF, 0xFF, 0xFF, 0xFF, 0xFF, 0xFF, 0xFF
	db 0xFF, 0xFF, 0xFF, 0xFF, 0xFF, 0xFF, 0xFF, 0xFF
	db 0xFF, 0xFF, 0xFF, 0xFF, 0xFF, 0xFF, 0xFF, 0xFF
	db 0xFF, 0xFF, 0xFF, 0xFF, 0xFF, 0xFF, 0xFF, 0xFF
	db 0xFF, 0xFF, 0xFF, 0xFF, 0xFF, 0xFF, 0xFF, 0xFF
	db 0xFF, 0xFF, 0xFF, 0xFF, 0xFF, 0xFF, 0xFF, 0xFF
	db 0xFF, 0xFF, 0xFF, 0xFF, 0xFF, 0xFF, 0xFF, 0xFF
	db 0xFF, 0xFF, 0xFF, 0xFF, 0xFF, 0xFF, 0xFF, 0xFF
	db 0xFF, 0xFF, 0xFF, 0xFF, 0xFF, 0xFF, 0xFF, 0xFF
	db 0xFF, 0xFF, 0xFF, 0xFF, 0xFF, 0xFF, 0xFF, 0xFF
	db 0xFF, 0xFF, 0xFF, 0xFF, 0xFF, 0xFF, 0xFF, 0xFF
	db 0xFF, 0xFF, 0xFF, 0xFF, 0xFF, 0xFF, 0xFF, 0xFF
	db 0xFF, 0xFF, 0xFF, 0xFF, 0xFF, 0xFF, 0xFF, 0xFF
	db 0xFF, 0xFF, 0xFF, 0xFF, 0xFF, 0xFF, 0xFF, 0xFF
	db 0xFF, 0xFF, 0xFF, 0xFF, 0xFF, 0xFF, 0xFF, 0xFF
	db 0xFF, 0xFF, 0xFF, 0xFF, 0xFF, 0xFF, 0xFF, 0xFF
	db 0xFF, 0xFF, 0xFF, 0xFF, 0xFF, 0xFF, 0xFF, 0xFF
	db 0xFF, 0xFF, 0xFF, 0xFF, 0xFF, 0xFF, 0xFF, 0xFF
	db 0xFF, 0xFF, 0xFF, 0xFF, 0xFF, 0xFF, 0xFF, 0xFF
	db 0xFF, 0xFF, 0xFF, 0xFF, 0xFF, 0xFF, 0xFF, 0xFF
	db 0xFF, 0xFF, 0xFF, 0xFF, 0xFF, 0xFF, 0xFF, 0xFF
	db 0xFF, 0xFF, 0xFF, 0xFF, 0xFF, 0xFF, 0xFF, 0xFF
	db 0xFF, 0xFF, 0xFF, 0xFF, 0xFF, 0xFF, 0xFF, 0xFF
	db 0xFF, 0xFF, 0xFF, 0xFF, 0xFF, 0xFF, 0xFF, 0xFF
	db 0xFF, 0xFF, 0xFF, 0xFF, 0xFF, 0xFF, 0xFF, 0xFF
	db 0xFF, 0xFF, 0xFF, 0xFF, 0xFF, 0xFF, 0xFF, 0xFF
	db 0xFF, 0xFF, 0xFF, 0xFF, 0xFF, 0xFF, 0xFF, 0xFF
	db 0xFF, 0xFF, 0xFF, 0xFF, 0xFF, 0xFF, 0xFF, 0xFF
	db 0xFF, 0xFF, 0xFF, 0xFF, 0xFF, 0xFF, 0xFF, 0xFF
	db 0xFF, 0xFF, 0xFF, 0xFF, 0xFF, 0xFF, 0xFF, 0xFF
	db 0xFF, 0xFF, 0xFF, 0xFF, 0xFF, 0xFF, 0xFF, 0xFF
	db 0xFF, 0xFF, 0xFF, 0xFF, 0xFF, 0xFF, 0xFF, 0xFF
	db 0xFF, 0xFF, 0xFF, 0xFF, 0xFF, 0xFF, 0xFF, 0xFF
	db 0xFF, 0xFF, 0xFF, 0xFF, 0xFF, 0xFF, 0xFF, 0xFF
	db 0xFF, 0xFF, 0xFF, 0xFF, 0xFF, 0xFF, 0xFF, 0xFF
	db 0xFF, 0xFF, 0xFF, 0xFF, 0xFF, 0xFF, 0xFF, 0xFF
	db 0xFF, 0xFF, 0xFF, 0xFF, 0xFF, 0xFF, 0xFF, 0xFF
	db 0xFF, 0xFF, 0xFF, 0xFF, 0xFF, 0xFF, 0xFF, 0xFF
	db 0xFF, 0xFF, 0xFF, 0xFF, 0xFF, 0xFF, 0xFF, 0xFF
	db 0xFF, 0xFF, 0xFF, 0xFF, 0xFF, 0xFF, 0xFF, 0xFF
	db 0xFF, 0xFF, 0xFF, 0xFF, 0xFF, 0xFF, 0xFF, 0xFF
	db 0xFF, 0xFF, 0xFF, 0xFF, 0xFF, 0xFF, 0xFF, 0xFF
	db 0xFF, 0xFF, 0xFF, 0xFF, 0xFF, 0xFF, 0xFF, 0xFF
	db 0xFF, 0xFF, 0xFF, 0xFF, 0xFF, 0xFF, 0xFF, 0xFF
	db 0xFF, 0xFF, 0xFF, 0xFF, 0xFF, 0xFF, 0xFF, 0xFF
	db 0xFF, 0xFF, 0xFF, 0xFF, 0xFF, 0xFF, 0xFF, 0xFF
	db 0xFF, 0xFF, 0xFF, 0xFF, 0xFF, 0xFF, 0xFF, 0xFF
	db 0xFF, 0xFF, 0xFF, 0xFF, 0xFF, 0xFF, 0xFF, 0xFF
	db 0xFF, 0xFF, 0xFF, 0xFF, 0xFF, 0xFF, 0xFF, 0xFF
	db 0xFF, 0xFF, 0xFF, 0xFF, 0xFF, 0xFF, 0xFF, 0xFF
	db 0xFF, 0xFF, 0xFF, 0xFF, 0xFF, 0xFF, 0xFF, 0xFF
	db 0xFF, 0xFF, 0xFF, 0xFF, 0xFF, 0xFF, 0xFF, 0xFF
	db 0xFF, 0xFF, 0xFF, 0xFF, 0xFF, 0xFF, 0xFF, 0xFF
	db 0xFF, 0xFF, 0xFF, 0xFF, 0xFF, 0xFF, 0xFF, 0xFF
	db 0xFF, 0xFF, 0xFF, 0xFF, 0xFF, 0xFF, 0xFF, 0xFF
	db 0xFF, 0xFF, 0xFF, 0xFF, 0xFF, 0xFF, 0xFF, 0xFF
	db 0xFF, 0xFF, 0xFF, 0xFF, 0xFF, 0xFF, 0xFF, 0xFF
	db 0xFF, 0xFF, 0xFF, 0xFF, 0xFF, 0xFF, 0xFF, 0xFF
	db 0xFF, 0xFF, 0xFF, 0xFF, 0xFF, 0xFF, 0xFF, 0xFF
	db 0xFF, 0xFF, 0xFF, 0xFF, 0xFF, 0xFF, 0xFF, 0xFF
	db 0xFF, 0xFF, 0xFF, 0xFF, 0xFF, 0xFF, 0xFF, 0xFF
	db 0xFF, 0xFF, 0xFF, 0xFF, 0xFF, 0xFF, 0xFF, 0xFF
	db 0xFF, 0xFF, 0xFF, 0xFF, 0xFF, 0xFF, 0xFF, 0xFF
	db 0xFF, 0xFF, 0xFF, 0xFF, 0xFF, 0xFF, 0xFF, 0xFF
	db 0xFF, 0xFF, 0xFF, 0xFF, 0xFF, 0xFF, 0xFF, 0xFF
	db 0xFF, 0xFF, 0xFF, 0xFF, 0xFF, 0xFF, 0xFF, 0xFF
	db 0xFF, 0xFF, 0xFF, 0xFF, 0xFF, 0xFF, 0xFF, 0xFF
	db 0xFF, 0xFF, 0xFF, 0xFF, 0xFF, 0xFF, 0xFF, 0xFF
	db 0xFF, 0xFF, 0xFF, 0xFF, 0xFF, 0xFF, 0xFF, 0xFF
	db 0xFF, 0xFF, 0xFF, 0xFF, 0xFF, 0xFF, 0xFF, 0xFF
	db 0xFF, 0xFF, 0xFF, 0xFF, 0xFF, 0xFF, 0xFF, 0xFF
	db 0xFF, 0xFF, 0xFF, 0xFF, 0xFF, 0xFF, 0xFF, 0xFF
	db 0xFF, 0xFF, 0xFF, 0xFF, 0xFF, 0xFF, 0xFF, 0xFF
	db 0xFF, 0xFF, 0xFF, 0xFF, 0xFF, 0xFF, 0xFF, 0xFF
	db 0xFF, 0xFF, 0xFF, 0xFF, 0xFF, 0xFF, 0xFF, 0xFF
	db 0xFF, 0xFF, 0xFF, 0xFF, 0xFF, 0xFF, 0xFF, 0xFF
	db 0xFF, 0xFF, 0xFF, 0xFF, 0xFF, 0xFF, 0xFF, 0xFF
	db 0xFF, 0xFF, 0xFF, 0xFF, 0xFF, 0xFF, 0xFF, 0xFF
	db 0xFF, 0xFF, 0xFF, 0xFF, 0xFF, 0xFF, 0xFF, 0xFF
	db 0xFF, 0xFF, 0xFF, 0xFF, 0xFF, 0xFF, 0xFF, 0xFF
	db 0xFF, 0xFF, 0xFF, 0xFF, 0xFF, 0xFF, 0xFF, 0xFF
	db 0xFF, 0xFF, 0xFF, 0xFF, 0xFF, 0xFF, 0xFF, 0xFF
	db 0xFF, 0xFF, 0xFF, 0xFF, 0xFF, 0xFF, 0xFF, 0xFF
	db 0xFF, 0xFF, 0xFF, 0xFF, 0xFF, 0xFF, 0xFF, 0xFF
	db 0xFF, 0xFF, 0xFF, 0xFF, 0xFF, 0xFF, 0xFF, 0xFF
	db 0xFF, 0xFF, 0xFF, 0xFF, 0xFF, 0xFF, 0xFF, 0xFF
	db 0xFF, 0xFF, 0xFF, 0xFF, 0xFF, 0xFF, 0xFF, 0xFF
	db 0xFF, 0xFF, 0xFF, 0xFF, 0xFF, 0xFF, 0xFF, 0xFF
	db 0xFF, 0xFF, 0xFF, 0xFF, 0xFF, 0xFF, 0xFF, 0xFF
	db 0xFF, 0xFF, 0xFF, 0xFF, 0xFF, 0xFF, 0xFF, 0xFF
	db 0xFF, 0xFF, 0xFF, 0xFF, 0xFF, 0xFF, 0xFF, 0xFF
	db 0xFF, 0xFF, 0xFF, 0xFF, 0xFF, 0xFF, 0xFF, 0xFF
	db 0xFF, 0xFF, 0xFF, 0xFF, 0xFF, 0xFF, 0xFF, 0xFF
	db 0xFF, 0xFF, 0xFF, 0xFF, 0xFF, 0xFF, 0xFF, 0xFF
	db 0xFF, 0xFF, 0xFF, 0xFF, 0xFF, 0xFF, 0xFF, 0xFF
	db 0xFF, 0xFF, 0xFF, 0xFF, 0xFF, 0xFF, 0xFF, 0xFF
	db 0xFF, 0xFF, 0xFF, 0xFF, 0xFF, 0xFF, 0xFF, 0xFF
	db 0xFF, 0xFF, 0xFF, 0xFF, 0xFF, 0xFF, 0xFF, 0xFF
	db 0xFF, 0xFF, 0xFF, 0xFF, 0xFF, 0xFF, 0xFF, 0xFF
	db 0xFF, 0xFF, 0xFF, 0xFF, 0xFF, 0xFF, 0xFF, 0xFF
	db 0xFF, 0xFF, 0xFF, 0xFF, 0xFF, 0xFF, 0xFF, 0xFF
	db 0xFF, 0xFF, 0xFF, 0xFF, 0xFF, 0xFF, 0xFF, 0xFF
	db 0xFF, 0xFF, 0xFF, 0xFF, 0xFF, 0xFF, 0xFF, 0xFF
	db 0xFF, 0xFF, 0xFF, 0xFF, 0xFF, 0xFF, 0xFF, 0xFF
	db 0xFF, 0xFF, 0xFF, 0xFF, 0xFF, 0xFF, 0xFF, 0xFF
	db 0xFF, 0xFF, 0xFF, 0xFF, 0xFF, 0xFF, 0xFF, 0xFF
	db 0xFF, 0xFF, 0xFF, 0xFF, 0xFF, 0xFF, 0xFF, 0xFF
	db 0xFF, 0xFF, 0xFF, 0xFF, 0xFF, 0xFF, 0xFF, 0xFF
	db 0xFF, 0xFF, 0xFF, 0xFF, 0xFF, 0xFF, 0xFF, 0xFF
	db 0xFF, 0xFF, 0xFF, 0xFF, 0xFF, 0xFF, 0xFF, 0xFF
	db 0xFF, 0xFF, 0xFF, 0xFF, 0xFF, 0xFF, 0xFF, 0xFF
	db 0xFF, 0xFF, 0xFF, 0xFF, 0xFF, 0xFF, 0xFF, 0xFF
	db 0xFF, 0xFF, 0xFF, 0xFF, 0xFF, 0xFF, 0xFF, 0xFF
	db 0xFF, 0xFF, 0xFF, 0xFF, 0xFF, 0xFF, 0xFF, 0xFF
	db 0xFF, 0xFF, 0xFF, 0xFF, 0xFF, 0xFF, 0xFF, 0xFF
	db 0xFF, 0xFF, 0xFF, 0xFF, 0xFF, 0xFF, 0xFF, 0xFF
	db 0xFF, 0xFF, 0xFF, 0xFF, 0xFF, 0xFF, 0xFF, 0xFF
	db 0xFF, 0xFF, 0xFF, 0xFF, 0xFF, 0xFF, 0xFF, 0xFF
	db 0xFF, 0xFF, 0xFF, 0xFF, 0xFF, 0xFF, 0xFF, 0xFF
	db 0xFF, 0xFF, 0xFF, 0xFF, 0xFF, 0xFF, 0xFF, 0xFF
	db 0xFF, 0xFF, 0xFF, 0xFF, 0xFF, 0xFF, 0xFF, 0xFF
	db 0xFF, 0xFF, 0xFF, 0xFF, 0xFF, 0xFF, 0xFF, 0xFF
	db 0xFF, 0xFF, 0xFF, 0xFF, 0xFF, 0xFF, 0xFF, 0xFF
	db 0xFF, 0xFF, 0xFF, 0xFF, 0xFF, 0xFF, 0xFF, 0xFF
	db 0xFF, 0xFF, 0xFF, 0xFF, 0xFF, 0xFF, 0xFF, 0xFF
	db 0xFF, 0xFF, 0xFF, 0xFF, 0xFF, 0xFF, 0xFF, 0xFF
	db 0xFF, 0xFF, 0xFF, 0xFF, 0xFF, 0xFF, 0xFF, 0xFF
	db 0xFF, 0xFF, 0xFF, 0xFF, 0xFF, 0xFF, 0xFF, 0xFF
	db 0xFF, 0xFF, 0xFF, 0xFF, 0xFF, 0xFF, 0xFF, 0xFF
	db 0xFF, 0xFF, 0xFF, 0xFF, 0xFF, 0xFF, 0xFF, 0xFF
	db 0xFF, 0xFF, 0xFF, 0xFF, 0xFF, 0xFF, 0xFF, 0xFF
	db 0xFF, 0xFF, 0xFF, 0xFF, 0xFF, 0xFF, 0xFF, 0xFF
	db 0xFF, 0xFF, 0xFF, 0xFF, 0xFF, 0xFF, 0xFF, 0xFF
	db 0xFF, 0xFF, 0xFF, 0xFF, 0xFF, 0xFF, 0xFF, 0xFF
	db 0xFF, 0xFF, 0xFF, 0xFF, 0xFF, 0xFF, 0xFF, 0xFF
	db 0xFF, 0xFF, 0xFF, 0xFF, 0xFF, 0xFF, 0xFF, 0xFF
	db 0xFF, 0xFF, 0xFF, 0xFF, 0xFF, 0xFF, 0xFF, 0xFF
	db 0xFF, 0xFF, 0xFF, 0xFF, 0xFF, 0xFF, 0xFF, 0xFF
	db 0xFF, 0xFF, 0xFF, 0xFF, 0xFF, 0xFF, 0xFF, 0xFF
	db 0xFF, 0xFF, 0xFF, 0xFF, 0xFF, 0xFF, 0xFF, 0xFF
	db 0xFF, 0xFF, 0xFF, 0xFF, 0xFF, 0xFF, 0xFF, 0xFF
	db 0xFF, 0xFF, 0xFF, 0xFF, 0xFF, 0xFF, 0xFF, 0xFF
	db 0xFF, 0xFF, 0xFF, 0xFF, 0xFF, 0xFF, 0xFF, 0xFF
	db 0xFF, 0xFF, 0xFF, 0xFF, 0xFF, 0xFF, 0xFF, 0xFF
	db 0xFF, 0xFF, 0xFF, 0xFF, 0xFF, 0xFF, 0xFF, 0xFF
	db 0xFF, 0xFF, 0xFF, 0xFF, 0xFF, 0xFF, 0xFF, 0xFF
	db 0xFF, 0xFF, 0xFF, 0xFF, 0xFF, 0xFF, 0xFF, 0xFF
	db 0xFF, 0xFF, 0xFF, 0xFF, 0xFF, 0xFF, 0xFF, 0xFF
	db 0xFF, 0xFF, 0xFF, 0xFF, 0xFF, 0xFF, 0xFF, 0xFF
	db 0xFF, 0xFF, 0xFF, 0xFF, 0xFF, 0xFF, 0xFF, 0xFF
	db 0xFF, 0xFF, 0xFF, 0xFF, 0xFF, 0xFF, 0xFF, 0xFF
	db 0xFF, 0xFF, 0xFF, 0xFF, 0xFF, 0xFF, 0xFF, 0xFF
	db 0xFF, 0xFF, 0xFF, 0xFF, 0xFF, 0xFF, 0xFF, 0xFF
	db 0xFF, 0xFF, 0xFF, 0xFF, 0xFF, 0xFF, 0xFF, 0xFF
	db 0xFF, 0xFF, 0xFF, 0xFF, 0xFF, 0xFF, 0xFF, 0xFF
	db 0xFF, 0xFF, 0xFF, 0xFF, 0xFF, 0xFF, 0xFF, 0xFF
	db 0xFF, 0xFF, 0xFF, 0xFF, 0xFF, 0xFF, 0xFF, 0xFF
	db 0xFF, 0xFF, 0xFF, 0xFF, 0xFF, 0xFF, 0xFF, 0xFF
	db 0xFF, 0xFF, 0xFF, 0xFF, 0xFF, 0xFF, 0xFF, 0xFF
	db 0xFF, 0xFF, 0xFF, 0xFF, 0xFF, 0xFF, 0xFF, 0xFF
	db 0xFF, 0xFF, 0xFF, 0xFF, 0xFF, 0xFF, 0xFF, 0xFF
	db 0xFF, 0xFF, 0xFF, 0xFF, 0xFF, 0xFF, 0xFF, 0xFF
	db 0xFF, 0xFF, 0xFF, 0xFF, 0xFF, 0xFF, 0xFF, 0xFF
	db 0xFF, 0xFF, 0xFF, 0xFF, 0xFF, 0xFF, 0xFF, 0xFF
	db 0xFF, 0xFF, 0xFF, 0xFF, 0xFF, 0xFF, 0xFF, 0xFF
	db 0xFF, 0xFF, 0xFF, 0xFF, 0xFF, 0xFF, 0xFF, 0xFF
	db 0xFF, 0xFF, 0xFF, 0xFF, 0xFF, 0xFF, 0xFF, 0xFF
	db 0xFF, 0xFF, 0xFF, 0xFF, 0xFF, 0xFF, 0xFF, 0xFF
	db 0xFF, 0xFF, 0xFF, 0xFF, 0xFF, 0xFF, 0xFF, 0xFF
	db 0xFF, 0xFF, 0xFF, 0xFF, 0xFF, 0xFF, 0xFF, 0xFF
	db 0xFF, 0xFF, 0xFF, 0xFF, 0xFF, 0xFF, 0xFF, 0xFF
	db 0xFF, 0xFF, 0xFF, 0xFF, 0xFF, 0xFF, 0xFF, 0xFF
	db 0xFF, 0xFF, 0xFF, 0xFF, 0xFF, 0xFF, 0xFF, 0xFF
	db 0xFF, 0xFF, 0xFF, 0xFF, 0xFF, 0xFF, 0xFF, 0xFF
	db 0xFF, 0xFF, 0xFF, 0xFF, 0xFF, 0xFF, 0xFF, 0xFF
	db 0xFF, 0xFF, 0xFF, 0xFF, 0xFF, 0xFF, 0xFF, 0xFF
	db 0xFF, 0xFF, 0xFF, 0xFF, 0xFF, 0xFF, 0xFF, 0xFF
	db 0xFF, 0xFF, 0xFF, 0xFF, 0xFF, 0xFF, 0xFF, 0xFF
	db 0xFF, 0xFF, 0xFF, 0xFF, 0xFF, 0xFF, 0xFF, 0xFF
	db 0xFF, 0xFF, 0xFF, 0xFF, 0xFF, 0xFF, 0xFF, 0xFF
	db 0xFF, 0xFF, 0xFF, 0xFF, 0xFF, 0xFF, 0xFF, 0xFF
	db 0xFF, 0xFF, 0xFF, 0xFF, 0xFF, 0xFF, 0xFF, 0xFF
	db 0xFF, 0xFF, 0xFF, 0xFF, 0xFF, 0xFF, 0xFF, 0xFF
	db 0xFF, 0xFF, 0xFF, 0xFF, 0xFF, 0xFF, 0xFF, 0xFF
	db 0xFF, 0xFF, 0xFF, 0xFF, 0xFF, 0xFF, 0xFF, 0xFF
	db 0xFF, 0xFF, 0xFF, 0xFF, 0xFF, 0xFF, 0xFF, 0xFF
	db 0xFF, 0xFF, 0xFF, 0xFF, 0xFF, 0xFF, 0xFF, 0xFF
	db 0xFF, 0xFF, 0xFF, 0xFF, 0xFF, 0xFF, 0xFF, 0xFF
	db 0xFF, 0xFF, 0xFF, 0xFF, 0xFF, 0xFF, 0xFF, 0xFF
	db 0xFF, 0xFF, 0xFF, 0xFF, 0xFF, 0xFF, 0xFF, 0xFF
	db 0xFF, 0xFF, 0xFF, 0xFF, 0xFF, 0xFF, 0xFF, 0xFF
	db 0xFF, 0xFF, 0xFF, 0xFF, 0xFF, 0xFF, 0xFF, 0xFF
	db 0xFF, 0xFF, 0xFF, 0xFF, 0xFF, 0xFF, 0xFF, 0xFF
	db 0xFF, 0xFF, 0xFF, 0xFF, 0xFF, 0xFF, 0xFF, 0xFF
	db 0xFF, 0xFF, 0xFF, 0xFF, 0xFF, 0xFF, 0xFF, 0xFF
	db 0xFF, 0xFF, 0xFF, 0xFF, 0xFF, 0xFF, 0xFF, 0xFF
	db 0xFF, 0xFF, 0xFF, 0xFF, 0xFF, 0xFF, 0xFF, 0xFF
	db 0xFF, 0xFF, 0xFF, 0xFF, 0xFF, 0xFF, 0xFF, 0xFF
	db 0xFF, 0xFF, 0xFF, 0xFF, 0xFF, 0xFF, 0xFF, 0xFF
	db 0xFF, 0xFF, 0xFF, 0xFF, 0xFF, 0xFF, 0xFF, 0xFF
	db 0xFF, 0xFF, 0xFF, 0xFF, 0xFF, 0xFF, 0xFF, 0xFF
	db 0xFF, 0xFF, 0xFF, 0xFF, 0xFF, 0xFF, 0xFF, 0xFF
	db 0xFF, 0xFF, 0xFF, 0xFF, 0xFF, 0xFF, 0xFF, 0xFF
	db 0xFF, 0xFF, 0xFF, 0xFF, 0xFF, 0xFF, 0xFF, 0xFF
	db 0xFF, 0xFF, 0xFF, 0xFF, 0xFF, 0xFF, 0xFF, 0xFF
	db 0xFF, 0xFF, 0xFF, 0xFF, 0xFF, 0xFF, 0xFF, 0xFF
	db 0xFF, 0xFF, 0xFF, 0xFF, 0xFF, 0xFF, 0xFF, 0xFF
	db 0xFF, 0xFF, 0xFF, 0xFF, 0xFF, 0xFF, 0xFF, 0xFF
	db 0xFF, 0xFF, 0xFF, 0xFF, 0xFF, 0xFF, 0xFF, 0xFF
	db 0xFF, 0xFF, 0xFF, 0xFF, 0xFF, 0xFF, 0xFF, 0xFF
	db 0xFF, 0xFF, 0xFF, 0xFF, 0xFF, 0xFF, 0xFF, 0xFF
	db 0xFF, 0xFF, 0xFF, 0xFF, 0xFF, 0xFF, 0xFF, 0xFF
	db 0xFF, 0xFF, 0xFF, 0xFF, 0xFF, 0xFF, 0xFF, 0xFF
	db 0xFF, 0xFF, 0xFF, 0xFF, 0xFF, 0xFF, 0xFF, 0xFF
	db 0xFF, 0xFF, 0xFF, 0xFF, 0xFF, 0xFF, 0xFF, 0xFF
	db 0xFF, 0xFF, 0xFF, 0xFF, 0xFF, 0xFF, 0xFF, 0xFF
	db 0xFF, 0xFF, 0xFF, 0xFF, 0xFF, 0xFF, 0xFF, 0xFF
	db 0xFF, 0xFF, 0xFF, 0xFF, 0xFF, 0xFF, 0xFF, 0xFF
	db 0xFF, 0xFF, 0xFF, 0xFF, 0xFF, 0xFF, 0xFF, 0xFF
	db 0xFF, 0xFF, 0xFF, 0xFF, 0xFF, 0xFF, 0xFF, 0xFF
	db 0xFF, 0xFF, 0xFF, 0xFF, 0xFF, 0xFF, 0xFF, 0xFF
	db 0xFF, 0xFF, 0xFF, 0xFF, 0xFF, 0xFF, 0xFF, 0xFF
	db 0xFF, 0xFF, 0xFF, 0xFF, 0xFF, 0xFF, 0xFF, 0xFF
	db 0xFF, 0xFF, 0xFF, 0xFF, 0xFF, 0xFF, 0xFF, 0xFF
	db 0xFF, 0xFF, 0xFF, 0xFF, 0xFF, 0xFF, 0xFF, 0xFF
	db 0xFF, 0xFF, 0xFF, 0xFF, 0xFF, 0xFF, 0xFF, 0xFF
	db 0xFF, 0xFF, 0xFF, 0xFF, 0xFF, 0xFF, 0xFF, 0xFF
	db 0xFF, 0xFF, 0xFF, 0xFF, 0xFF, 0xFF, 0xFF, 0xFF
	db 0xFF, 0xFF, 0xFF, 0xFF, 0xFF, 0xFF, 0xFF, 0xFF
	db 0xFF, 0xFF, 0xFF, 0xFF, 0xFF, 0xFF, 0xFF, 0xFF
	db 0xFF, 0xFF, 0xFF, 0xFF, 0xFF, 0xFF, 0xFF, 0xFF
	db 0xFF, 0xFF, 0xFF, 0xFF, 0xFF, 0xFF, 0xFF, 0xFF
	db 0xFF, 0xFF, 0xFF, 0xFF, 0xFF, 0xFF, 0xFF, 0xFF
	db 0xFF, 0xFF, 0xFF, 0xFF, 0xFF, 0xFF, 0xFF, 0xFF
	db 0xFF, 0xFF, 0xFF, 0xFF, 0xFF, 0xFF, 0xFF, 0xFF
	db 0xFF, 0xFF, 0xFF, 0xFF, 0xFF, 0xFF, 0xFF, 0xFF
	db 0xFF, 0xFF, 0xFF, 0xFF, 0xFF, 0xFF, 0xFF, 0xFF
	db 0xFF, 0xFF, 0xFF, 0xFF, 0xFF, 0xFF, 0xFF, 0xFF
	db 0xFF, 0xFF, 0xFF, 0xFF, 0xFF, 0xFF, 0xFF, 0xFF
	db 0xFF, 0xFF, 0xFF, 0xFF, 0xFF, 0xFF, 0xFF, 0xFF
	db 0xFF, 0xFF, 0xFF, 0xFF, 0xFF, 0xFF, 0xFF, 0xFF
	db 0xFF, 0xFF, 0xFF, 0xFF, 0xFF, 0xFF, 0xFF, 0xFF
	db 0xFF, 0xFF, 0xFF, 0xFF, 0xFF, 0xFF, 0xFF, 0xFF
	db 0xFF, 0xFF, 0xFF, 0xFF, 0xFF, 0xFF, 0xFF, 0xFF
	db 0xFF, 0xFF, 0xFF, 0xFF, 0xFF, 0xFF, 0xFF, 0xFF
	db 0xFF, 0xFF, 0xFF, 0xFF, 0xFF, 0xFF, 0xFF, 0xFF
	db 0xFF, 0xFF, 0xFF, 0xFF, 0xFF, 0xFF, 0xFF, 0xFF
	db 0xFF, 0xFF, 0xFF, 0xFF, 0xFF, 0xFF, 0xFF, 0xFF
	db 0xFF, 0xFF, 0xFF, 0xFF, 0xFF, 0xFF, 0xFF, 0xFF
	db 0xFF, 0xFF, 0xFF, 0xFF, 0xFF, 0xFF, 0xFF, 0xFF
	db 0xFF, 0xFF, 0xFF, 0xFF, 0xFF, 0xFF, 0xFF, 0xFF
	db 0xFF, 0xFF, 0xFF, 0xFF, 0xFF, 0xFF, 0xFF, 0xFF
	db 0xFF, 0xFF, 0xFF, 0xFF, 0xFF, 0xFF, 0xFF, 0xFF
	db 0xFF, 0xFF, 0xFF, 0xFF, 0xFF, 0xFF, 0xFF, 0xFF
	db 0xFF, 0xFF, 0xFF, 0xFF, 0xFF, 0xFF, 0xFF, 0xFF
	db 0xFF, 0xFF, 0xFF, 0xFF, 0xFF, 0xFF, 0xFF, 0xFF
	db 0xFF, 0xFF, 0xFF, 0xFF, 0xFF, 0xFF, 0xFF, 0xFF
	db 0xFF, 0xFF, 0xFF, 0xFF, 0xFF, 0xFF, 0xFF, 0xFF
	db 0xFF, 0xFF, 0xFF, 0xFF, 0xFF, 0xFF, 0xFF, 0xFF
	db 0xFF, 0xFF, 0xFF, 0xFF, 0xFF, 0xFF, 0xFF, 0xFF
	db 0xFF, 0xFF, 0xFF, 0xFF, 0xFF, 0xFF, 0xFF, 0xFF
	db 0xFF, 0xFF, 0xFF, 0xFF, 0xFF, 0xFF, 0xFF, 0xFF
	db 0xFF, 0xFF, 0xFF, 0xFF, 0xFF, 0xFF, 0xFF, 0xFF
	db 0xFF, 0xFF, 0xFF, 0xFF, 0xFF, 0xFF, 0xFF, 0xFF
	db 0xFF, 0xFF, 0xFF, 0xFF, 0xFF, 0xFF, 0xFF, 0xFF
	db 0xFF, 0xFF, 0xFF, 0xFF, 0xFF, 0xFF, 0xFF, 0xFF
	db 0xFF, 0xFF, 0xFF, 0xFF, 0xFF, 0xFF, 0xFF, 0xFF
	db 0xFF, 0xFF, 0xFF, 0xFF, 0xFF, 0xFF, 0xFF, 0xFF
	db 0xFF, 0xFF, 0xFF, 0xFF, 0xFF, 0xFF, 0xFF, 0xFF
	db 0xFF, 0xFF, 0xFF, 0xFF, 0xFF, 0xFF, 0xFF, 0xFF
	db 0xFF, 0xFF, 0xFF, 0xFF, 0xFF, 0xFF, 0xFF, 0xFF
	db 0xFF, 0xFF, 0xFF, 0xFF, 0xFF, 0xFF, 0xFF, 0xFF
	db 0xFF, 0xFF, 0xFF, 0xFF, 0xFF, 0xFF, 0xFF, 0xFF
	db 0xFF, 0xFF, 0xFF, 0xFF, 0xFF, 0xFF, 0xFF, 0xFF
	db 0xFF, 0xFF, 0xFF, 0xFF, 0xFF, 0xFF, 0xFF, 0xFF
	db 0xFF, 0xFF, 0xFF, 0xFF, 0xFF, 0xFF, 0xFF, 0xFF
	db 0xFF, 0xFF, 0xFF, 0xFF, 0xFF, 0xFF, 0xFF, 0xFF
	db 0xFF, 0xFF, 0xFF, 0xFF, 0xFF, 0xFF, 0xFF, 0xFF
	db 0xFF, 0xFF, 0xFF, 0xFF, 0xFF, 0xFF, 0xFF, 0xFF
	db 0xFF, 0xFF, 0xFF, 0xFF, 0xFF, 0xFF, 0xFF, 0xFF
	db 0xFF, 0xFF, 0xFF, 0xFF, 0xFF, 0xFF, 0xFF, 0xFF
	db 0xFF, 0xFF, 0xFF, 0xFF, 0xFF, 0xFF, 0xFF, 0xFF
	db 0xFF, 0xFF, 0xFF, 0xFF, 0xFF, 0xFF, 0xFF, 0xFF
	db 0xFF, 0xFF, 0xFF, 0xFF, 0xFF, 0xFF, 0xFF, 0xFF
	db 0xFF, 0xFF, 0xFF, 0xFF, 0xFF, 0xFF, 0xFF, 0xFF
	db 0xFF, 0xFF, 0xFF, 0xFF, 0xFF, 0xFF, 0xFF, 0xFF
	db 0xFF, 0xFF, 0xFF, 0xFF, 0xFF, 0xFF, 0xFF, 0xFF
	db 0xFF, 0xFF, 0xFF, 0xFF, 0xFF, 0xFF, 0xFF, 0xFF
	db 0xFF, 0xFF, 0xFF, 0xFF, 0xFF, 0xFF, 0xFF, 0xFF
	db 0xFF, 0xFF, 0xFF, 0xFF, 0xFF, 0xFF, 0xFF, 0xFF
	db 0xFF, 0xFF, 0xFF, 0xFF, 0xFF, 0xFF, 0xFF, 0xFF
	db 0xFF, 0xFF, 0xFF, 0xFF, 0xFF, 0xFF, 0xFF, 0xFF
	db 0xFF, 0xFF, 0xFF, 0xFF, 0xFF, 0xFF, 0xFF, 0xFF
	db 0xFF, 0xFF, 0xFF, 0xFF, 0xFF, 0xFF, 0xFF, 0xFF
	db 0xFF, 0xFF, 0xFF, 0xFF, 0xFF, 0xFF, 0xFF, 0xFF
	db 0xFF, 0xFF, 0xFF, 0xFF, 0xFF, 0xFF, 0xFF, 0xFF
	db 0xFF, 0xFF, 0xFF, 0xFF, 0xFF, 0xFF, 0xFF, 0xFF
	db 0xFF, 0xFF, 0xFF, 0xFF, 0xFF, 0xFF, 0xFF, 0xFF
	db 0xFF, 0xFF, 0xFF, 0xFF, 0xFF, 0xFF, 0xFF, 0xFF
	db 0xFF, 0xFF, 0xFF, 0xFF, 0xFF, 0xFF, 0xFF, 0xFF
	db 0xFF, 0xFF, 0xFF, 0xFF, 0xFF, 0xFF, 0xFF, 0xFF
	db 0xFF, 0xFF, 0xFF, 0xFF, 0xFF, 0xFF, 0xFF, 0xFF
	db 0xFF, 0xFF, 0xFF, 0xFF, 0xFF, 0xFF, 0xFF, 0xFF
	db 0xFF, 0xFF, 0xFF, 0xFF, 0xFF, 0xFF, 0xFF, 0xFF
	db 0xFF, 0xFF, 0xFF, 0xFF, 0xFF, 0xFF, 0xFF, 0xFF
	db 0xFF, 0xFF, 0xFF, 0xFF, 0xFF, 0xFF, 0xFF, 0xFF
	db 0xFF, 0xFF, 0xFF, 0xFF, 0xFF, 0xFF, 0xFF, 0xFF
	db 0xFF, 0xFF, 0xFF, 0xFF, 0xFF, 0xFF, 0xFF, 0xFF
	db 0xFF, 0xFF, 0xFF, 0xFF, 0xFF, 0xFF, 0xFF, 0xFF
	db 0xFF, 0xFF, 0xFF, 0xFF, 0xFF, 0xFF, 0xFF, 0xFF
	db 0xFF, 0xFF, 0xFF, 0xFF, 0xFF, 0xFF, 0xFF, 0xFF
	db 0xFF, 0xFF, 0xFF, 0xFF, 0xFF, 0xFF, 0xFF, 0xFF
	db 0xFF, 0xFF, 0xFF, 0xFF, 0xFF, 0xFF, 0xFF, 0xFF
	db 0xFF, 0xFF, 0xFF, 0xFF, 0xFF, 0xFF, 0xFF, 0xFF
	db 0xFF, 0xFF, 0xFF, 0xFF, 0xFF, 0xFF, 0xFF, 0xFF
	db 0xFF, 0xFF, 0xFF, 0xFF, 0xFF, 0xFF, 0xFF, 0xFF
	db 0xFF, 0xFF, 0xFF, 0xFF, 0xFF, 0xFF, 0xFF, 0xFF
	db 0xFF, 0xFF, 0xFF, 0xFF, 0xFF, 0xFF, 0xFF, 0xFF
	db 0xFF, 0xFF, 0xFF, 0xFF, 0xFF, 0xFF, 0xFF, 0xFF
	db 0xFF, 0xFF, 0xFF, 0xFF, 0xFF, 0xFF, 0xFF, 0xFF
	db 0xFF, 0xFF, 0xFF, 0xFF, 0xFF, 0xFF, 0xFF, 0xFF
	db 0xFF, 0xFF, 0xFF, 0xFF, 0xFF, 0xFF, 0xFF, 0xFF
	db 0xFF, 0xFF, 0xFF, 0xFF, 0xFF, 0xFF, 0xFF, 0xFF
	db 0xFF, 0xFF, 0xFF, 0xFF, 0xFF, 0xFF, 0xFF, 0xFF
	db 0xFF, 0xFF, 0xFF, 0xFF, 0xFF, 0xFF, 0xFF, 0xFF
	db 0xFF, 0xFF, 0xFF, 0xFF, 0xFF, 0xFF, 0xFF, 0xFF
	db 0xFF, 0xFF, 0xFF, 0xFF, 0xFF, 0xFF, 0xFF, 0xFF
	db 0xFF, 0xFF, 0xFF, 0xFF, 0xFF, 0xFF, 0xFF, 0xFF
	db 0xFF, 0xFF, 0xFF, 0xFF, 0xFF, 0xFF, 0xFF, 0xFF
	db 0xFF, 0xFF, 0xFF, 0xFF, 0xFF, 0xFF, 0xFF, 0xFF
	db 0xFF, 0xFF, 0xFF, 0xFF, 0xFF, 0xFF, 0xFF, 0xFF
	db 0xFF, 0xFF, 0xFF, 0xFF, 0xFF, 0xFF, 0xFF, 0xFF
	db 0xFF, 0xFF, 0xFF, 0xFF, 0xFF, 0xFF, 0xFF, 0xFF
	db 0xFF, 0xFF, 0xFF, 0xFF, 0xFF, 0xFF, 0xFF, 0xFF
	db 0xFF, 0xFF, 0xFF, 0xFF, 0xFF, 0xFF, 0xFF, 0xFF
	db 0xFF, 0xFF, 0xFF, 0xFF, 0xFF, 0xFF, 0xFF, 0xFF
	db 0xFF, 0xFF, 0xFF, 0xFF, 0xFF, 0xFF, 0xFF, 0xFF
	db 0xFF, 0xFF, 0xFF, 0xFF, 0xFF, 0xFF, 0xFF, 0xFF
	db 0xFF, 0xFF, 0xFF, 0xFF, 0xFF, 0xFF, 0xFF, 0xFF
	db 0xFF, 0xFF, 0xFF, 0xFF, 0xFF, 0xFF, 0xFF, 0xFF
	db 0xFF, 0xFF, 0xFF, 0xFF, 0xFF, 0xFF, 0xFF, 0xFF
	db 0xFF, 0xFF, 0xFF, 0xFF, 0xFF, 0xFF, 0xFF, 0xFF
	db 0xFF, 0xFF, 0xFF, 0xFF, 0xFF, 0xFF, 0xFF, 0xFF
	db 0xFF, 0xFF, 0xFF, 0xFF, 0xFF, 0xFF, 0xFF, 0xFF
	db 0xFF, 0xFF, 0xFF, 0xFF, 0xFF, 0xFF, 0xFF, 0xFF
	db 0xFF, 0xFF, 0xFF, 0xFF, 0xFF, 0xFF, 0xFF, 0xFF
	db 0xFF, 0xFF, 0xFF, 0xFF, 0xFF, 0xFF, 0xFF, 0xFF
	db 0xFF, 0xFF, 0xFF, 0xFF, 0xFF, 0xFF, 0xFF, 0xFF
	db 0xFF, 0xFF, 0xFF, 0xFF, 0xFF, 0xFF, 0xFF, 0xFF
	db 0xFF, 0xFF, 0xFF, 0xFF, 0xFF, 0xFF, 0xFF, 0xFF
	db 0xFF, 0xFF, 0xFF, 0xFF, 0xFF, 0xFF, 0xFF, 0xFF
	db 0xFF, 0xFF, 0xFF, 0xFF, 0xFF, 0xFF, 0xFF, 0xFF
	db 0xFF, 0xFF, 0xFF, 0xFF, 0xFF, 0xFF, 0xFF, 0xFF
	db 0xFF, 0xFF, 0xFF, 0xFF, 0xFF, 0xFF, 0xFF, 0xFF
	db 0xFF, 0xFF, 0xFF, 0xFF, 0xFF, 0xFF, 0xFF, 0xFF
	db 0xFF, 0xFF, 0xFF, 0xFF, 0xFF, 0xFF, 0xFF, 0xFF
	db 0xFF, 0xFF, 0xFF, 0xFF, 0xFF, 0xFF, 0xFF, 0xFF
	db 0xFF, 0xFF, 0xFF, 0xFF, 0xFF, 0xFF, 0xFF, 0xFF
	db 0xFF, 0xFF, 0xFF, 0xFF, 0xFF, 0xFF, 0xFF, 0xFF
	db 0xFF, 0xFF, 0xFF, 0xFF, 0xFF, 0xFF, 0xFF, 0xFF
	db 0xFF, 0xFF, 0xFF, 0xFF, 0xFF, 0xFF, 0xFF, 0xFF
	db 0xFF, 0xFF, 0xFF, 0xFF, 0xFF, 0xFF, 0xFF, 0xFF
	db 0xFF, 0xFF, 0xFF, 0xFF, 0xFF, 0xFF, 0xFF, 0xFF
	db 0xFF, 0xFF, 0xFF, 0xFF, 0xFF, 0xFF, 0xFF, 0xFF
	db 0xFF, 0xFF, 0xFF, 0xFF, 0xFF, 0xFF, 0xFF, 0xFF
	db 0xFF, 0xFF, 0xFF, 0xFF, 0xFF, 0xFF, 0xFF, 0xFF
	db 0xFF, 0xFF, 0xFF, 0xFF, 0xFF, 0xFF, 0xFF, 0xFF
	db 0xFF, 0xFF, 0xFF, 0xFF, 0xFF, 0xFF, 0xFF, 0xFF
	db 0xFF, 0xFF, 0xFF, 0xFF, 0xFF, 0xFF, 0xFF, 0xFF
	db 0xFF, 0xFF, 0xFF, 0xFF, 0xFF, 0xFF, 0xFF, 0xFF
	db 0xFF, 0xFF, 0xFF, 0xFF, 0xFF, 0xFF, 0xFF, 0xFF
	db 0xFF, 0xFF, 0xFF, 0xFF, 0xFF, 0xFF, 0xFF, 0xFF
	db 0xFF, 0xFF, 0xFF, 0xFF, 0xFF, 0xFF, 0xFF, 0xFF
	db 0xFF, 0xFF, 0xFF, 0xFF, 0xFF, 0xFF, 0xFF, 0xFF
	db 0xFF, 0xFF, 0xFF, 0xFF, 0xFF, 0xFF, 0xFF, 0xFF
	db 0xFF, 0xFF, 0xFF, 0xFF, 0xFF, 0xFF, 0xFF, 0xFF
	db 0xFF, 0xFF, 0xFF, 0xFF, 0xFF, 0xFF, 0xFF, 0xFF
	db 0xFF, 0xFF, 0xFF, 0xFF, 0xFF, 0xFF, 0xFF, 0xFF
	db 0xFF, 0xFF, 0xFF, 0xFF, 0xFF, 0xFF, 0xFF, 0xFF
	db 0xFF, 0xFF, 0xFF, 0xFF, 0xFF, 0xFF, 0xFF, 0xFF
	db 0xFF, 0xFF, 0xFF, 0xFF, 0xFF, 0xFF, 0xFF, 0xFF
	db 0xFF, 0xFF, 0xFF, 0xFF, 0xFF, 0xFF, 0xFF, 0xFF
	db 0xFF, 0xFF, 0xFF, 0xFF, 0xFF, 0xFF, 0xFF, 0xFF
	db 0xFF, 0xFF, 0xFF, 0xFF, 0xFF, 0xFF, 0xFF, 0xFF
	db 0xFF, 0xFF, 0xFF, 0xFF, 0xFF, 0xFF, 0xFF, 0xFF
	db 0xFF, 0xFF, 0xFF, 0xFF, 0xFF, 0xFF, 0xFF, 0xFF
	db 0xFF, 0xFF, 0xFF, 0xFF, 0xFF, 0xFF, 0xFF, 0xFF
	db 0xFF, 0xFF, 0xFF, 0xFF, 0xFF, 0xFF, 0xFF, 0xFF
	db 0xFF, 0xFF, 0xFF, 0xFF, 0xFF, 0xFF, 0xFF, 0xFF
	db 0xFF, 0xFF, 0xFF, 0xFF, 0xFF, 0xFF, 0xFF, 0xFF
	db 0xFF, 0xFF, 0xFF, 0xFF, 0xFF, 0xFF, 0xFF, 0xFF
	db 0xFF, 0xFF, 0xFF, 0xFF, 0xFF, 0xFF, 0xFF, 0xFF
	db 0xFF, 0xFF, 0xFF, 0xFF, 0xFF, 0xFF, 0xFF, 0xFF
	db 0xFF, 0xFF, 0xFF, 0xFF, 0xFF, 0xFF, 0xFF, 0xFF
	db 0xFF, 0xFF, 0xFF, 0xFF, 0xFF, 0xFF, 0xFF, 0xFF
	db 0xFF, 0xFF, 0xFF, 0xFF, 0xFF, 0xFF, 0xFF, 0xFF
	db 0xFF, 0xFF, 0xFF, 0xFF, 0xFF, 0xFF, 0xFF, 0xFF
	db 0xFF, 0xFF, 0xFF, 0xFF, 0xFF, 0xFF, 0xFF, 0xFF
	db 0xFF, 0xFF, 0xFF, 0xFF, 0xFF, 0xFF, 0xFF, 0xFF
	db 0xFF, 0xFF, 0xFF, 0xFF, 0xFF, 0xFF, 0xFF, 0xFF
	db 0xFF, 0xFF, 0xFF, 0xFF, 0xFF, 0xFF, 0xFF, 0xFF
	db 0xFF, 0xFF, 0xFF, 0xFF, 0xFF, 0xFF, 0xFF, 0xFF
	db 0xFF, 0xFF, 0xFF, 0xFF, 0xFF, 0xFF, 0xFF, 0xFF
	db 0xFF, 0xFF, 0xFF, 0xFF, 0xFF, 0xFF, 0xFF, 0xFF
	db 0xFF, 0xFF, 0xFF, 0xFF, 0xFF, 0xFF, 0xFF, 0xFF
	db 0xFF, 0xFF, 0xFF, 0xFF, 0xFF, 0xFF, 0xFF, 0xFF
	db 0xFF, 0xFF, 0xFF, 0xFF, 0xFF, 0xFF, 0xFF, 0xFF
	db 0xFF, 0xFF, 0xFF, 0xFF, 0xFF, 0xFF, 0xFF, 0xFF
	db 0xFF, 0xFF, 0xFF, 0xFF, 0xFF, 0xFF, 0xFF, 0xFF
	db 0xFF, 0xFF, 0xFF, 0xFF, 0xFF, 0xFF, 0xFF, 0xFF
	db 0xFF, 0xFF, 0xFF, 0xFF, 0xFF, 0xFF, 0xFF, 0xFF
	db 0xFF, 0xFF, 0xFF, 0xFF, 0xFF, 0xFF, 0xFF, 0xFF
	db 0xFF, 0xFF, 0xFF, 0xFF, 0xFF, 0xFF, 0xFF, 0xFF
	db 0xFF, 0xFF, 0xFF, 0xFF, 0xFF, 0xFF, 0xFF, 0xFF
	db 0xFF, 0xFF, 0xFF, 0xFF, 0xFF, 0xFF, 0xFF, 0xFF
	db 0xFF, 0xFF, 0xFF, 0xFF, 0xFF, 0xFF, 0xFF, 0xFF
	db 0xFF, 0xFF, 0xFF, 0xFF, 0xFF, 0xFF, 0xFF, 0xFF
	db 0xFF, 0xFF, 0xFF, 0xFF, 0xFF, 0xFF, 0xFF, 0xFF
	db 0xFF, 0xFF, 0xFF, 0xFF, 0xFF, 0xFF, 0xFF, 0xFF
	db 0xFF, 0xFF, 0xFF, 0xFF, 0xFF, 0xFF, 0xFF, 0xFF
	db 0xFF, 0xFF, 0xFF, 0xFF, 0xFF, 0xFF, 0xFF, 0xFF
	db 0xFF, 0xFF, 0xFF, 0xFF, 0xFF, 0xFF, 0xFF, 0xFF
	db 0xFF, 0xFF, 0xFF, 0xFF, 0xFF, 0xFF, 0xFF, 0xFF
	db 0xFF, 0xFF, 0xFF, 0xFF, 0xFF, 0xFF, 0xFF, 0xFF
	db 0xFF, 0xFF, 0xFF, 0xFF, 0xFF, 0xFF, 0xFF, 0xFF
	db 0xFF, 0xFF, 0xFF, 0xFF, 0xFF, 0xFF, 0xFF, 0xFF
	db 0xFF, 0xFF, 0xFF, 0xFF, 0xFF, 0xFF, 0xFF, 0xFF
	db 0xFF, 0xFF, 0xFF, 0xFF, 0xFF, 0xFF, 0xFF, 0xFF
	db 0xFF, 0xFF, 0xFF, 0xFF, 0xFF, 0xFF, 0xFF, 0xFF
	db 0xFF, 0xFF, 0xFF, 0xFF, 0xFF, 0xFF, 0xFF, 0xFF
	db 0xFF, 0xFF, 0xFF, 0xFF, 0xFF, 0xFF, 0xFF, 0xFF
	db 0xFF, 0xFF, 0xFF, 0xFF, 0xFF, 0xFF, 0xFF, 0xFF
	db 0xFF, 0xFF, 0xFF, 0xFF, 0xFF, 0xFF, 0xFF, 0xFF
	db 0xFF, 0xFF, 0xFF, 0xFF, 0xFF, 0xFF, 0xFF, 0xFF
	db 0xFF, 0xFF, 0xFF, 0xFF, 0xFF, 0xFF, 0xFF, 0xFF
	db 0xFF, 0xFF, 0xFF, 0xFF, 0xFF, 0xFF, 0xFF, 0xFF
	db 0xFF, 0xFF, 0xFF, 0xFF, 0xFF, 0xFF, 0xFF, 0xFF
	db 0xFF, 0xFF, 0xFF, 0xFF, 0xFF, 0xFF, 0xFF, 0xFF
	db 0xFF, 0xFF, 0xFF, 0xFF, 0xFF, 0xFF, 0xFF, 0xFF
	db 0xFF, 0xFF, 0xFF, 0xFF, 0xFF, 0xFF, 0xFF, 0xFF
	db 0xFF, 0xFF, 0xFF, 0xFF, 0xFF, 0xFF, 0xFF, 0xFF
	db 0xFF, 0xFF, 0xFF, 0xFF, 0xFF, 0xFF, 0xFF, 0xFF
	db 0xFF, 0xFF, 0xFF, 0xFF, 0xFF, 0xFF, 0xFF, 0xFF
	db 0xFF, 0xFF, 0xFF, 0xFF, 0xFF, 0xFF, 0xFF, 0xFF
	db 0xFF, 0xFF, 0xFF, 0xFF, 0xFF, 0xFF, 0xFF, 0xFF
	db 0xFF, 0xFF, 0xFF, 0xFF, 0xFF, 0xFF, 0xFF, 0xFF
	db 0xFF, 0xFF, 0xFF, 0xFF, 0xFF, 0xFF, 0xFF, 0xFF
	db 0xFF, 0xFF, 0xFF, 0xFF, 0xFF, 0xFF, 0xFF, 0xFF
	db 0xFF, 0xFF, 0xFF, 0xFF, 0xFF, 0xFF, 0xFF, 0xFF
	db 0xFF, 0xFF, 0xFF, 0xFF, 0xFF, 0xFF, 0xFF, 0xFF
	db 0xFF, 0xFF, 0xFF, 0xFF, 0xFF, 0xFF, 0xFF, 0xFF
	db 0xFF, 0xFF, 0xFF, 0xFF, 0xFF, 0xFF, 0xFF, 0xFF
	db 0xFF, 0xFF, 0xFF, 0xFF, 0xFF, 0xFF, 0xFF, 0xFF
	db 0xFF, 0xFF, 0xFF, 0xFF, 0xFF, 0xFF, 0xFF, 0xFF
	db 0xFF, 0xFF, 0xFF, 0xFF, 0xFF, 0xFF, 0xFF, 0xFF
	db 0xFF, 0xFF, 0xFF, 0xFF, 0xFF, 0xFF, 0xFF, 0xFF
	db 0xFF, 0xFF, 0xFF, 0xFF, 0xFF
