LABEL_3A68:
	or [0x04], 0x4000	;@raw=0x15,0x04,0x40,0x00
	play id=0x005D, freq=0x14, vol=0x40, channel=0x00	;@raw=0x18,0x00,0x5D,0x14,0x40,0x00
	deleteChannels first=0x14, last=0x16	;@raw=0x0C,0x14,0x16,0x02
	setup channel=0x3F, address=LABEL_009E	;@raw=0x08,0x3F,0x00,0x9E
	mov [0x13], 0xFFFF	;@raw=0x00,0x13,0xFF,0xFF
	mov [0xF8], [0x04]	;@raw=0x01,0xF8,0x04
	and [0xF8], 0x00FF	;@raw=0x14,0xF8,0x00,0xFF
	jl [0xF8], 0x20, LABEL_3A9E	;@raw=0x0A,0x04,0xF8,0x20,0x3A,0x9E
	sub [0xF8], 0x0020	;@raw=0x03,0xF8,0xFF,0xE0
	setup channel=0x14, address=LABEL_0F9B	;@raw=0x08,0x14,0x0F,0x9B
	jl [0xF8], 0x10, SHARED_RET	;@raw=0x0A,0x04,0xF8,0x10,0x53,0x3A
	setup channel=0x14, address=LABEL_0FB6	;@raw=0x08,0x14,0x0F,0xB6
	ret	;@raw=0x05

LABEL_3A9E:
	setup channel=0x14, address=LABEL_0ED0	;@raw=0x08,0x14,0x0E,0xD0
	jl [0xF8], 0x10, SHARED_RET	;@raw=0x0A,0x04,0xF8,0x10,0x53,0x3A
	setup channel=0x14, address=LABEL_0EF7	;@raw=0x08,0x14,0x0E,0xF7
	ret	;@raw=0x05

LABEL_3AAD:
	call LABEL_3B2C	;@raw=0x04,0x3B,0x2C
	mov [0xF8], [0x2B]	;@raw=0x01,0xF8,0x2B
	and [0xF8], 0x0800	;@raw=0x14,0xF8,0x08,0x00
	jne [0xF8], 0x00, LABEL_3B20	;@raw=0x0A,0x01,0xF8,0x00,0x3B,0x20
	play id=0x005D, freq=0x14, vol=0x40, channel=0x01	;@raw=0x18,0x00,0x5D,0x14,0x40,0x01
	mov [0xF8], [0x2B]	;@raw=0x01,0xF8,0x2B
	and [0xF8], 0x1000	;@raw=0x14,0xF8,0x10,0x00
	jne [0x1D], 0x28, LABEL_3AEC	;@raw=0x0A,0x01,0x1D,0x28,0x3A,0xEC
	setup channel=0x23, address=LABEL_10B5	;@raw=0x08,0x23,0x10,0xB5
	je [0xF8], 0x00, LABEL_3B14	;@raw=0x0A,0x00,0xF8,0x00,0x3B,0x14
	setup channel=0x23, address=LABEL_1111	;@raw=0x08,0x23,0x11,0x11
	jne [0x6C], 0x04, LABEL_3AEC	;@raw=0x0A,0x01,0x6C,0x04,0x3A,0xEC
	selectVideoPage 0x00	;@raw=0x0D,0x00
	video type=1, offset=CINEMATIC_379, x=160, y=100	;@raw=0xE1,0xED,0xA0,0x64
	selectVideoPage 0xFF	;@raw=0x0D,0xFF

LABEL_3AEC:
	jne [0x1D], 0x29, LABEL_3B00	;@raw=0x0A,0x01,0x1D,0x29,0x3B,0x00
	setup channel=0x25, address=LABEL_10B5	;@raw=0x08,0x25,0x10,0xB5
	je [0xF8], 0x00, LABEL_3B14	;@raw=0x0A,0x00,0xF8,0x00,0x3B,0x14
	setup channel=0x25, address=LABEL_1111	;@raw=0x08,0x25,0x11,0x11

LABEL_3B00:
	jne [0x1D], 0x2A, LABEL_3B14	;@raw=0x0A,0x01,0x1D,0x2A,0x3B,0x14
	setup channel=0x27, address=LABEL_10B5	;@raw=0x08,0x27,0x10,0xB5
	je [0xF8], 0x00, LABEL_3B14	;@raw=0x0A,0x00,0xF8,0x00,0x3B,0x14
	setup channel=0x27, address=LABEL_1111	;@raw=0x08,0x27,0x11,0x11

LABEL_3B14:
	or [0x2B], 0x0800	;@raw=0x15,0x2B,0x08,0x00
	call LABEL_3B4B	;@raw=0x04,0x3B,0x4B
	mov [0x13], 0xFFFF	;@raw=0x00,0x13,0xFF,0xFF
	ret	;@raw=0x05

LABEL_3B20:
	or [0x2B], 0x4000	;@raw=0x15,0x2B,0x40,0x00
	call LABEL_3B4B	;@raw=0x04,0x3B,0x4B
	mov [0x13], 0xFFFF	;@raw=0x00,0x13,0xFF,0xFF
	ret	;@raw=0x05

LABEL_3B2C:
	jne [0x1D], 0x28, LABEL_3B36	;@raw=0x0A,0x01,0x1D,0x28,0x3B,0x36
	mov [0x2B], [0x6B]	;@raw=0x01,0x2B,0x6B
	ret	;@raw=0x05

LABEL_3B36:
	jne [0x1D], 0x29, LABEL_3B40	;@raw=0x0A,0x01,0x1D,0x29,0x3B,0x40
	mov [0x2B], [0x73]	;@raw=0x01,0x2B,0x73
	ret	;@raw=0x05

LABEL_3B40:
	jne [0x1D], 0x2A, LABEL_3B49	;@raw=0x0A,0x01,0x1D,0x2A,0x3B,0x49
	mov [0x2B], [0x7B]	;@raw=0x01,0x2B,0x7B

LABEL_3B49:
	ret	;@raw=0x05
LABEL_3B4A:
	db 0x11

LABEL_3B4B:
	jne [0x1D], 0x28, LABEL_3B55	;@raw=0x0A,0x01,0x1D,0x28,0x3B,0x55
	mov [0x6B], [0x2B]	;@raw=0x01,0x6B,0x2B
	ret	;@raw=0x05

LABEL_3B55:
	jne [0x1D], 0x29, LABEL_3B5F	;@raw=0x0A,0x01,0x1D,0x29,0x3B,0x5F
	mov [0x73], [0x2B]	;@raw=0x01,0x73,0x2B
	ret	;@raw=0x05

LABEL_3B5F:
	jne [0x1D], 0x2A, LABEL_3B68	;@raw=0x0A,0x01,0x1D,0x2A,0x3B,0x68
	mov [0x7B], [0x2B]	;@raw=0x01,0x7B,0x2B

LABEL_3B68:
	ret	;@raw=0x05
	killChannel	;@raw=0x11

DRAW_CIN_694_695_PROGRESSIVE:
	video type=1, offset=CINEMATIC_694, x=[0x01], y=[0x02], zoom=0x40	;@raw=0x54,0x33,0x30,0x01,0x02
	add [0x01], 0x0001	;@raw=0x03,0x01,0x00,0x01
	break	;@raw=0x06
	video type=1, offset=CINEMATIC_695, x=[0x01], y=[0x02], zoom=0x40	;@raw=0x54,0x32,0xF2,0x01,0x02
	add [0x01], 0x0004	;@raw=0x03,0x01,0x00,0x04
	break	;@raw=0x06
	video type=1, offset=CINEMATIC_695, x=[0x01], y=[0x02], zoom=0x40	;@raw=0x54,0x32,0xF2,0x01,0x02
	add [0x01], 0x0003	;@raw=0x03,0x01,0x00,0x03
	break	;@raw=0x06
	video type=1, offset=CINEMATIC_696, x=[0x01], y=[0x02], zoom=0x40	;@raw=0x54,0x32,0xB2,0x01,0x02
	add [0x01], 0x0002	;@raw=0x03,0x01,0x00,0x02
	break	;@raw=0x06
	video type=1, offset=CINEMATIC_696, x=[0x01], y=[0x02], zoom=0x40	;@raw=0x54,0x32,0xB2,0x01,0x02
	add [0x01], 0x0001	;@raw=0x03,0x01,0x00,0x01
	break	;@raw=0x06
	video type=1, offset=CINEMATIC_695, x=[0x01], y=[0x02], zoom=0x40	;@raw=0x54,0x32,0xF2,0x01,0x02
	add [0x01], 0x0001	;@raw=0x03,0x01,0x00,0x01
	mov [0x03], 0x0028	;@raw=0x00,0x03,0x00,0x28

LABEL_3BA9:
	break	;@raw=0x06
	video type=1, offset=CINEMATIC_422, x=[0x01], y=[0x02], zoom=0x40	;@raw=0x54,0x32,0x72,0x01,0x02
	jmp LABEL_3BA9	;@raw=0x07,0x3B,0xA9
LABEL_3BB2:
	db 0x11

LABEL_3BB3:
	mov [0x21], [0x22]	;@raw=0x01,0x21,0x22
	mov [0x13], 0x0001	;@raw=0x00,0x13,0x00,0x01
	call LABEL_3A0D	;@raw=0x04,0x3A,0x0D
	jne [0x13], 0xFFFF, LABEL_3BC5	;@raw=0x0A,0x41,0x13,0xFF,0xFF,0x3B,0xC5
	ret	;@raw=0x05

LABEL_3BC5:
	and [0x13], 0x7FFF	;@raw=0x14,0x13,0x7F,0xFF
	mov [0x0E], 0x0000	;@raw=0x00,0x0E,0x00,0x00
	call LABEL_3C15	;@raw=0x04,0x3C,0x15
	add [0x13], 0x0001	;@raw=0x03,0x13,0x00,0x01
	or [0x13], 0x8000	;@raw=0x15,0x13,0x80,0x00
	je [0x0E], 0x00, SHARED_RET	;@raw=0x0A,0x00,0x0E,0x00,0x53,0x3A
	or [0x27], 0x4000	;@raw=0x15,0x27,0x40,0x00
	ret	;@raw=0x05
LABEL_3BE3:
	db 0x11

LABEL_3BE4:
	mov [0x21], [0x22]	;@raw=0x01,0x21,0x22
	mov [0x13], 0x0001	;@raw=0x00,0x13,0x00,0x01
	call LABEL_3A0D	;@raw=0x04,0x3A,0x0D
	jne [0x13], 0xFFFF, LABEL_3BF7	;@raw=0x0A,0x41,0x13,0xFF,0xFF,0x3B,0xF7
	ret	;@raw=0x05
LABEL_3BF6:
	db 0x11

LABEL_3BF7:
	and [0x13], 0x7FFF	;@raw=0x14,0x13,0x7F,0xFF
	mov [0x0E], 0x0001	;@raw=0x00,0x0E,0x00,0x01
	call LABEL_3D72	;@raw=0x04,0x3D,0x72
	add [0x13], 0x0001	;@raw=0x03,0x13,0x00,0x01
	or [0x13], 0x8000	;@raw=0x15,0x13,0x80,0x00
	je [0x0E], 0x00, SHARED_RET	;@raw=0x0A,0x00,0x0E,0x00,0x53,0x3A
	or [0x27], 0x4000	;@raw=0x15,0x27,0x40,0x00
	ret	;@raw=0x05

LABEL_3C15:
	jge [0x13], 0x64, LABEL_3C61	;@raw=0x0A,0x03,0x13,0x64,0x3C,0x61
	jle [0x13], 0x03, LABEL_3C43	;@raw=0x0A,0x05,0x13,0x03,0x3C,0x43
	jle [0x13], 0x05, LABEL_3C31	;@raw=0x0A,0x05,0x13,0x05,0x3C,0x31
	video type=1, offset=CINEMATIC_488, x=[0x21], y=[0x27], zoom=0x40	;@raw=0x54,0x39,0xB7,0x21,0x27
	mov [0x13], 0xFFFE	;@raw=0x00,0x13,0xFF,0xFE
	ret	;@raw=0x05

LABEL_3C31:
	jle [0x13], 0x04, DRAW_CIN_486	;@raw=0x0A,0x05,0x13,0x04,0x3C,0x3D
	video type=1, offset=CINEMATIC_487, x=[0x21], y=[0x27], zoom=0x40	;@raw=0x54,0x39,0xAD,0x21,0x27
	ret	;@raw=0x05

DRAW_CIN_486:
	video type=1, offset=CINEMATIC_486, x=[0x21], y=[0x27], zoom=0x40	;@raw=0x54,0x39,0x9F,0x21,0x27
	ret	;@raw=0x05

LABEL_3C43:
	jle [0x13], 0x02, LABEL_3C4F	;@raw=0x0A,0x05,0x13,0x02,0x3C,0x4F
	video type=1, offset=CINEMATIC_485, x=[0x21], y=[0x27], zoom=0x40	;@raw=0x54,0x39,0x8F,0x21,0x27
	ret	;@raw=0x05

LABEL_3C4F:
	jle [0x13], 0x01, DRAW_CIN_483	;@raw=0x0A,0x05,0x13,0x01,0x3C,0x5B
	video type=1, offset=CINEMATIC_484, x=[0x21], y=[0x27], zoom=0x40	;@raw=0x54,0x39,0x81,0x21,0x27
	ret	;@raw=0x05

DRAW_CIN_483:
	video type=1, offset=CINEMATIC_483, x=[0x21], y=[0x27], zoom=0x40	;@raw=0x54,0x39,0x73,0x21,0x27
	ret	;@raw=0x05

LABEL_3C61:
	jge [0x13], 0xC8, LABEL_3D70	;@raw=0x0A,0x03,0x13,0xC8,0x3D,0x70
	je [0x13], 0x64, LABEL_3F07	;@raw=0x0A,0x00,0x13,0x64,0x3F,0x07
	je [0x13], 0x65, LABEL_3F27	;@raw=0x0A,0x00,0x13,0x65,0x3F,0x27
	jge [0x13], 0x81, LABEL_3CFE	;@raw=0x0A,0x03,0x13,0x81,0x3C,0xFE
	jne [0x13], 0x6E, LABEL_3C94	;@raw=0x0A,0x01,0x13,0x6E,0x3C,0x94
	play id=0x0056, freq=0x14, vol=0x40, channel=0x00	;@raw=0x18,0x00,0x56,0x14,0x40,0x00
	selectVideoPage 0x00	;@raw=0x0D,0x00
	video type=1, offset=CINEMATIC_452, x=[0x21], y=[0x27], zoom=0x40	;@raw=0x54,0x39,0xE3,0x21,0x27
	selectVideoPage 0xFF	;@raw=0x0D,0xFF
	video type=1, offset=CINEMATIC_482, x=[0x21], y=[0x27], zoom=0x40	;@raw=0x54,0x39,0xCF,0x21,0x27
	ret	;@raw=0x05

LABEL_3C94:
	jne [0x13], 0x6F, LABEL_3CA0	;@raw=0x0A,0x01,0x13,0x6F,0x3C,0xA0
	video type=1, offset=CINEMATIC_481, x=[0x21], y=[0x27], zoom=0x40	;@raw=0x54,0x3A,0x0C,0x21,0x27
	ret	;@raw=0x05

LABEL_3CA0:
	jne [0x13], 0x70, LABEL_3CAC	;@raw=0x0A,0x01,0x13,0x70,0x3C,0xAC
	video type=1, offset=CINEMATIC_480, x=[0x21], y=[0x27], zoom=0x40	;@raw=0x54,0x3A,0x3D,0x21,0x27
	ret	;@raw=0x05

LABEL_3CAC:
	jne [0x13], 0x71, LABEL_3CB8	;@raw=0x0A,0x01,0x13,0x71,0x3C,0xB8
	video type=1, offset=CINEMATIC_479, x=[0x21], y=[0x27], zoom=0x40	;@raw=0x54,0x3A,0x77,0x21,0x27
	ret	;@raw=0x05

LABEL_3CB8:
	jne [0x13], 0x72, LABEL_3CC4	;@raw=0x0A,0x01,0x13,0x72,0x3C,0xC4
	video type=1, offset=CINEMATIC_478, x=[0x21], y=[0x27], zoom=0x40	;@raw=0x54,0x3A,0x9F,0x21,0x27
	ret	;@raw=0x05

LABEL_3CC4:
	jne [0x13], 0x73, LABEL_3CD0	;@raw=0x0A,0x01,0x13,0x73,0x3C,0xD0
	video type=1, offset=CINEMATIC_477, x=[0x21], y=[0x27], zoom=0x40	;@raw=0x54,0x3A,0xC7,0x21,0x27
	ret	;@raw=0x05

LABEL_3CD0:
	jne [0x13], 0x74, LABEL_3CDC	;@raw=0x0A,0x01,0x13,0x74,0x3C,0xDC
	video type=1, offset=CINEMATIC_476, x=[0x21], y=[0x27], zoom=0x40	;@raw=0x54,0x3A,0xF2,0x21,0x27
	ret	;@raw=0x05

LABEL_3CDC:
	jne [0x13], 0x75, LABEL_3CE8	;@raw=0x0A,0x01,0x13,0x75,0x3C,0xE8
	video type=1, offset=CINEMATIC_475, x=[0x21], y=[0x27], zoom=0x40	;@raw=0x54,0x3B,0x28,0x21,0x27
	ret	;@raw=0x05

LABEL_3CE8:
	jne [0x13], 0x76, LABEL_3CF4	;@raw=0x0A,0x01,0x13,0x76,0x3C,0xF4
	video type=1, offset=CINEMATIC_474, x=[0x21], y=[0x27], zoom=0x40	;@raw=0x54,0x3B,0x4B,0x21,0x27
	ret	;@raw=0x05

LABEL_3CF4:
	video type=1, offset=CINEMATIC_473, x=[0x21], y=[0x27], zoom=0x40	;@raw=0x54,0x3B,0x5B,0x21,0x27
	mov [0x13], 0xFFFE	;@raw=0x00,0x13,0xFF,0xFE
	ret	;@raw=0x05

LABEL_3CFE:
	jne [0x13], 0x81, LABEL_3D10	;@raw=0x0A,0x01,0x13,0x81,0x3D,0x10
	play id=0x005A, freq=0x14, vol=0x40, channel=0x01	;@raw=0x18,0x00,0x5A,0x14,0x40,0x01
	video type=1, offset=CINEMATIC_472, x=[0x21], y=[0x27], zoom=0x40	;@raw=0x54,0x3C,0x1E,0x21,0x27
	ret	;@raw=0x05

LABEL_3D10:
	jne [0x13], 0x82, LABEL_3D1C	;@raw=0x0A,0x01,0x13,0x82,0x3D,0x1C
	video type=1, offset=CINEMATIC_471, x=[0x21], y=[0x27], zoom=0x40	;@raw=0x54,0x40,0x0B,0x21,0x27
	ret	;@raw=0x05

LABEL_3D1C:
	jne [0x13], 0x83, LABEL_3D28	;@raw=0x0A,0x01,0x13,0x83,0x3D,0x28
	video type=1, offset=CINEMATIC_470, x=[0x21], y=[0x27], zoom=0x40	;@raw=0x54,0x3B,0xC6,0x21,0x27
	ret	;@raw=0x05

LABEL_3D28:
	jne [0x13], 0x84, LABEL_3D34	;@raw=0x0A,0x01,0x13,0x84,0x3D,0x34
	video type=1, offset=CINEMATIC_469, x=[0x21], y=[0x27], zoom=0x40	;@raw=0x54,0x3B,0xD8,0x21,0x27
	ret	;@raw=0x05

LABEL_3D34:
	jne [0x13], 0x85, LABEL_3D40	;@raw=0x0A,0x01,0x13,0x85,0x3D,0x40
	video type=1, offset=CINEMATIC_468, x=[0x21], y=[0x27], zoom=0x40	;@raw=0x54,0x3B,0xEC,0x21,0x27
	ret	;@raw=0x05

LABEL_3D40:
	jne [0x13], 0x86, LABEL_3D4C	;@raw=0x0A,0x01,0x13,0x86,0x3D,0x4C
	video type=1, offset=CINEMATIC_467, x=[0x21], y=[0x27], zoom=0x40	;@raw=0x54,0x3B,0xFA,0x21,0x27
	ret	;@raw=0x05

LABEL_3D4C:
	jne [0x13], 0x87, LABEL_3D58	;@raw=0x0A,0x01,0x13,0x87,0x3D,0x58
	video type=1, offset=CINEMATIC_466, x=[0x21], y=[0x27], zoom=0x40	;@raw=0x54,0x3C,0x08,0x21,0x27
	ret	;@raw=0x05

LABEL_3D58:
	jne [0x13], 0x88, LABEL_3D64	;@raw=0x0A,0x01,0x13,0x88,0x3D,0x64
	video type=1, offset=CINEMATIC_465, x=[0x21], y=[0x27], zoom=0x40	;@raw=0x54,0x3C,0x14,0x21,0x27
	ret	;@raw=0x05

LABEL_3D64:
	jne [0x13], 0x89, LABEL_3D70	;@raw=0x0A,0x01,0x13,0x89,0x3D,0x70
	video type=1, offset=CINEMATIC_464, x=[0x21], y=[0x27], zoom=0x40	;@raw=0x54,0x3F,0xD6,0x21,0x27
	ret	;@raw=0x05

LABEL_3D70:
	ret	;@raw=0x05
LABEL_3D71:
	db 0x11

LABEL_3D72:
	jge [0x13], 0x64, LABEL_3DBE	;@raw=0x0A,0x03,0x13,0x64,0x3D,0xBE
	jle [0x13], 0x03, LABEL_3DA0	;@raw=0x0A,0x05,0x13,0x03,0x3D,0xA0
	jle [0x13], 0x05, LABEL_3D8E	;@raw=0x0A,0x05,0x13,0x05,0x3D,0x8E
	video type=1, offset=CINEMATIC_504, x=[0x21], y=[0x27], zoom=0x40	;@raw=0x54,0x38,0xBD,0x21,0x27
	mov [0x13], 0xFFFE	;@raw=0x00,0x13,0xFF,0xFE
	ret	;@raw=0x05

LABEL_3D8E:
	jle [0x13], 0x04, DRAW_CIN_502	;@raw=0x0A,0x05,0x13,0x04,0x3D,0x9A
	video type=1, offset=CINEMATIC_503, x=[0x21], y=[0x27], zoom=0x40	;@raw=0x54,0x38,0xB3,0x21,0x27
	ret	;@raw=0x05

DRAW_CIN_502:
	video type=1, offset=CINEMATIC_502, x=[0x21], y=[0x27], zoom=0x40	;@raw=0x54,0x38,0xA5,0x21,0x27
	ret	;@raw=0x05

LABEL_3DA0:
	jle [0x13], 0x02, LABEL_3DAC	;@raw=0x0A,0x05,0x13,0x02,0x3D,0xAC
	video type=1, offset=CINEMATIC_501, x=[0x21], y=[0x27], zoom=0x40	;@raw=0x54,0x38,0x95,0x21,0x27
	ret	;@raw=0x05

LABEL_3DAC:
	jle [0x13], 0x01, DRAW_CIN_499	;@raw=0x0A,0x05,0x13,0x01,0x3D,0xB8
	video type=1, offset=CINEMATIC_500, x=[0x21], y=[0x27], zoom=0x40	;@raw=0x54,0x38,0x87,0x21,0x27
	ret	;@raw=0x05

DRAW_CIN_499:
	video type=1, offset=CINEMATIC_499, x=[0x21], y=[0x27], zoom=0x40	;@raw=0x54,0x38,0x6D,0x21,0x27
	ret	;@raw=0x05

LABEL_3DBE:
	jge [0x13], 0xC8, LABEL_3ECD	;@raw=0x0A,0x03,0x13,0xC8,0x3E,0xCD
	je [0x13], 0x64, LABEL_3ECF	;@raw=0x0A,0x00,0x13,0x64,0x3E,0xCF
	je [0x13], 0x65, LABEL_3EEF	;@raw=0x0A,0x00,0x13,0x65,0x3E,0xEF
	jge [0x13], 0x81, LABEL_3E5B	;@raw=0x0A,0x03,0x13,0x81,0x3E,0x5B
	jne [0x13], 0x6E, LABEL_3DF1	;@raw=0x0A,0x01,0x13,0x6E,0x3D,0xF1
	play id=0x0056, freq=0x14, vol=0x40, channel=0x00	;@raw=0x18,0x00,0x56,0x14,0x40,0x00
	selectVideoPage 0x00	;@raw=0x0D,0x00
	video type=1, offset=CINEMATIC_452, x=[0x21], y=[0x27], zoom=0x40	;@raw=0x54,0x39,0xE3,0x21,0x27
	selectVideoPage 0xFF	;@raw=0x0D,0xFF
	video type=1, offset=CINEMATIC_498, x=[0x21], y=[0x27], zoom=0x40	;@raw=0x54,0x5A,0x18,0x21,0x27
	ret	;@raw=0x05

LABEL_3DF1:
	jne [0x13], 0x6F, LABEL_3DFD	;@raw=0x0A,0x01,0x13,0x6F,0x3D,0xFD
	video type=1, offset=CINEMATIC_497, x=[0x21], y=[0x27], zoom=0x40	;@raw=0x54,0x5A,0x3E,0x21,0x27
	ret	;@raw=0x05

LABEL_3DFD:
	jne [0x13], 0x70, LABEL_3E09	;@raw=0x0A,0x01,0x13,0x70,0x3E,0x09
	video type=1, offset=CINEMATIC_496, x=[0x21], y=[0x27], zoom=0x40	;@raw=0x54,0x5A,0x51,0x21,0x27
	ret	;@raw=0x05

LABEL_3E09:
	jne [0x13], 0x71, LABEL_3E15	;@raw=0x0A,0x01,0x13,0x71,0x3E,0x15
	video type=1, offset=CINEMATIC_495, x=[0x21], y=[0x27], zoom=0x40	;@raw=0x54,0x5A,0x79,0x21,0x27
	ret	;@raw=0x05

LABEL_3E15:
	jne [0x13], 0x72, LABEL_3E21	;@raw=0x0A,0x01,0x13,0x72,0x3E,0x21
	video type=1, offset=CINEMATIC_494, x=[0x21], y=[0x27], zoom=0x40	;@raw=0x54,0x5A,0xA1,0x21,0x27
	ret	;@raw=0x05

LABEL_3E21:
	jne [0x13], 0x73, LABEL_3E2D	;@raw=0x0A,0x01,0x13,0x73,0x3E,0x2D
	video type=1, offset=CINEMATIC_493, x=[0x21], y=[0x27], zoom=0x40	;@raw=0x54,0x5A,0xC9,0x21,0x27
	ret	;@raw=0x05

LABEL_3E2D:
	jne [0x13], 0x74, LABEL_3E39	;@raw=0x0A,0x01,0x13,0x74,0x3E,0x39
	video type=1, offset=CINEMATIC_492, x=[0x21], y=[0x27], zoom=0x40	;@raw=0x54,0x5A,0xF4,0x21,0x27
	ret	;@raw=0x05

LABEL_3E39:
	jne [0x13], 0x75, LABEL_3E45	;@raw=0x0A,0x01,0x13,0x75,0x3E,0x45
	video type=1, offset=CINEMATIC_491, x=[0x21], y=[0x27], zoom=0x40	;@raw=0x54,0x5B,0x2A,0x21,0x27
	ret	;@raw=0x05

LABEL_3E45:
	jne [0x13], 0x76, LABEL_3E51	;@raw=0x0A,0x01,0x13,0x76,0x3E,0x51
	video type=1, offset=CINEMATIC_490, x=[0x21], y=[0x27], zoom=0x40	;@raw=0x54,0x5B,0x4D,0x21,0x27
	ret	;@raw=0x05

LABEL_3E51:
	video type=1, offset=CINEMATIC_489, x=[0x21], y=[0x27], zoom=0x40	;@raw=0x54,0x5B,0x5D,0x21,0x27
	mov [0x13], 0xFFFE	;@raw=0x00,0x13,0xFF,0xFE
	ret	;@raw=0x05

LABEL_3E5B:
	jne [0x13], 0x81, LABEL_3E6D	;@raw=0x0A,0x01,0x13,0x81,0x3E,0x6D
	play id=0x005A, freq=0x14, vol=0x40, channel=0x01	;@raw=0x18,0x00,0x5A,0x14,0x40,0x01
	video type=1, offset=CINEMATIC_472, x=[0x21], y=[0x27], zoom=0x40	;@raw=0x54,0x3C,0x1E,0x21,0x27
	ret	;@raw=0x05

LABEL_3E6D:
	jne [0x13], 0x82, LABEL_3E79	;@raw=0x0A,0x01,0x13,0x82,0x3E,0x79
	video type=1, offset=CINEMATIC_471, x=[0x21], y=[0x27], zoom=0x40	;@raw=0x54,0x40,0x0B,0x21,0x27
	ret	;@raw=0x05

LABEL_3E79:
	jne [0x13], 0x83, LABEL_3E85	;@raw=0x0A,0x01,0x13,0x83,0x3E,0x85
	video type=1, offset=CINEMATIC_470, x=[0x21], y=[0x27], zoom=0x40	;@raw=0x54,0x3B,0xC6,0x21,0x27
	ret	;@raw=0x05

LABEL_3E85:
	jne [0x13], 0x84, LABEL_3E91	;@raw=0x0A,0x01,0x13,0x84,0x3E,0x91
	video type=1, offset=CINEMATIC_469, x=[0x21], y=[0x27], zoom=0x40	;@raw=0x54,0x3B,0xD8,0x21,0x27
	ret	;@raw=0x05

LABEL_3E91:
	jne [0x13], 0x85, LABEL_3E9D	;@raw=0x0A,0x01,0x13,0x85,0x3E,0x9D
	video type=1, offset=CINEMATIC_468, x=[0x21], y=[0x27], zoom=0x40	;@raw=0x54,0x3B,0xEC,0x21,0x27
	ret	;@raw=0x05

LABEL_3E9D:
	jne [0x13], 0x86, LABEL_3EA9	;@raw=0x0A,0x01,0x13,0x86,0x3E,0xA9
	video type=1, offset=CINEMATIC_467, x=[0x21], y=[0x27], zoom=0x40	;@raw=0x54,0x3B,0xFA,0x21,0x27
	ret	;@raw=0x05

LABEL_3EA9:
	jne [0x13], 0x87, LABEL_3EB5	;@raw=0x0A,0x01,0x13,0x87,0x3E,0xB5
	video type=1, offset=CINEMATIC_466, x=[0x21], y=[0x27], zoom=0x40	;@raw=0x54,0x3C,0x08,0x21,0x27
	ret	;@raw=0x05

LABEL_3EB5:
	jne [0x13], 0x88, LABEL_3EC1	;@raw=0x0A,0x01,0x13,0x88,0x3E,0xC1
	video type=1, offset=CINEMATIC_465, x=[0x21], y=[0x27], zoom=0x40	;@raw=0x54,0x3C,0x14,0x21,0x27
	ret	;@raw=0x05

LABEL_3EC1:
	jne [0x13], 0x89, LABEL_3ECD	;@raw=0x0A,0x01,0x13,0x89,0x3E,0xCD
	video type=1, offset=CINEMATIC_464, x=[0x21], y=[0x27], zoom=0x40	;@raw=0x54,0x3F,0xD6,0x21,0x27
	ret	;@raw=0x05

LABEL_3ECD:
	ret	;@raw=0x05
LABEL_3ECE:
	db 0x11

LABEL_3ECF:
	mov [0x22], [0x21]	;@raw=0x01,0x22,0x21
	sub [0x22], 0x0064	;@raw=0x03,0x22,0xFF,0x9C
	mov [0x09], [0x22]	;@raw=0x01,0x09,0x22
	call LABEL_468E	;@raw=0x04,0x46,0x8E
	call LABEL_401D	;@raw=0x04,0x40,0x1D
	mov [0x2C], 0x0001	;@raw=0x00,0x2C,0x00,0x01
	jne [0x1D], 0x00, LABEL_3F3F	;@raw=0x0A,0x01,0x1D,0x00,0x3F,0x3F
	video type=1, offset=CINEMATIC_463, x=[0x22], y=[0x27], zoom=0x40	;@raw=0x54,0x38,0x2F,0x22,0x27
	ret	;@raw=0x05

LABEL_3EEF:
	mov [0x22], [0x21]	;@raw=0x01,0x22,0x21
	sub [0x22], 0x0140	;@raw=0x03,0x22,0xFE,0xC0
	mov [0x09], [0x22]	;@raw=0x01,0x09,0x22
	call LABEL_468E	;@raw=0x04,0x46,0x8E
	call LABEL_401D	;@raw=0x04,0x40,0x1D
	mov [0x2C], 0x0001	;@raw=0x00,0x2C,0x00,0x01
	jmp LABEL_3F3F	;@raw=0x07,0x3F,0x3F
LABEL_3F06:
	db 0x11

LABEL_3F07:
	mov [0x22], [0x21]	;@raw=0x01,0x22,0x21
	add [0x22], 0x0064	;@raw=0x03,0x22,0x00,0x64
	mov [0x09], [0x22]	;@raw=0x01,0x09,0x22
	call LABEL_468E	;@raw=0x04,0x46,0x8E
	call LABEL_401D	;@raw=0x04,0x40,0x1D
	mov [0x2C], 0x0000	;@raw=0x00,0x2C,0x00,0x00
	jne [0x1D], 0x00, LABEL_3F3F	;@raw=0x0A,0x01,0x1D,0x00,0x3F,0x3F
	video type=1, offset=CINEMATIC_463, x=[0x22], y=[0x27], zoom=0x40	;@raw=0x54,0x38,0x2F,0x22,0x27
	ret	;@raw=0x05

LABEL_3F27:
	mov [0x22], [0x21]	;@raw=0x01,0x22,0x21
	add [0x22], 0x0140	;@raw=0x03,0x22,0x01,0x40
	mov [0x09], [0x22]	;@raw=0x01,0x09,0x22
	call LABEL_468E	;@raw=0x04,0x46,0x8E
	call LABEL_401D	;@raw=0x04,0x40,0x1D
	mov [0x2C], 0x0000	;@raw=0x00,0x2C,0x00,0x00
	jmp LABEL_3F3F	;@raw=0x07,0x3F,0x3F
LABEL_3F3E:
	db 0x11

LABEL_3F3F:
	mov [0x13], 0x0080	;@raw=0x00,0x13,0x00,0x80
	mov [0x21], [0x22]	;@raw=0x01,0x21,0x22
	jl [0x1D], 0x0A, CALL_LABEL_407D_AND_RET	;@raw=0x0A,0x04,0x1D,0x0A,0x3F,0x5E
	jl [0x1D], 0x14, LABEL_3F9D	;@raw=0x0A,0x04,0x1D,0x14,0x3F,0x9D
	jl [0x1D], 0x1E, LABEL_3F73	;@raw=0x0A,0x04,0x1D,0x1E,0x3F,0x73
	jge [0x1D], 0x28, LABEL_3F62	;@raw=0x0A,0x03,0x1D,0x28,0x3F,0x62

CALL_LABEL_407D_AND_RET:
	call LABEL_407D	;@raw=0x04,0x40,0x7D
	ret	;@raw=0x05

LABEL_3F62:
	call LABEL_3AAD	;@raw=0x04,0x3A,0xAD
	mov [0x13], 0xFFFE	;@raw=0x00,0x13,0xFF,0xFE
	je [0x2C], 0x01, LABEL_3EEF	;@raw=0x0A,0x00,0x2C,0x01,0x3E,0xEF
	jmp LABEL_3F27	;@raw=0x07,0x3F,0x27
LABEL_3F72:
	db 0x05

LABEL_3F73:
	call LABEL_407D	;@raw=0x04,0x40,0x7D
	call LABEL_408C	;@raw=0x04,0x40,0x8C
	mov [0x11], 0xFFFF	;@raw=0x00,0x11,0xFF,0xFF
	call LABEL_40B9	;@raw=0x04,0x40,0xB9
	ret	;@raw=0x05
LABEL_3F81:
	db 0x11

LABEL_3F82:
	and [0xF8], 0x0080	;@raw=0x14,0xF8,0x00,0x80
	jne [0xF8], 0x00, LABEL_3FD7	;@raw=0x0A,0x01,0xF8,0x00,0x3F,0xD7
	mov [0xF8], [0x11]	;@raw=0x01,0xF8,0x11
	and [0xF8], 0x0100	;@raw=0x14,0xF8,0x01,0x00
	jne [0xF8], 0x00, LABEL_3FCC	;@raw=0x0A,0x01,0xF8,0x00,0x3F,0xCC
	jmp LABEL_3FBE	;@raw=0x07,0x3F,0xBE
LABEL_3F9C:
	db 0x11

LABEL_3F9D:
	call LABEL_40E6	;@raw=0x04,0x40,0xE6
	call LABEL_407D	;@raw=0x04,0x40,0x7D
	mov [0x21], [0x10]	;@raw=0x01,0x21,0x10
	mov [0x13], 0x006E	;@raw=0x00,0x13,0x00,0x6E
	mov [0xF8], [0x11]	;@raw=0x01,0xF8,0x11
	je [0x2C], 0x01, LABEL_3F82	;@raw=0x0A,0x00,0x2C,0x01,0x3F,0x82
	and [0xF8], 0x03FF	;@raw=0x14,0xF8,0x03,0xFF
	jl [0xF8], 0x0200, LABEL_3FC5	;@raw=0x0A,0x44,0xF8,0x02,0x00,0x3F,0xC5

LABEL_3FBE:
	and [0x11], 0xFDFF	;@raw=0x14,0x11,0xFD,0xFF
	jmp LABEL_3FDF	;@raw=0x07,0x3F,0xDF

LABEL_3FC5:
	jl [0xF8], 0x0100, LABEL_3FD7	;@raw=0x0A,0x44,0xF8,0x01,0x00,0x3F,0xD7

LABEL_3FCC:
	and [0x11], 0xFEFF	;@raw=0x14,0x11,0xFE,0xFF
	add [0x21], 0x000A	;@raw=0x03,0x21,0x00,0x0A
	jmp LABEL_3FDF	;@raw=0x07,0x3F,0xDF

LABEL_3FD7:
	and [0x11], 0xFF7F	;@raw=0x14,0x11,0xFF,0x7F
	add [0x21], 0x0014	;@raw=0x03,0x21,0x00,0x14

LABEL_3FDF:
	call LABEL_4118	;@raw=0x04,0x41,0x18
	call LABEL_400D	;@raw=0x04,0x40,0x0D
	mov [0xF8], [0x11]	;@raw=0x01,0xF8,0x11
	and [0xF8], 0x03FF	;@raw=0x14,0xF8,0x03,0xFF
	jg [0xF8], 0x7F, LABEL_4003	;@raw=0x0A,0x02,0xF8,0x7F,0x40,0x03
	mov [0xF8], [0x0E]	;@raw=0x01,0xF8,0x0E
	mov [0x0E], 0x0000	;@raw=0x00,0x0E,0x00,0x00
	je [0x2C], 0x01, LABEL_4003	;@raw=0x0A,0x00,0x2C,0x01,0x40,0x03
	mov [0x0E], 0x0001	;@raw=0x00,0x0E,0x00,0x01

LABEL_4003:
	je [0x2C], 0x01, LABEL_3D72	;@raw=0x0A,0x00,0x2C,0x01,0x3D,0x72
	jmp LABEL_3C15	;@raw=0x07,0x3C,0x15
LABEL_400C:
	db 0x05

LABEL_400D:
	jne [HACK_VAR_67], 0x24, SHARED_RET	;@raw=0x0A,0x01,0x67,0x24,0x53,0x3A
	jne [0x1D], 0x0A, SHARED_RET	;@raw=0x0A,0x01,0x1D,0x0A,0x53,0x3A
	mov [0xB3], [0x49]	;@raw=0x01,0xB3,0x49
	ret	;@raw=0x05

LABEL_401D:
	mov [0x2B], [0x21]	;@raw=0x01,0x2B,0x21
	mov [0x2C], [0x22]	;@raw=0x01,0x2C,0x22
	sub [0x2C], [0x21]	;@raw=0x13,0x2C,0x21
	jl [0x21], [0x22], LABEL_4035	;@raw=0x0A,0x84,0x21,0x22,0x40,0x35
	mov [0x2B], [0x22]	;@raw=0x01,0x2B,0x22
	mov [0x2C], [0x21]	;@raw=0x01,0x2C,0x21
	sub [0x2C], [0x22]	;@raw=0x13,0x2C,0x22

LABEL_4035:
	add [0x2C], 0x0001	;@raw=0x03,0x2C,0x00,0x01

LABEL_4039:
	jl [0x2C], 0x70, LABEL_404F	;@raw=0x0A,0x04,0x2C,0x70,0x40,0x4F
	video type=1, offset=CINEMATIC_462, x=[0x2b], y=[0x27], zoom=0x40	;@raw=0x54,0x38,0x61,0x2B,0x27
	sub [0x2C], 0x0070	;@raw=0x03,0x2C,0xFF,0x90
	add [0x2B], 0x0070	;@raw=0x03,0x2B,0x00,0x70
	jmp LABEL_4039	;@raw=0x07,0x40,0x39

LABEL_404F:
	jl [0x2C], 0x30, LABEL_4065	;@raw=0x0A,0x04,0x2C,0x30,0x40,0x65
	video type=1, offset=CINEMATIC_461, x=[0x2b], y=[0x27], zoom=0x40	;@raw=0x54,0x38,0x55,0x2B,0x27
	sub [0x2C], 0x0030	;@raw=0x03,0x2C,0xFF,0xD0
	add [0x2B], 0x0030	;@raw=0x03,0x2B,0x00,0x30
	jmp LABEL_4039	;@raw=0x07,0x40,0x39

LABEL_4065:
	jl [0x2C], 0x10, LABEL_407B	;@raw=0x0A,0x04,0x2C,0x10,0x40,0x7B
	video type=1, offset=CINEMATIC_460, x=[0x2b], y=[0x27], zoom=0x40	;@raw=0x54,0x38,0x49,0x2B,0x27
	sub [0x2C], 0x0010	;@raw=0x03,0x2C,0xFF,0xF0
	add [0x2B], 0x0010	;@raw=0x03,0x2B,0x00,0x10
	jmp LABEL_4039	;@raw=0x07,0x40,0x39

LABEL_407B:
	ret	;@raw=0x05
LABEL_407C:
	db 0x05

LABEL_407D:
	jg [0x27], [0x44], LABEL_4087	;@raw=0x0A,0x82,0x27,0x44,0x40,0x87
	mov [0x27], [0x44]	;@raw=0x01,0x27,0x44
	ret	;@raw=0x05

LABEL_4087:
	mov [0x27], [0x40]	;@raw=0x01,0x27,0x40
	ret	;@raw=0x05
LABEL_408B:
	db 0x11

LABEL_408C:
	jne [0x1D], 0x14, LABEL_4096	;@raw=0x0A,0x01,0x1D,0x14,0x40,0x96
	mov [0x11], [0xA1]	;@raw=0x01,0x11,0xA1
	ret	;@raw=0x05

LABEL_4096:
	jne [0x1D], 0x15, LABEL_40A0	;@raw=0x0A,0x01,0x1D,0x15,0x40,0xA0
	mov [0x11], [0xA4]	;@raw=0x01,0x11,0xA4
	ret	;@raw=0x05

LABEL_40A0:
	jne [0x1D], 0x16, LABEL_40AA	;@raw=0x0A,0x01,0x1D,0x16,0x40,0xAA
	mov [0x11], [0xA7]	;@raw=0x01,0x11,0xA7
	ret	;@raw=0x05

LABEL_40AA:
	jne [0x1D], 0x17, LABEL_40B4	;@raw=0x0A,0x01,0x1D,0x17,0x40,0xB4
	mov [0x11], [0xAA]	;@raw=0x01,0x11,0xAA
	ret	;@raw=0x05

LABEL_40B4:
	mov [0x11], [0xAD]	;@raw=0x01,0x11,0xAD
	ret	;@raw=0x05
LABEL_40B8:
	db 0x11

LABEL_40B9:
	jne [0x1D], 0x14, LABEL_40C3	;@raw=0x0A,0x01,0x1D,0x14,0x40,0xC3
	mov [0xA1], [0x11]	;@raw=0x01,0xA1,0x11
	ret	;@raw=0x05

LABEL_40C3:
	jne [0x1D], 0x15, LABEL_40CD	;@raw=0x0A,0x01,0x1D,0x15,0x40,0xCD
	mov [0xA4], [0x11]	;@raw=0x01,0xA4,0x11
	ret	;@raw=0x05

LABEL_40CD:
	jne [0x1D], 0x16, LABEL_40D7	;@raw=0x0A,0x01,0x1D,0x16,0x40,0xD7
	mov [0xA7], [0x11]	;@raw=0x01,0xA7,0x11
	ret	;@raw=0x05

LABEL_40D7:
	jne [0x1D], 0x17, LABEL_40E1	;@raw=0x0A,0x01,0x1D,0x17,0x40,0xE1
	mov [0xAA], [0x11]	;@raw=0x01,0xAA,0x11
	ret	;@raw=0x05

LABEL_40E1:
	mov [0xAD], [0x11]	;@raw=0x01,0xAD,0x11
	ret	;@raw=0x05
LABEL_40E5:
	db 0x11

LABEL_40E6:
	jne [0x1D], 0x0A, LABEL_40F3	;@raw=0x0A,0x01,0x1D,0x0A,0x40,0xF3
	mov [0x10], [0x48]	;@raw=0x01,0x10,0x48
	mov [0x11], [0x49]	;@raw=0x01,0x11,0x49
	ret	;@raw=0x05

LABEL_40F3:
	jne [0x1D], 0x0B, LABEL_410A	;@raw=0x0A,0x01,0x1D,0x0B,0x41,0x0A
	mov [0x10], [0x4A]	;@raw=0x01,0x10,0x4A
	mov [0x11], [0x4B]	;@raw=0x01,0x11,0x4B
	jne [HACK_VAR_67], 0x24, SHARED_RET	;@raw=0x0A,0x01,0x67,0x24,0x53,0x3A
	mov [0xB2], 0x0001	;@raw=0x00,0xB2,0x00,0x01
	ret	;@raw=0x05

LABEL_410A:
	jne [0x1D], 0x0C, LABEL_4116	;@raw=0x0A,0x01,0x1D,0x0C,0x41,0x16
	mov [0x10], [0x4C]	;@raw=0x01,0x10,0x4C
	mov [0x11], [0x4D]	;@raw=0x01,0x11,0x4D

LABEL_4116:
	ret	;@raw=0x05
LABEL_4117:
	db 0x11

LABEL_4118:
	jne [0x1D], 0x0A, LABEL_4122	;@raw=0x0A,0x01,0x1D,0x0A,0x41,0x22
	mov [0x49], [0x11]	;@raw=0x01,0x49,0x11
	ret	;@raw=0x05

LABEL_4122:
	jne [0x1D], 0x0B, LABEL_412C	;@raw=0x0A,0x01,0x1D,0x0B,0x41,0x2C
	mov [0x4B], [0x11]	;@raw=0x01,0x4B,0x11
	ret	;@raw=0x05

LABEL_412C:
	jne [0x1D], 0x0C, LABEL_4135	;@raw=0x0A,0x01,0x1D,0x0C,0x41,0x35
	mov [0x4D], [0x11]	;@raw=0x01,0x4D,0x11

LABEL_4135:
	ret	;@raw=0x05
LABEL_4136:
	db 0x11

LABEL_4137:
	mov [0x22], 0x0096	;@raw=0x00,0x22,0x00,0x96
	mov [0x26], [0x10]	;@raw=0x01,0x26,0x10
	play id=0x0058, freq=0x14, vol=0x40, channel=0x01	;@raw=0x18,0x00,0x58,0x14,0x40,0x01
	jg [0x08], [0x41], LABEL_414E	;@raw=0x0A,0x82,0x08,0x41,0x41,0x4E
	sub [0x26], 0x8000	;@raw=0x03,0x26,0x80,0x00

LABEL_414E:
	jge [0xAA], 0x00, LABEL_4160	;@raw=0x0A,0x03,0xAA,0x00,0x41,0x60

LABEL_4154:
	mov [0xA9], [0x21]	;@raw=0x01,0xA9,0x21
	mov [0xAA], [0x22]	;@raw=0x01,0xAA,0x22
	mov [0xAB], [0x26]	;@raw=0x01,0xAB,0x26
	jmp LABEL_4184	;@raw=0x07,0x41,0x84

LABEL_4160:
	jge [0xAD], 0x00, LABEL_4172	;@raw=0x0A,0x03,0xAD,0x00,0x41,0x72

LABEL_4166:
	mov [0xAC], [0x21]	;@raw=0x01,0xAC,0x21
	mov [0xAD], [0x22]	;@raw=0x01,0xAD,0x22
	mov [0xAE], [0x26]	;@raw=0x01,0xAE,0x26
	jmp LABEL_4184	;@raw=0x07,0x41,0x84

LABEL_4172:
	jl [0xAA], [0xAD], LABEL_417E	;@raw=0x0A,0x84,0xAA,0xAD,0x41,0x7E
	jl [0xAD], 0x1E, LABEL_4166	;@raw=0x0A,0x04,0xAD,0x1E,0x41,0x66

LABEL_417E:
	jl [0xAA], 0x1E, LABEL_4154	;@raw=0x0A,0x04,0xAA,0x1E,0x41,0x54

LABEL_4184:
	ret	;@raw=0x05

LABEL_4185:
	call PROJECT_POS_VAR04_OR_7F4C	;@raw=0x04,0x44,0x67
	mov [0x22], 0x0096	;@raw=0x00,0x22,0x00,0x96
	mov [0x26], [HACK_VAR_67]	;@raw=0x01,0x26,0x67
	jg [0x02], [0x41], LABEL_4199	;@raw=0x0A,0x82,0x02,0x41,0x41,0x99
	or [0x26], 0x8000	;@raw=0x15,0x26,0x80,0x00

LABEL_4199:
	jge [0xA1], 0x00, LABEL_41AB	;@raw=0x0A,0x03,0xA1,0x00,0x41,0xAB

LABEL_419F:
	mov [0xA0], [0x21]	;@raw=0x01,0xA0,0x21
	mov [0xA1], [0x22]	;@raw=0x01,0xA1,0x22
	mov [0xA2], [0x26]	;@raw=0x01,0xA2,0x26
	jmp LABEL_422B	;@raw=0x07,0x42,0x2B

LABEL_41AB:
	jge [0xA4], 0x00, LABEL_41BD	;@raw=0x0A,0x03,0xA4,0x00,0x41,0xBD

LABEL_41B1:
	mov [0xA3], [0x21]	;@raw=0x01,0xA3,0x21
	mov [0xA4], [0x22]	;@raw=0x01,0xA4,0x22
	mov [0xA5], [0x26]	;@raw=0x01,0xA5,0x26
	jmp LABEL_422B	;@raw=0x07,0x42,0x2B

LABEL_41BD:
	jge [0xA7], 0x00, LABEL_41CF	;@raw=0x0A,0x03,0xA7,0x00,0x41,0xCF

LABEL_41C3:
	mov [0xA6], [0x21]	;@raw=0x01,0xA6,0x21
	mov [0xA7], [0x22]	;@raw=0x01,0xA7,0x22
	mov [0xA8], [0x26]	;@raw=0x01,0xA8,0x26
	jmp LABEL_422B	;@raw=0x07,0x42,0x2B

LABEL_41CF:
	jle [0xA4], 0x00, LABEL_41E8	;@raw=0x0A,0x05,0xA4,0x00,0x41,0xE8
	mov [0xF8], [0xA3]	;@raw=0x01,0xF8,0xA3
	call LABEL_422C	;@raw=0x04,0x42,0x2C
	jne [0xF8], 0x0FA0, LABEL_41E8	;@raw=0x0A,0x41,0xF8,0x0F,0xA0,0x41,0xE8
	add [0xA4], [0x22]	;@raw=0x02,0xA4,0x22
	jmp LABEL_422B	;@raw=0x07,0x42,0x2B

LABEL_41E8:
	jle [0xA7], 0x00, LABEL_4201	;@raw=0x0A,0x05,0xA7,0x00,0x42,0x01
	mov [0xF8], [0xA6]	;@raw=0x01,0xF8,0xA6
	call LABEL_422C	;@raw=0x04,0x42,0x2C
	jne [0xF8], 0x0FA0, LABEL_4201	;@raw=0x0A,0x41,0xF8,0x0F,0xA0,0x42,0x01
	add [0xA7], [0x22]	;@raw=0x02,0xA7,0x22
	jmp LABEL_422B	;@raw=0x07,0x42,0x2B

LABEL_4201:
	jl [0xA1], [0xA4], LABEL_421F	;@raw=0x0A,0x84,0xA1,0xA4,0x42,0x1F
	jl [0xA4], [0xA7], JUMP_TO_LABEL_41B1	;@raw=0x0A,0x84,0xA4,0xA7,0x42,0x16

JUMP_TO_LABEL_41C3:
	jmp LABEL_41C3	;@raw=0x07,0x41,0xC3
	jg [0xA7], 0x64, LABEL_422B	;@raw=0x0A,0x02,0xA7,0x64,0x42,0x2B

JUMP_TO_LABEL_41B1:
	jmp LABEL_41B1	;@raw=0x07,0x41,0xB1
	jg [0xA4], 0x64, LABEL_422B	;@raw=0x0A,0x02,0xA4,0x64,0x42,0x2B

LABEL_421F:
	jl [0xA1], [0xA7], JUMP_TO_LABEL_41C3	;@raw=0x0A,0x84,0xA1,0xA7,0x42,0x0D
	jl [0xA1], 0x64, LABEL_419F	;@raw=0x0A,0x04,0xA1,0x64,0x41,0x9F

LABEL_422B:
	ret	;@raw=0x05

LABEL_422C:
	sub [0xF8], 0x000A	;@raw=0x03,0xF8,0xFF,0xF6
	jl [0x21], [0xF8], SHARED_RET	;@raw=0x0A,0x84,0x21,0xF8,0x53,0x3A
	add [0xF8], 0x0014	;@raw=0x03,0xF8,0x00,0x14
	jg [0x21], [0xF8], SHARED_RET	;@raw=0x0A,0x82,0x21,0xF8,0x53,0x3A
	mov [0xF8], 0x0FA0	;@raw=0x00,0xF8,0x0F,0xA0
	ret	;@raw=0x05

LABEL_4245:
	jl [0xA1], 0x00, LABEL_425D	;@raw=0x0A,0x04,0xA1,0x00,0x42,0x5D
	mov [0x21], [0xA0]	;@raw=0x01,0x21,0xA0
	mov [0x22], [0xA1]	;@raw=0x01,0x22,0xA1
	mov [0x27], [0xA2]	;@raw=0x01,0x27,0xA2
	call LABEL_42C2	;@raw=0x04,0x42,0xC2
	mov [0xA0], [0x21]	;@raw=0x01,0xA0,0x21
	mov [0xA1], [0x22]	;@raw=0x01,0xA1,0x22

LABEL_425D:
	jl [0xA4], 0x00, LABEL_4275	;@raw=0x0A,0x04,0xA4,0x00,0x42,0x75
	mov [0x21], [0xA3]	;@raw=0x01,0x21,0xA3
	mov [0x22], [0xA4]	;@raw=0x01,0x22,0xA4
	mov [0x27], [0xA5]	;@raw=0x01,0x27,0xA5
	call LABEL_42C2	;@raw=0x04,0x42,0xC2
	mov [0xA3], [0x21]	;@raw=0x01,0xA3,0x21
	mov [0xA4], [0x22]	;@raw=0x01,0xA4,0x22

LABEL_4275:
	jl [0xA7], 0x00, LABEL_428D	;@raw=0x0A,0x04,0xA7,0x00,0x42,0x8D
	mov [0x21], [0xA6]	;@raw=0x01,0x21,0xA6
	mov [0x22], [0xA7]	;@raw=0x01,0x22,0xA7
	mov [0x27], [0xA8]	;@raw=0x01,0x27,0xA8
	call LABEL_42C2	;@raw=0x04,0x42,0xC2
	mov [0xA6], [0x21]	;@raw=0x01,0xA6,0x21
	mov [0xA7], [0x22]	;@raw=0x01,0xA7,0x22

LABEL_428D:
	jl [0xAA], 0x00, LABEL_42A5	;@raw=0x0A,0x04,0xAA,0x00,0x42,0xA5
	mov [0x21], [0xA9]	;@raw=0x01,0x21,0xA9
	mov [0x22], [0xAA]	;@raw=0x01,0x22,0xAA
	mov [0x27], [0xAB]	;@raw=0x01,0x27,0xAB
	call LABEL_42C2	;@raw=0x04,0x42,0xC2
	mov [0xA9], [0x21]	;@raw=0x01,0xA9,0x21
	mov [0xAA], [0x22]	;@raw=0x01,0xAA,0x22

LABEL_42A5:
	jl [0xAD], 0x00, LABEL_42BD	;@raw=0x0A,0x04,0xAD,0x00,0x42,0xBD
	mov [0x21], [0xAC]	;@raw=0x01,0x21,0xAC
	mov [0x22], [0xAD]	;@raw=0x01,0x22,0xAD
	mov [0x27], [0xAE]	;@raw=0x01,0x27,0xAE
	call LABEL_42C2	;@raw=0x04,0x42,0xC2
	mov [0xAC], [0x21]	;@raw=0x01,0xAC,0x21
	mov [0xAD], [0x22]	;@raw=0x01,0xAD,0x22

LABEL_42BD:
	break	;@raw=0x06
	jmp LABEL_4245	;@raw=0x07,0x42,0x45
LABEL_42C1:
	db 0x11

LABEL_42C2:
	mov [0x26], [0x40]	;@raw=0x01,0x26,0x40
	jge [0x27], 0x00, LABEL_42D2	;@raw=0x0A,0x03,0x27,0x00,0x42,0xD2
	sub [0x27], 0x8000	;@raw=0x03,0x27,0x80,0x00
	mov [0x26], [0x44]	;@raw=0x01,0x26,0x44

LABEL_42D2:
	jne [0x27], [HACK_VAR_67], DECREMENT_VAR22	;@raw=0x0A,0x81,0x27,0x67,0x43,0x1B
	jne [0x22], 0x00, LABEL_42E6	;@raw=0x0A,0x01,0x22,0x00,0x42,0xE6
	video type=1, offset=CINEMATIC_201, x=[0x21], y=[0x26], zoom=0x40	;@raw=0x54,0x27,0x24,0x21,0x26
	jmp DECREMENT_VAR22	;@raw=0x07,0x43,0x1B

LABEL_42E6:
	jl [0x22], 0x2000, LABEL_42F9	;@raw=0x0A,0x44,0x22,0x20,0x00,0x42,0xF9
	sub [0x22], 0x2000	;@raw=0x03,0x22,0xE0,0x00
	video type=1, offset=CINEMATIC_201, x=[0x21], y=[0x26], zoom=0x40	;@raw=0x54,0x27,0x24,0x21,0x26
	jmp DECREMENT_VAR22	;@raw=0x07,0x43,0x1B

LABEL_42F9:
	mov [0x27], [0x22]	;@raw=0x01,0x27,0x22
	and [0x27], 0x0003	;@raw=0x14,0x27,0x00,0x03
	jg [0x22], 0x50, LABEL_434A	;@raw=0x0A,0x02,0x22,0x50,0x43,0x4A
	jg [0x22], 0x32, LABEL_4321	;@raw=0x0A,0x02,0x22,0x32,0x43,0x21
	jg [0x22], 0x1E, LABEL_43A4	;@raw=0x0A,0x02,0x22,0x1E,0x43,0xA4
	jg [0x22], 0x0F, LABEL_43CD	;@raw=0x0A,0x02,0x22,0x0F,0x43,0xCD
	jmp LABEL_43F6	;@raw=0x07,0x43,0xF6

DECREMENT_VAR22:
	sub [0x22], 0x0001	;@raw=0x03,0x22,0xFF,0xFF
	ret	;@raw=0x05
LABEL_4320:
	db 0x11

LABEL_4321:
	jne [0x27], 0x03, LABEL_4333	;@raw=0x0A,0x01,0x27,0x03,0x43,0x33
	video type=1, offset=CINEMATIC_524, x=[0x21], y=[0x26], zoom=0x40	;@raw=0x54,0x27,0x6D,0x21,0x26
	sub [0x22], 0x0001	;@raw=0x03,0x22,0xFF,0xFF
	jmp DECREMENT_VAR22	;@raw=0x07,0x43,0x1B

LABEL_4333:
	jne [0x27], 0x01, LABEL_4341	;@raw=0x0A,0x01,0x27,0x01,0x43,0x41
	video type=1, offset=CINEMATIC_528, x=[0x21], y=[0x26], zoom=0x40	;@raw=0x54,0x27,0x5D,0x21,0x26
	jmp DECREMENT_VAR22	;@raw=0x07,0x43,0x1B

LABEL_4341:
	video type=1, offset=CINEMATIC_527, x=[0x21], y=[0x26], zoom=0x40	;@raw=0x54,0x27,0x4D,0x21,0x26
	jmp DECREMENT_VAR22	;@raw=0x07,0x43,0x1B
LABEL_4349:
	db 0x11

LABEL_434A:
	jne [0x27], 0x03, LABEL_435F	;@raw=0x0A,0x01,0x27,0x03,0x43,0x5F
	video type=1, offset=CINEMATIC_526, x=[0x21], y=[0x26], zoom=0x40	;@raw=0x54,0x39,0x05,0x21,0x26
	call LABEL_437C	;@raw=0x04,0x43,0x7C
	sub [0x22], 0x0001	;@raw=0x03,0x22,0xFF,0xFF
	jmp DECREMENT_VAR22	;@raw=0x07,0x43,0x1B

LABEL_435F:
	jne [0x27], 0x01, LABEL_4370	;@raw=0x0A,0x01,0x27,0x01,0x43,0x70
	video type=1, offset=CINEMATIC_525, x=[0x21], y=[0x26], zoom=0x40	;@raw=0x54,0x38,0xEB,0x21,0x26
	call LABEL_437C	;@raw=0x04,0x43,0x7C
	jmp DECREMENT_VAR22	;@raw=0x07,0x43,0x1B

LABEL_4370:
	video type=1, offset=CINEMATIC_522, x=[0x21], y=[0x26], zoom=0x40	;@raw=0x54,0x38,0xCF,0x21,0x26
	call LABEL_437C	;@raw=0x04,0x43,0x7C
	jmp DECREMENT_VAR22	;@raw=0x07,0x43,0x1B
LABEL_437B:
	db 0x11

LABEL_437C:
	jle [0x22], 0x96, SHARED_RET	;@raw=0x0A,0x05,0x22,0x96,0x53,0x3A
	sub [0x21], 0x0002	;@raw=0x03,0x21,0xFF,0xFE
	video type=1, offset=CINEMATIC_523, x=[0x21], y=[0x26], zoom=0x40	;@raw=0x54,0x39,0x2B,0x21,0x26
	add [0x21], 0x0002	;@raw=0x03,0x21,0x00,0x02
	jle [0x22], 0x012C, SHARED_RET	;@raw=0x0A,0x45,0x22,0x01,0x2C,0x53,0x3A
	add [0x21], 0x0002	;@raw=0x03,0x21,0x00,0x02
	video type=1, offset=CINEMATIC_524, x=[0x21], y=[0x26], zoom=0x40	;@raw=0x54,0x27,0x6D,0x21,0x26
	sub [0x21], 0x0002	;@raw=0x03,0x21,0xFF,0xFE
	ret	;@raw=0x05

LABEL_43A4:
	jne [0x27], 0x03, LABEL_43B6	;@raw=0x0A,0x01,0x27,0x03,0x43,0xB6
	video type=1, offset=CINEMATIC_530, x=[0x21], y=[0x26], zoom=0x40	;@raw=0x54,0x39,0x37,0x21,0x26
	sub [0x22], 0x0001	;@raw=0x03,0x22,0xFF,0xFF
	jmp DECREMENT_VAR22	;@raw=0x07,0x43,0x1B

LABEL_43B6:
	jne [0x27], 0x01, LABEL_43C4	;@raw=0x0A,0x01,0x27,0x01,0x43,0xC4
	video type=1, offset=CINEMATIC_523, x=[0x21], y=[0x26], zoom=0x40	;@raw=0x54,0x39,0x2B,0x21,0x26
	jmp DECREMENT_VAR22	;@raw=0x07,0x43,0x1B

LABEL_43C4:
	video type=1, offset=CINEMATIC_529, x=[0x21], y=[0x26], zoom=0x40	;@raw=0x54,0x39,0x1D,0x21,0x26
	jmp DECREMENT_VAR22	;@raw=0x07,0x43,0x1B
LABEL_43CC:
	db 0x11

LABEL_43CD:
	jne [0x27], 0x03, LABEL_43DF	;@raw=0x0A,0x01,0x27,0x03,0x43,0xDF
	video type=1, offset=CINEMATIC_533, x=[0x21], y=[0x26], zoom=0x40	;@raw=0x54,0x39,0x56,0x21,0x26
	sub [0x22], 0x0001	;@raw=0x03,0x22,0xFF,0xFF
	jmp DECREMENT_VAR22	;@raw=0x07,0x43,0x1B

LABEL_43DF:
	jne [0x27], 0x01, LABEL_43ED	;@raw=0x0A,0x01,0x27,0x01,0x43,0xED
	video type=1, offset=CINEMATIC_532, x=[0x21], y=[0x26], zoom=0x40	;@raw=0x54,0x39,0x4D,0x21,0x26
	jmp DECREMENT_VAR22	;@raw=0x07,0x43,0x1B

LABEL_43ED:
	video type=1, offset=CINEMATIC_531, x=[0x21], y=[0x26], zoom=0x40	;@raw=0x54,0x39,0x43,0x21,0x26
	jmp DECREMENT_VAR22	;@raw=0x07,0x43,0x1B
LABEL_43F5:
	db 0x11

LABEL_43F6:
	jne [0x27], 0x03, LABEL_4408	;@raw=0x0A,0x01,0x27,0x03,0x44,0x08
	video type=1, offset=CINEMATIC_536, x=[0x21], y=[0x26], zoom=0x40	;@raw=0x54,0x39,0x6D,0x21,0x26
	sub [0x22], 0x0001	;@raw=0x03,0x22,0xFF,0xFF
	jmp DECREMENT_VAR22	;@raw=0x07,0x43,0x1B

LABEL_4408:
	jne [0x27], 0x01, LABEL_4416	;@raw=0x0A,0x01,0x27,0x01,0x44,0x16
	video type=1, offset=CINEMATIC_535, x=[0x21], y=[0x26], zoom=0x40	;@raw=0x54,0x39,0x64,0x21,0x26
	jmp DECREMENT_VAR22	;@raw=0x07,0x43,0x1B

LABEL_4416:
	video type=1, offset=CINEMATIC_534, x=[0x21], y=[0x26], zoom=0x40	;@raw=0x54,0x39,0x5E,0x21,0x26
	jmp DECREMENT_VAR22	;@raw=0x07,0x43,0x1B
LABEL_441E:
	db 0x11

PROJECT_POS_BY_VAR04_OR_807B:
	mov [0x21], [0x01]	;@raw=0x01,0x21,0x01
	mov [0x22], [0x02]	;@raw=0x01,0x22,0x02
	mov [0xF8], [0x04]	;@raw=0x01,0xF8,0x04
	jl [0xF8], 0x4000, LABEL_4432	;@raw=0x0A,0x44,0xF8,0x40,0x00,0x44,0x32
	call LABEL_7F4C	;@raw=0x04,0x7F,0x4C

LABEL_4432:
	and [0xF8], 0x003F	;@raw=0x14,0xF8,0x00,0x3F
	sub [0x22], 0x0016	;@raw=0x03,0x22,0xFF,0xEA
	jl [0xF8], 0x20, LABEL_4457	;@raw=0x0A,0x04,0xF8,0x20,0x44,0x57
	sub [0xF8], 0x0020	;@raw=0x03,0xF8,0xFF,0xE0
	sub [0x22], 0x0011	;@raw=0x03,0x22,0xFF,0xEF
	sub [0x21], 0x0023	;@raw=0x03,0x21,0xFF,0xDD
	jl [0xF8], 0x10, LABEL_4465	;@raw=0x0A,0x04,0xF8,0x10,0x44,0x65
	add [0x21], 0x0042	;@raw=0x03,0x21,0x00,0x42
	ret	;@raw=0x05

LABEL_4457:
	sub [0x21], 0x0021	;@raw=0x03,0x21,0xFF,0xDF
	jl [0xF8], 0x10, LABEL_4465	;@raw=0x0A,0x04,0xF8,0x10,0x44,0x65
	add [0x21], 0x003E	;@raw=0x03,0x21,0x00,0x3E

LABEL_4465:
	ret	;@raw=0x05
LABEL_4466:
	db 0x11

PROJECT_POS_VAR04_OR_7F4C:
	mov [0x21], [0x01]	;@raw=0x01,0x21,0x01
	mov [0x22], [0x02]	;@raw=0x01,0x22,0x02
	mov [0xF8], [0x04]	;@raw=0x01,0xF8,0x04
	jl [0xF8], 0x4000, LABEL_447A	;@raw=0x0A,0x44,0xF8,0x40,0x00,0x44,0x7A
	call LABEL_7F4C	;@raw=0x04,0x7F,0x4C

LABEL_447A:
	and [0xF8], 0x003F	;@raw=0x14,0xF8,0x00,0x3F
	sub [0x22], 0x0016	;@raw=0x03,0x22,0xFF,0xEA
	jl [0xF8], 0x20, LABEL_449F	;@raw=0x0A,0x04,0xF8,0x20,0x44,0x9F
	sub [0xF8], 0x0020	;@raw=0x03,0xF8,0xFF,0xE0
	sub [0x22], 0x0011	;@raw=0x03,0x22,0xFF,0xEF
	sub [0x21], 0x0022	;@raw=0x03,0x21,0xFF,0xDE
	jl [0xF8], 0x10, LABEL_44AD	;@raw=0x0A,0x04,0xF8,0x10,0x44,0xAD
	add [0x21], 0x0041	;@raw=0x03,0x21,0x00,0x41
	ret	;@raw=0x05

LABEL_449F:
	sub [0x21], 0x0020	;@raw=0x03,0x21,0xFF,0xE0
	jl [0xF8], 0x10, LABEL_44AD	;@raw=0x0A,0x04,0xF8,0x10,0x44,0xAD
	add [0x21], 0x003D	;@raw=0x03,0x21,0x00,0x3D

LABEL_44AD:
	ret	;@raw=0x05
LABEL_44AE:
	db 0x11

LABEL_44AF:
	mov [0x0F], 0x0000	;@raw=0x00,0x0F,0x00,0x00
	jle [0x06], 0x00, LABEL_45E5	;@raw=0x0A,0x05,0x06,0x00,0x45,0xE5

LABEL_44B9:
	break	;@raw=0x06
	add [0x0F], 0x0001	;@raw=0x03,0x0F,0x00,0x01
	je [HERO_ACTION], 0x00, LABEL_45E5	;@raw=0x0A,0x00,0xFA,0x00,0x45,0xE5
	je [HERO_POS_JUMP_DOWN], 0xFFFF, LABEL_45E5	;@raw=0x0A,0x40,0xFB,0xFF,0xFF,0x45,0xE5
	jl [0x0F], 0x04, LABEL_44B9	;@raw=0x0A,0x04,0x0F,0x04,0x44,0xB9
	call PROJECT_POS_VAR04_OR_7F4C	;@raw=0x04,0x44,0x67
	video type=1, offset=CINEMATIC_196, x=[0x21], y=[0x22], zoom=0x40	;@raw=0x54,0x26,0xF6,0x21,0x22
	break	;@raw=0x06
	call PROJECT_POS_VAR04_OR_7F4C	;@raw=0x04,0x44,0x67
	video type=1, offset=CINEMATIC_197, x=[0x21], y=[0x22], zoom=0x40	;@raw=0x54,0x27,0x00,0x21,0x22
	break	;@raw=0x06
	call PROJECT_POS_VAR04_OR_7F4C	;@raw=0x04,0x44,0x67
	video type=1, offset=CINEMATIC_198, x=[0x21], y=[0x22], zoom=0x40	;@raw=0x54,0x27,0x0A,0x21,0x22
	break	;@raw=0x06
	call PROJECT_POS_VAR04_OR_7F4C	;@raw=0x04,0x44,0x67
	video type=1, offset=CINEMATIC_199, x=[0x21], y=[0x22], zoom=0x40	;@raw=0x54,0x27,0x47,0x21,0x22
	play id=0x005B, freq=0x14, vol=0x40, channel=0x00	;@raw=0x18,0x00,0x5B,0x14,0x40,0x00
	je [HERO_POS_JUMP_DOWN], 0xFFFF, LABEL_45E5	;@raw=0x0A,0x40,0xFB,0xFF,0xFF,0x45,0xE5
	je [HERO_ACTION], 0x00, LABEL_45CB	;@raw=0x0A,0x00,0xFA,0x00,0x45,0xCB
	jmp LABEL_4569	;@raw=0x07,0x45,0x69
LABEL_450A:
	db 0x11

LABEL_450B:
	mov [0x0F], 0x0000	;@raw=0x00,0x0F,0x00,0x00
	jle [0x06], 0x00, LABEL_45E5	;@raw=0x0A,0x05,0x06,0x00,0x45,0xE5

LABEL_4515:
	break	;@raw=0x06
	add [0x0F], 0x0001	;@raw=0x03,0x0F,0x00,0x01
	jne [HERO_POS_LEFT_RIGHT], 0x00, LABEL_45E5	;@raw=0x0A,0x01,0xFC,0x00,0x45,0xE5
	je [HERO_ACTION], 0x00, LABEL_45E5	;@raw=0x0A,0x00,0xFA,0x00,0x45,0xE5
	je [HERO_POS_JUMP_DOWN], 0xFFFF, LABEL_45E5	;@raw=0x0A,0x40,0xFB,0xFF,0xFF,0x45,0xE5
	jl [0x0F], 0x04, LABEL_4515	;@raw=0x0A,0x04,0x0F,0x04,0x45,0x15
	call PROJECT_POS_VAR04_OR_7F4C	;@raw=0x04,0x44,0x67
	video type=1, offset=CINEMATIC_196, x=[0x21], y=[0x22], zoom=0x40	;@raw=0x54,0x26,0xF6,0x21,0x22
	break	;@raw=0x06
	call PROJECT_POS_VAR04_OR_7F4C	;@raw=0x04,0x44,0x67
	video type=1, offset=CINEMATIC_197, x=[0x21], y=[0x22], zoom=0x40	;@raw=0x54,0x27,0x00,0x21,0x22
	break	;@raw=0x06
	call PROJECT_POS_VAR04_OR_7F4C	;@raw=0x04,0x44,0x67
	video type=1, offset=CINEMATIC_198, x=[0x21], y=[0x22], zoom=0x40	;@raw=0x54,0x27,0x0A,0x21,0x22
	break	;@raw=0x06
	call PROJECT_POS_VAR04_OR_7F4C	;@raw=0x04,0x44,0x67
	video type=1, offset=CINEMATIC_210, x=[0x21], y=[0x22], zoom=0x40	;@raw=0x54,0x27,0x16,0x21,0x22
	play id=0x005B, freq=0x14, vol=0x40, channel=0x00	;@raw=0x18,0x00,0x5B,0x14,0x40,0x00
	je [HERO_POS_JUMP_DOWN], 0xFFFF, LABEL_45E5	;@raw=0x0A,0x40,0xFB,0xFF,0xFF,0x45,0xE5
	je [HERO_ACTION], 0x00, LABEL_45CB	;@raw=0x0A,0x00,0xFA,0x00,0x45,0xCB

LABEL_4569:
	break	;@raw=0x06
	jne [HERO_POS_LEFT_RIGHT], 0x00, LABEL_45C3	;@raw=0x0A,0x01,0xFC,0x00,0x45,0xC3
	je [HERO_POS_JUMP_DOWN], 0xFFFF, LABEL_45C3	;@raw=0x0A,0x40,0xFB,0xFF,0xFF,0x45,0xC3
	je [HERO_ACTION], 0x00, LABEL_45C3	;@raw=0x0A,0x00,0xFA,0x00,0x45,0xC3
	call PROJECT_POS_VAR04_OR_7F4C	;@raw=0x04,0x44,0x67
	video type=1, offset=CINEMATIC_202, x=[0x21], y=[0x22], zoom=0x40	;@raw=0x54,0x2E,0x9A,0x21,0x22
	break	;@raw=0x06
	je [HERO_ACTION], 0x00, LABEL_45C3	;@raw=0x0A,0x00,0xFA,0x00,0x45,0xC3
	call PROJECT_POS_VAR04_OR_7F4C	;@raw=0x04,0x44,0x67
	video type=1, offset=CINEMATIC_203, x=[0x21], y=[0x22], zoom=0x40	;@raw=0x54,0x2E,0xB0,0x21,0x22
	break	;@raw=0x06
	je [HERO_ACTION], 0x00, LABEL_45C3	;@raw=0x0A,0x00,0xFA,0x00,0x45,0xC3
	call PROJECT_POS_VAR04_OR_7F4C	;@raw=0x04,0x44,0x67
	video type=1, offset=CINEMATIC_204, x=[0x21], y=[0x22], zoom=0x40	;@raw=0x54,0x2E,0xC8,0x21,0x22
	break	;@raw=0x06
	je [HERO_ACTION], 0x00, LABEL_45C3	;@raw=0x0A,0x00,0xFA,0x00,0x45,0xC3
	call PROJECT_POS_VAR04_OR_7F4C	;@raw=0x04,0x44,0x67
	video type=1, offset=CINEMATIC_203, x=[0x21], y=[0x22], zoom=0x40	;@raw=0x54,0x2E,0xB0,0x21,0x22
	add [0x0F], 0x0004	;@raw=0x03,0x0F,0x00,0x04
	jl [0x0F], 0x14, LABEL_4569	;@raw=0x0A,0x04,0x0F,0x14,0x45,0x69
	break	;@raw=0x06
	je [HERO_ACTION], 0x01, LABEL_45EA	;@raw=0x0A,0x00,0xFA,0x01,0x45,0xEA

LABEL_45C3:
	call PROJECT_POS_VAR04_OR_7F4C	;@raw=0x04,0x44,0x67
	video type=1, offset=CINEMATIC_201, x=[0x21], y=[0x02], zoom=0x40	;@raw=0x54,0x27,0x24,0x21,0x02

LABEL_45CB:
	break	;@raw=0x06
	play id=0x0058, freq=0x14, vol=0x40, channel=0x00	;@raw=0x18,0x00,0x58,0x14,0x40,0x00
	call PROJECT_POS_VAR04_OR_7F4C	;@raw=0x04,0x44,0x67
	video type=1, offset=CINEMATIC_200, x=[0x21], y=[0x02], zoom=0x40	;@raw=0x54,0x27,0x40,0x21,0x02
	sub [0x06], 0x000A	;@raw=0x03,0x06,0xFF,0xF6
	call LABEL_4185	;@raw=0x04,0x41,0x85
	mov [0x0F], 0x0000	;@raw=0x00,0x0F,0x00,0x00

LABEL_45E5:
	mov [0x0F], 0x0000	;@raw=0x00,0x0F,0x00,0x00
	killChannel	;@raw=0x11

LABEL_45EA:
	play id=0x0059, freq=0x14, vol=0x40, channel=0x00	;@raw=0x18,0x00,0x59,0x14,0x40,0x00
	call PROJECT_POS_VAR04_OR_7F4C	;@raw=0x04,0x44,0x67
	video type=1, offset=CINEMATIC_190, x=[0x21], y=[0x22], zoom=0x40	;@raw=0x54,0x2E,0xCE,0x21,0x22
	break	;@raw=0x06
	call PROJECT_POS_VAR04_OR_7F4C	;@raw=0x04,0x44,0x67
	video type=1, offset=CINEMATIC_191, x=[0x21], y=[0x22], zoom=0x40	;@raw=0x54,0x2E,0xE4,0x21,0x22

LABEL_4601:
	break	;@raw=0x06
	call PROJECT_POS_BY_VAR04_OR_807B	;@raw=0x04,0x44,0x1F
	video type=1, offset=CINEMATIC_192, x=[0x21], y=[0x22], zoom=0x40	;@raw=0x54,0x2E,0xFC,0x21,0x22
	jne [HERO_POS_LEFT_RIGHT], 0x00, LABEL_4662	;@raw=0x0A,0x01,0xFC,0x00,0x46,0x62
	je [HERO_POS_JUMP_DOWN], 0xFFFF, LABEL_4662	;@raw=0x0A,0x40,0xFB,0xFF,0xFF,0x46,0x62
	je [HERO_ACTION], 0x00, LABEL_4662	;@raw=0x0A,0x00,0xFA,0x00,0x46,0x62
	break	;@raw=0x06
	call PROJECT_POS_BY_VAR04_OR_807B	;@raw=0x04,0x44,0x1F
	video type=1, offset=CINEMATIC_193, x=[0x21], y=[0x22], zoom=0x40	;@raw=0x54,0x2F,0x16,0x21,0x22
	je [HERO_ACTION], 0x00, LABEL_4662	;@raw=0x0A,0x00,0xFA,0x00,0x46,0x62
	je [HERO_POS_JUMP_DOWN], 0xFFFF, LABEL_4662	;@raw=0x0A,0x40,0xFB,0xFF,0xFF,0x46,0x62
	break	;@raw=0x06
	call PROJECT_POS_BY_VAR04_OR_807B	;@raw=0x04,0x44,0x1F
	video type=1, offset=CINEMATIC_194, x=[0x21], y=[0x22], zoom=0x40	;@raw=0x54,0x2F,0x30,0x21,0x22
	je [HERO_ACTION], 0x00, LABEL_4662	;@raw=0x0A,0x00,0xFA,0x00,0x46,0x62
	je [HERO_POS_JUMP_DOWN], 0xFFFF, LABEL_4662	;@raw=0x0A,0x40,0xFB,0xFF,0xFF,0x46,0x62
	break	;@raw=0x06
	call PROJECT_POS_BY_VAR04_OR_807B	;@raw=0x04,0x44,0x1F
	video type=1, offset=CINEMATIC_195, x=[0x21], y=[0x22], zoom=0x40	;@raw=0x54,0x2F,0x36,0x21,0x22
	je [HERO_ACTION], 0x00, LABEL_4662	;@raw=0x0A,0x00,0xFA,0x00,0x46,0x62
	je [HERO_POS_JUMP_DOWN], 0xFFFF, LABEL_4662	;@raw=0x0A,0x40,0xFB,0xFF,0xFF,0x46,0x62
	jmp LABEL_4601	;@raw=0x07,0x46,0x01

LABEL_4662:
	break	;@raw=0x06
	sub [0x06], 0x0064	;@raw=0x03,0x06,0xFF,0x9C
	call PROJECT_POS_BY_VAR04_OR_807B	;@raw=0x04,0x44,0x1F
	mov [0x90], [0x21]	;@raw=0x01,0x90,0x21
	mov [0x91], [0x22]	;@raw=0x01,0x91,0x22
	mov [0x88], 0x0064	;@raw=0x00,0x88,0x00,0x64
	or [0x88], 0x8000	;@raw=0x15,0x88,0x80,0x00
	mov [0xF8], [0x04]	;@raw=0x01,0xF8,0x04
	and [0xF8], 0x0010	;@raw=0x14,0xF8,0x00,0x10
	jne [0xF8], 0x00, LABEL_4689	;@raw=0x0A,0x01,0xF8,0x00,0x46,0x89
	or [0x91], 0x4000	;@raw=0x15,0x91,0x40,0x00

LABEL_4689:
	mov [0x0F], 0x0000	;@raw=0x00,0x0F,0x00,0x00
	killChannel	;@raw=0x11

LABEL_468E:
	call LABEL_4717	;@raw=0x04,0x47,0x17
	jg [0x22], [0x21], LABEL_46A0	;@raw=0x0A,0x82,0x22,0x21,0x46,0xA0
	mov [0xF8], [0x09]	;@raw=0x01,0xF8,0x09
	sub [0xF8], [0x22]	;@raw=0x13,0xF8,0x22
	jmp LABEL_46A6	;@raw=0x07,0x46,0xA6

LABEL_46A0:
	mov [0xF8], [0x22]	;@raw=0x01,0xF8,0x22
	sub [0xF8], [0x09]	;@raw=0x13,0xF8,0x09

LABEL_46A6:
	je [0x29], 0x01, LABEL_46B0	;@raw=0x0A,0x00,0x29,0x01,0x46,0xB0
	sub [0xF8], 0x0064	;@raw=0x03,0xF8,0xFF,0x9C

LABEL_46B0:
	jle [0xF8], 0xDC, LABEL_46DB	;@raw=0x0A,0x05,0xF8,0xDC,0x46,0xDB
	call LABEL_078F	;@raw=0x04,0x07,0x8F
	and [0x38], 0x00FF	;@raw=0x14,0x38,0x00,0xFF
	jg [0xF8], 0x0118, LABEL_46CD	;@raw=0x0A,0x42,0xF8,0x01,0x18,0x46,0xCD
	jg [0x38], 0x80, LABEL_46DB	;@raw=0x0A,0x02,0x38,0x80,0x46,0xDB
	jmp LABEL_46DA	;@raw=0x07,0x46,0xDA

LABEL_46CD:
	jg [0xF8], 0x0154, LABEL_46DA	;@raw=0x0A,0x42,0xF8,0x01,0x54,0x46,0xDA
	jg [0x38], 0xF5, LABEL_46DB	;@raw=0x0A,0x02,0x38,0xF5,0x46,0xDB

LABEL_46DA:
	ret	;@raw=0x05

LABEL_46DB:
	je [0x29], 0x01, LABEL_46E8	;@raw=0x0A,0x00,0x29,0x01,0x46,0xE8
	jmp LABEL_477E	;@raw=0x07,0x47,0x7E
LABEL_46E4:
	db 0x11

LABEL_46E5:
	call LABEL_4717	;@raw=0x04,0x47,0x17

LABEL_46E8:
	jne [0x6A], [HACK_VAR_67], LABEL_46FE	;@raw=0x0A,0x81,0x6A,0x67,0x46,0xFE
	mov [0x24], [0x68]	;@raw=0x01,0x24,0x68
	mov [0x25], [0x69]	;@raw=0x01,0x25,0x69
	mov [0x26], [0x6B]	;@raw=0x01,0x26,0x6B
	mov [0x1C], 0x0028	;@raw=0x00,0x1C,0x00,0x28
	call LABEL_4810	;@raw=0x04,0x48,0x10

LABEL_46FE:
	mov [0x24], [0x01]	;@raw=0x01,0x24,0x01
	mov [0x25], [0x02]	;@raw=0x01,0x25,0x02
	mov [0x26], [0x04]	;@raw=0x01,0x26,0x04
	mov [0x1C], 0x001E	;@raw=0x00,0x1C,0x00,0x1E
	call LABEL_47E5	;@raw=0x04,0x47,0xE5
	ret	;@raw=0x05
	killChannel	;@raw=0x11
	call LABEL_4717	;@raw=0x04,0x47,0x17
	jmp LABEL_477E	;@raw=0x07,0x47,0x7E
LABEL_4716:
	db 0x11

LABEL_4717:
	mov [0x1D], 0x0000	;@raw=0x00,0x1D,0x00,0x00
	call LABEL_48CE	;@raw=0x04,0x48,0xCE
	jl [0xA1], 0x00, LABEL_4731	;@raw=0x0A,0x04,0xA1,0x00,0x47,0x31
	mov [0x24], [0xA0]	;@raw=0x01,0x24,0xA0
	mov [0x26], [0xA2]	;@raw=0x01,0x26,0xA2
	mov [0x1C], 0x0014	;@raw=0x00,0x1C,0x00,0x14
	call LABEL_47AB	;@raw=0x04,0x47,0xAB

LABEL_4731:
	jl [0xA4], 0x00, LABEL_4744	;@raw=0x0A,0x04,0xA4,0x00,0x47,0x44
	mov [0x24], [0xA3]	;@raw=0x01,0x24,0xA3
	mov [0x26], [0xA5]	;@raw=0x01,0x26,0xA5
	mov [0x1C], 0x0015	;@raw=0x00,0x1C,0x00,0x15
	call LABEL_47AB	;@raw=0x04,0x47,0xAB

LABEL_4744:
	jl [0xA7], 0x00, LABEL_4757	;@raw=0x0A,0x04,0xA7,0x00,0x47,0x57
	mov [0x24], [0xA6]	;@raw=0x01,0x24,0xA6
	mov [0x26], [0xA8]	;@raw=0x01,0x26,0xA8
	mov [0x1C], 0x0016	;@raw=0x00,0x1C,0x00,0x16
	call LABEL_47AB	;@raw=0x04,0x47,0xAB

LABEL_4757:
	jl [0xAA], 0x00, LABEL_476A	;@raw=0x0A,0x04,0xAA,0x00,0x47,0x6A
	mov [0x24], [0xA9]	;@raw=0x01,0x24,0xA9
	mov [0x26], [0xAB]	;@raw=0x01,0x26,0xAB
	mov [0x1C], 0x0017	;@raw=0x00,0x1C,0x00,0x17
	call LABEL_47AB	;@raw=0x04,0x47,0xAB

LABEL_476A:
	jl [0xAD], 0x00, LABEL_477D	;@raw=0x0A,0x04,0xAD,0x00,0x47,0x7D
	mov [0x24], [0xAC]	;@raw=0x01,0x24,0xAC
	mov [0x26], [0xAE]	;@raw=0x01,0x26,0xAE
	mov [0x1C], 0x0018	;@raw=0x00,0x1C,0x00,0x18
	call LABEL_47AB	;@raw=0x04,0x47,0xAB

LABEL_477D:
	ret	;@raw=0x05

LABEL_477E:
	jne [0x72], [HACK_VAR_67], LABEL_4794	;@raw=0x0A,0x81,0x72,0x67,0x47,0x94
	mov [0x24], [0x70]	;@raw=0x01,0x24,0x70
	mov [0x25], [0x71]	;@raw=0x01,0x25,0x71
	mov [0x26], [0x73]	;@raw=0x01,0x26,0x73
	mov [0x1C], 0x0029	;@raw=0x00,0x1C,0x00,0x29
	call LABEL_4810	;@raw=0x04,0x48,0x10

LABEL_4794:
	jne [0x7A], [HACK_VAR_67], LABEL_47AA	;@raw=0x0A,0x81,0x7A,0x67,0x47,0xAA
	mov [0x24], [0x78]	;@raw=0x01,0x24,0x78
	mov [0x25], [0x79]	;@raw=0x01,0x25,0x79
	mov [0x26], [0x7B]	;@raw=0x01,0x26,0x7B
	mov [0x1C], 0x002A	;@raw=0x00,0x1C,0x00,0x2A
	call LABEL_4810	;@raw=0x04,0x48,0x10

LABEL_47AA:
	ret	;@raw=0x05

LABEL_47AB:
	jl [0x26], 0x00, LABEL_47B7	;@raw=0x0A,0x04,0x26,0x00,0x47,0xB7
	mov [0x25], [0x40]	;@raw=0x01,0x25,0x40
	jmp LABEL_47BE	;@raw=0x07,0x47,0xBE

LABEL_47B7:
	sub [0x26], 0x8000	;@raw=0x03,0x26,0x80,0x00
	mov [0x25], [0x44]	;@raw=0x01,0x25,0x44

LABEL_47BE:
	jne [HACK_VAR_67], [0x26], TRIVIAL_RET	;@raw=0x0A,0x81,0x67,0x26,0x48,0x5D
	jg [0x27], [0x25], TRIVIAL_RET	;@raw=0x0A,0x82,0x27,0x25,0x48,0x5D
	sub [0x25], 0x0046	;@raw=0x03,0x25,0xFF,0xBA
	jmp LABEL_4830	;@raw=0x07,0x48,0x30
	jge [0x1C], 0x4000, TRIVIAL_RET	;@raw=0x0A,0x43,0x1C,0x40,0x00,0x48,0x5D
	jg [0x27], [0x25], TRIVIAL_RET	;@raw=0x0A,0x82,0x27,0x25,0x48,0x5D
	sub [0x25], 0x0010	;@raw=0x03,0x25,0xFF,0xF0
	jmp LABEL_4830	;@raw=0x07,0x48,0x30

LABEL_47E5:
	jge [0x26], 0x4000, TRIVIAL_RET	;@raw=0x0A,0x43,0x26,0x40,0x00,0x48,0x5D
	jg [0x27], [0x25], TRIVIAL_RET	;@raw=0x0A,0x82,0x27,0x25,0x48,0x5D
	jne [0x26], 0x08, LABEL_47FF	;@raw=0x0A,0x01,0x26,0x08,0x47,0xFF
	sub [0x25], 0x000A	;@raw=0x03,0x25,0xFF,0xF6
	jmp LABEL_4830	;@raw=0x07,0x48,0x30

LABEL_47FF:
	sub [0x25], 0x0020	;@raw=0x03,0x25,0xFF,0xE0
	jl [0x26], 0x20, LABEL_4830	;@raw=0x0A,0x04,0x26,0x20,0x48,0x30
	sub [0x25], 0x0010	;@raw=0x03,0x25,0xFF,0xF0
	jmp LABEL_4830	;@raw=0x07,0x48,0x30

LABEL_4810:
	jge [0x26], 0x4000, TRIVIAL_RET	;@raw=0x0A,0x43,0x26,0x40,0x00,0x48,0x5D
	jg [0x27], [0x25], TRIVIAL_RET	;@raw=0x0A,0x82,0x27,0x25,0x48,0x5D
	sub [0x25], 0x0032	;@raw=0x03,0x25,0xFF,0xCE
	jl [0x26], 0x2000, LABEL_4830	;@raw=0x0A,0x44,0x26,0x20,0x00,0x48,0x30
	sub [0x26], 0x2000	;@raw=0x03,0x26,0xE0,0x00
	sub [0x25], 0x0010	;@raw=0x03,0x25,0xFF,0xF0

LABEL_4830:
	jl [0x27], [0x25], TRIVIAL_RET	;@raw=0x0A,0x84,0x27,0x25,0x48,0x5D
	jg [0x21], [0x22], LABEL_484B	;@raw=0x0A,0x82,0x21,0x22,0x48,0x4B
	jl [0x24], [0x21], TRIVIAL_RET	;@raw=0x0A,0x84,0x24,0x21,0x48,0x5D
	jg [0x24], [0x22], TRIVIAL_RET	;@raw=0x0A,0x82,0x24,0x22,0x48,0x5D
	jmp LABEL_4857	;@raw=0x07,0x48,0x57

LABEL_484B:
	jg [0x24], [0x21], TRIVIAL_RET	;@raw=0x0A,0x82,0x24,0x21,0x48,0x5D
	jl [0x24], [0x22], TRIVIAL_RET	;@raw=0x0A,0x84,0x24,0x22,0x48,0x5D

LABEL_4857:
	mov [0x22], [0x24]	;@raw=0x01,0x22,0x24
	mov [0x1D], [0x1C]	;@raw=0x01,0x1D,0x1C

TRIVIAL_RET:
	ret	;@raw=0x05

LABEL_485E:
	je [0x0F], 0x00, LABEL_486E	;@raw=0x0A,0x00,0x0F,0x00,0x48,0x6E
	mov [0x2A], 0x002A	;@raw=0x00,0x2A,0x00,0x2A
	je [0x28], [0x01], LABEL_486E	;@raw=0x0A,0x80,0x28,0x01,0x48,0x6E

LABEL_486E:
	je [0x32], 0x00, HANDLE_HORIZ_VAR01_VS_VAR28	;@raw=0x0A,0x00,0x32,0x00,0x48,0x78
	mov [0x28], [0x01]	;@raw=0x01,0x28,0x01
	ret	;@raw=0x05

HANDLE_HORIZ_VAR01_VS_VAR28:
	call LABEL_86DE	;@raw=0x04,0x86,0xDE
	mov [0x22], [0x01]	;@raw=0x01,0x22,0x01
	jl [0x01], [0x28], LABEL_48B4	;@raw=0x0A,0x84,0x01,0x28,0x48,0xB4
	jl [0x01], [0x28], LABEL_4897	;@raw=0x0A,0x84,0x01,0x28,0x48,0x97
	mov [0x21], [0x04]	;@raw=0x01,0x21,0x04
	and [0x21], 0x0010	;@raw=0x14,0x21,0x00,0x10
	je [0x21], 0x00, LABEL_48B4	;@raw=0x0A,0x00,0x21,0x00,0x48,0xB4

LABEL_4897:
	mov [0x21], [0x28]	;@raw=0x01,0x21,0x28
	add [0x22], [0x2A]	;@raw=0x02,0x22,0x2A
	call LABEL_48DC	;@raw=0x04,0x48,0xDC
	sub [0x22], [0x2A]	;@raw=0x13,0x22,0x2A
	jge [0x22], [0x01], LABEL_48B0	;@raw=0x0A,0x83,0x22,0x01,0x48,0xB0
	mov [0x01], [0x22]	;@raw=0x01,0x01,0x22
	mov [0x28], [0x01]	;@raw=0x01,0x28,0x01
	ret	;@raw=0x05

LABEL_48B0:
	mov [0x28], [0x01]	;@raw=0x01,0x28,0x01
	ret	;@raw=0x05

LABEL_48B4:
	mov [0x21], [0x28]	;@raw=0x01,0x21,0x28
	sub [0x22], [0x2A]	;@raw=0x13,0x22,0x2A
	call LABEL_48DC	;@raw=0x04,0x48,0xDC
	add [0x22], [0x2A]	;@raw=0x02,0x22,0x2A
	jle [0x22], [0x01], LABEL_48B0	;@raw=0x0A,0x85,0x22,0x01,0x48,0xB0
	mov [0x01], [0x22]	;@raw=0x01,0x01,0x22
	mov [0x28], [0x01]	;@raw=0x01,0x28,0x01
	ret	;@raw=0x05
LABEL_48CD:
	db 0x11

LABEL_48CE:
	mov [0x23], 0x0000	;@raw=0x00,0x23,0x00,0x00
	jg [0x27], [0x44], LABEL_48DC	;@raw=0x0A,0x82,0x27,0x44,0x48,0xDC
	mov [0x23], 0x0001	;@raw=0x00,0x23,0x00,0x01

LABEL_48DC:
	jl [0x22], [0x21], LABEL_492D	;@raw=0x0A,0x84,0x22,0x21,0x49,0x2D
	je [0x23], 0x00, LABEL_48F8	;@raw=0x0A,0x00,0x23,0x00,0x48,0xF8
	jg [0x47], [0x22], LABEL_4905	;@raw=0x0A,0x82,0x47,0x22,0x49,0x05
	mov [0x22], [0x47]	;@raw=0x01,0x22,0x47
	mov [0x1D], 0x0004	;@raw=0x00,0x1D,0x00,0x04
	jmp LABEL_4905	;@raw=0x07,0x49,0x05

LABEL_48F8:
	jg [0x43], [0x22], LABEL_4905	;@raw=0x0A,0x82,0x43,0x22,0x49,0x05
	mov [0x22], [0x43]	;@raw=0x01,0x22,0x43
	mov [0x1D], 0x0002	;@raw=0x00,0x1D,0x00,0x02

LABEL_4905:
	mov [0x24], [0x48]	;@raw=0x01,0x24,0x48
	mov [0x25], [0x49]	;@raw=0x01,0x25,0x49
	mov [0x1C], 0x000A	;@raw=0x00,0x1C,0x00,0x0A
	call LABEL_49FC	;@raw=0x04,0x49,0xFC
	mov [0x24], [0x4A]	;@raw=0x01,0x24,0x4A
	mov [0x25], [0x4B]	;@raw=0x01,0x25,0x4B
	mov [0x1C], 0x000B	;@raw=0x00,0x1C,0x00,0x0B
	call LABEL_49FC	;@raw=0x04,0x49,0xFC
	mov [0x24], [0x4C]	;@raw=0x01,0x24,0x4C
	mov [0x25], [0x4B]	;@raw=0x01,0x25,0x4B
	mov [0x1C], 0x000C	;@raw=0x00,0x1C,0x00,0x0C
	call LABEL_49FC	;@raw=0x04,0x49,0xFC
	ret	;@raw=0x05

LABEL_492D:
	je [0x23], 0x00, LABEL_4943	;@raw=0x0A,0x00,0x23,0x00,0x49,0x43
	jl [0x46], [0x22], LABEL_4950	;@raw=0x0A,0x84,0x46,0x22,0x49,0x50
	mov [0x22], [0x46]	;@raw=0x01,0x22,0x46
	mov [0x1D], 0x0003	;@raw=0x00,0x1D,0x00,0x03
	jmp LABEL_4950	;@raw=0x07,0x49,0x50

LABEL_4943:
	jl [0x42], [0x22], LABEL_4950	;@raw=0x0A,0x84,0x42,0x22,0x49,0x50
	mov [0x22], [0x42]	;@raw=0x01,0x22,0x42
	mov [0x1D], 0x0001	;@raw=0x00,0x1D,0x00,0x01

LABEL_4950:
	mov [0x24], [0x48]	;@raw=0x01,0x24,0x48
	mov [0x25], [0x49]	;@raw=0x01,0x25,0x49
	mov [0x1C], 0x000A	;@raw=0x00,0x1C,0x00,0x0A
	call LABEL_4978	;@raw=0x04,0x49,0x78
	mov [0x24], [0x4A]	;@raw=0x01,0x24,0x4A
	mov [0x25], [0x4B]	;@raw=0x01,0x25,0x4B
	mov [0x1C], 0x000B	;@raw=0x00,0x1C,0x00,0x0B
	call LABEL_4978	;@raw=0x04,0x49,0x78
	mov [0x24], [0x4C]	;@raw=0x01,0x24,0x4C
	mov [0x25], [0x4B]	;@raw=0x01,0x25,0x4B
	mov [0x1C], 0x000C	;@raw=0x00,0x1C,0x00,0x0C
	call LABEL_4978	;@raw=0x04,0x49,0x78
	ret	;@raw=0x05

LABEL_4978:
	jge [0x25], 0x2000, LABEL_49FB	;@raw=0x0A,0x43,0x25,0x20,0x00,0x49,0xFB
	jge [0x25], 0x1000, LABEL_498F	;@raw=0x0A,0x43,0x25,0x10,0x00,0x49,0x8F
	je [0x23], 0x01, LABEL_49FB	;@raw=0x0A,0x00,0x23,0x01,0x49,0xFB
	jmp LABEL_4999	;@raw=0x07,0x49,0x99

LABEL_498F:
	sub [0x25], 0x1000	;@raw=0x03,0x25,0xF0,0x00
	je [0x23], 0x00, LABEL_49FB	;@raw=0x0A,0x00,0x23,0x00,0x49,0xFB

LABEL_4999:
	add [0x24], 0x0008	;@raw=0x03,0x24,0x00,0x08
	jl [0x25], 0x0200, LABEL_49BA	;@raw=0x0A,0x44,0x25,0x02,0x00,0x49,0xBA
	sub [0x25], 0x0200	;@raw=0x03,0x25,0xFE,0x00
	jg [0x24], [0x21], LABEL_49FB	;@raw=0x0A,0x82,0x24,0x21,0x49,0xFB
	jl [0x24], [0x22], LABEL_49BA	;@raw=0x0A,0x84,0x24,0x22,0x49,0xBA
	mov [0x22], [0x24]	;@raw=0x01,0x22,0x24
	mov [0x1D], [0x1C]	;@raw=0x01,0x1D,0x1C

LABEL_49BA:
	add [0x24], 0x000A	;@raw=0x03,0x24,0x00,0x0A
	jl [0x25], 0x0100, LABEL_49DB	;@raw=0x0A,0x44,0x25,0x01,0x00,0x49,0xDB
	sub [0x25], 0x0100	;@raw=0x03,0x25,0xFF,0x00
	jg [0x24], [0x21], LABEL_49FB	;@raw=0x0A,0x82,0x24,0x21,0x49,0xFB
	jl [0x24], [0x22], LABEL_49DB	;@raw=0x0A,0x84,0x24,0x22,0x49,0xDB
	mov [0x22], [0x24]	;@raw=0x01,0x22,0x24
	mov [0x1D], [0x1C]	;@raw=0x01,0x1D,0x1C

LABEL_49DB:
	add [0x24], 0x000A	;@raw=0x03,0x24,0x00,0x0A
	jl [0x25], 0x80, LABEL_49FB	;@raw=0x0A,0x04,0x25,0x80,0x49,0xFB
	sub [0x25], 0x0080	;@raw=0x03,0x25,0xFF,0x80
	jg [0x24], [0x21], LABEL_49FB	;@raw=0x0A,0x82,0x24,0x21,0x49,0xFB
	jl [0x24], [0x22], LABEL_49FB	;@raw=0x0A,0x84,0x24,0x22,0x49,0xFB
	mov [0x22], [0x24]	;@raw=0x01,0x22,0x24
	mov [0x1D], [0x1C]	;@raw=0x01,0x1D,0x1C

LABEL_49FB:
	ret	;@raw=0x05

LABEL_49FC:
	jge [0x25], 0x2000, LABEL_4A69	;@raw=0x0A,0x43,0x25,0x20,0x00,0x4A,0x69
	jge [0x25], 0x1000, LABEL_4A13	;@raw=0x0A,0x43,0x25,0x10,0x00,0x4A,0x13
	je [0x23], 0x01, LABEL_4A69	;@raw=0x0A,0x00,0x23,0x01,0x4A,0x69
	jmp LABEL_4A1D	;@raw=0x07,0x4A,0x1D

LABEL_4A13:
	sub [0x25], 0x1000	;@raw=0x03,0x25,0xF0,0x00
	je [0x23], 0x00, LABEL_4A69	;@raw=0x0A,0x00,0x23,0x00,0x4A,0x69

LABEL_4A1D:
	jl [0x25], 0x0200, LABEL_4A33	;@raw=0x0A,0x44,0x25,0x02,0x00,0x4A,0x33
	jl [0x24], [0x21], LABEL_4A33	;@raw=0x0A,0x84,0x24,0x21,0x4A,0x33
	jg [0x24], [0x22], LABEL_4A33	;@raw=0x0A,0x82,0x24,0x22,0x4A,0x33
	jmp LABEL_4A63	;@raw=0x07,0x4A,0x63

LABEL_4A33:
	add [0x24], 0x000A	;@raw=0x03,0x24,0x00,0x0A
	jl [0x25], 0x0100, LABEL_4A4D	;@raw=0x0A,0x44,0x25,0x01,0x00,0x4A,0x4D
	jl [0x24], [0x21], LABEL_4A4D	;@raw=0x0A,0x84,0x24,0x21,0x4A,0x4D
	jg [0x24], [0x22], LABEL_4A4D	;@raw=0x0A,0x82,0x24,0x22,0x4A,0x4D
	jmp LABEL_4A63	;@raw=0x07,0x4A,0x63

LABEL_4A4D:
	add [0x24], 0x000A	;@raw=0x03,0x24,0x00,0x0A
	jl [0x25], 0x80, LABEL_4A69	;@raw=0x0A,0x04,0x25,0x80,0x4A,0x69
	jl [0x24], [0x21], LABEL_4A69	;@raw=0x0A,0x84,0x24,0x21,0x4A,0x69
	jg [0x24], [0x22], LABEL_4A69	;@raw=0x0A,0x82,0x24,0x22,0x4A,0x69

LABEL_4A63:
	mov [0x22], [0x24]	;@raw=0x01,0x22,0x24
	mov [0x1D], [0x1C]	;@raw=0x01,0x1D,0x1C

LABEL_4A69:
	ret	;@raw=0x05
	mov [0xF8], 0x0000	;@raw=0x00,0xF8,0x00,0x00
	mov [0x21], 0x0010	;@raw=0x00,0x21,0x00,0x10

LABEL_4A72:
	video type=1, offset=CINEMATIC_693, x=134, y=[0xf8], zoom=0x40	;@raw=0x64,0x41,0x33,0x86,0xF8
	add [0xF8], 0x0010	;@raw=0x03,0xF8,0x00,0x10
	djnz [0x21], LABEL_4A72	;@raw=0x09,0x21,0x4A,0x72
	killChannel	;@raw=0x11

DRAW_CIN_SEQ_085_085_086:
	video type=1, offset=CINEMATIC_085, x=132, y=39	;@raw=0xD0,0xD6,0x84,0x27
	video type=1, offset=CINEMATIC_085, x=297, y=39, zoom=0x40	;@raw=0x78,0x50,0xD6,0x29,0x27
	video type=1, offset=CINEMATIC_086, x=132, y=39	;@raw=0xD0,0xF8,0x84,0x27
	video type=1, offset=CINEMATIC_086, x=297, y=39, zoom=0x40	;@raw=0x78,0x50,0xF8,0x29,0x27
	ret	;@raw=0x05
LABEL_4A93:
	db 0x11

LABEL_4A94:
	fill page=0x00, color=0x03	;@raw=0x0E,0x00,0x03
	video type=1, offset=CINEMATIC_305, x=160, y=100	;@raw=0xA6,0x89,0xA0,0x64
	video type=1, offset=CINEMATIC_306, x=160, y=100	;@raw=0xCC,0x98,0xA0,0x64
	video type=1, offset=CINEMATIC_307, x=160, y=100	;@raw=0xD2,0xEB,0xA0,0x64
	video type=1, offset=CINEMATIC_308, x=160, y=100	;@raw=0xCF,0x30,0xA0,0x64
	video type=1, offset=CINEMATIC_309, x=160, y=100	;@raw=0xD0,0x29,0xA0,0x64
	ret	;@raw=0x05

LABEL_4AAC:
	fill page=0x00, color=0x03	;@raw=0x0E,0x00,0x03
	video type=1, offset=CINEMATIC_305, x=160, y=100	;@raw=0xA6,0x89,0xA0,0x64
	video type=1, offset=CINEMATIC_328, x=160, y=100	;@raw=0xCC,0xF8,0xA0,0x64
	video type=1, offset=CINEMATIC_329, x=160, y=100	;@raw=0xCD,0xEC,0xA0,0x64
	video type=1, offset=CINEMATIC_330, x=160, y=100	;@raw=0xD3,0x2C,0xA0,0x64
	video type=1, offset=CINEMATIC_331, x=160, y=100	;@raw=0xD3,0x3E,0xA0,0x64
	video type=1, offset=CINEMATIC_332, x=160, y=100	;@raw=0xCD,0xFA,0xA0,0x64
	video type=1, offset=CINEMATIC_333, x=160, y=100	;@raw=0xE3,0x99,0xA0,0x64
	ret	;@raw=0x05

LABEL_4ACC:
	mov [0x65], 0x0000	;@raw=0x00,0x65,0x00,0x00
	call LABEL_8189	;@raw=0x04,0x81,0x89
	selectVideoPage 0x00	;@raw=0x0D,0x00
	copyVideoPage src=0x03, dst=0x00	;@raw=0x0F,0x03,0x00
	video type=1, offset=CINEMATIC_428, x=160, y=100	;@raw=0xD4,0x26,0xA0,0x64
	video type=1, offset=CINEMATIC_429, x=160, y=100	;@raw=0xD5,0x5A,0xA0,0x64
	video type=1, offset=CINEMATIC_430, x=160, y=100	;@raw=0xD3,0xFD,0xA0,0x64
	video type=1, offset=CINEMATIC_305, x=160, y=100	;@raw=0xA6,0x89,0xA0,0x64
	video type=1, offset=CINEMATIC_431, x=160, y=100	;@raw=0xD2,0xB0,0xA0,0x64
	video type=1, offset=CINEMATIC_432, x=160, y=100	;@raw=0xD2,0x6C,0xA0,0x64
	video type=1, offset=CINEMATIC_433, x=160, y=100	;@raw=0xD3,0x44,0xA0,0x64
	ret	;@raw=0x05

LABEL_4AF5:
	call LABEL_8189	;@raw=0x04,0x81,0x89
	selectVideoPage 0x00	;@raw=0x0D,0x00
	copyVideoPage src=0x03, dst=0x00	;@raw=0x0F,0x03,0x00
	video type=1, offset=CINEMATIC_448, x=160, y=100	;@raw=0xD7,0xCF,0xA0,0x64
	video type=1, offset=CINEMATIC_449, x=160, y=100	;@raw=0xD9,0x36,0xA0,0x64
	video type=1, offset=CINEMATIC_450, x=160, y=100	;@raw=0xD9,0x66,0xA0,0x64
	video type=1, offset=CINEMATIC_451, x=160, y=100	;@raw=0xD9,0xB2,0xA0,0x64
	ret	;@raw=0x05

LABEL_4B0E:
	mov [0x65], 0x0000	;@raw=0x00,0x65,0x00,0x00
	call LABEL_8189	;@raw=0x04,0x81,0x89
	selectVideoPage 0x00	;@raw=0x0D,0x00
	copyVideoPage src=0x03, dst=0x00	;@raw=0x0F,0x03,0x00
	video type=1, offset=CINEMATIC_434, x=160, y=100	;@raw=0xD8,0x49,0xA0,0x64
	video type=1, offset=CINEMATIC_435, x=160, y=100	;@raw=0xE0,0x3B,0xA0,0x64
	video type=1, offset=CINEMATIC_436, x=160, y=100	;@raw=0xE3,0x15,0xA0,0x64
	video type=1, offset=CINEMATIC_437, x=160, y=100	;@raw=0xE3,0x4B,0xA0,0x64
	ret	;@raw=0x05

LABEL_4B2B:
	call LABEL_8189	;@raw=0x04,0x81,0x89
	selectVideoPage 0x00	;@raw=0x0D,0x00
	copyVideoPage src=0x03, dst=0x00	;@raw=0x0F,0x03,0x00
	video type=1, offset=CINEMATIC_458, x=160, y=100	;@raw=0xDB,0xC4,0xA0,0x64
	ret	;@raw=0x05

FILL_AND_DRAW_CIN_24_28:
	fill page=0x00, color=0x00	;@raw=0x0E,0x00,0x00
	video type=1, offset=CINEMATIC_024, x=160, y=100	;@raw=0xC8,0x09,0xA0,0x64
	video type=1, offset=CINEMATIC_025, x=160, y=100	;@raw=0xC9,0xC0,0xA0,0x64
	video type=1, offset=CINEMATIC_026, x=160, y=100	;@raw=0xC9,0xB2,0xA0,0x64
	video type=1, offset=CINEMATIC_027, x=160, y=100	;@raw=0xC8,0x3B,0xA0,0x64
	video type=1, offset=CINEMATIC_028, x=160, y=100	;@raw=0xC8,0x9B,0xA0,0x64
	video type=1, offset=CINEMATIC_029, x=160, y=400, zoom=0x40	;@raw=0x60,0x49,0x24,0xA0,0x01,0x90
	video type=1, offset=CINEMATIC_030, x=160, y=100	;@raw=0xA5,0x57,0xA0,0x64
	video type=1, offset=CINEMATIC_031, x=160, y=100	;@raw=0xAB,0xEC,0xA0,0x64
	video type=1, offset=CINEMATIC_032, x=160, y=100	;@raw=0xA6,0x50,0xA0,0x64
	video type=1, offset=CINEMATIC_033, x=160, y=100	;@raw=0xCA,0x0A,0xA0,0x64
	video type=1, offset=CINEMATIC_034, x=160, y=100	;@raw=0xC4,0x77,0xA0,0x64
	ret	;@raw=0x05

LABEL_4B6A:
	video type=1, offset=CINEMATIC_596, x=[0x07], y=[0x08], zoom=0x40	;@raw=0x54,0x22,0x93,0x07,0x08
	break	;@raw=0x06
	video type=1, offset=CINEMATIC_597, x=[0x07], y=[0x08], zoom=0x40	;@raw=0x54,0x22,0xA9,0x07,0x08
	break	;@raw=0x06
	video type=1, offset=CINEMATIC_598, x=[0x07], y=[0x08], zoom=0x40	;@raw=0x54,0x23,0x73,0x07,0x08
	break	;@raw=0x06
	video type=1, offset=CINEMATIC_599, x=[0x07], y=[0x08], zoom=0x40	;@raw=0x54,0x22,0xB7,0x07,0x08
	break	;@raw=0x06
	video type=1, offset=CINEMATIC_600, x=[0x07], y=[0x08], zoom=0x40	;@raw=0x54,0x23,0x81,0x07,0x08
	break	;@raw=0x06
	video type=1, offset=CINEMATIC_601, x=[0x07], y=[0x08], zoom=0x40	;@raw=0x54,0x22,0xC5,0x07,0x08
	break	;@raw=0x06
	video type=1, offset=CINEMATIC_602, x=[0x07], y=[0x08], zoom=0x40	;@raw=0x54,0x22,0xEF,0x07,0x08
	break	;@raw=0x06
	video type=1, offset=CINEMATIC_603, x=[0x07], y=[0x08], zoom=0x40	;@raw=0x54,0x23,0x0D,0x07,0x08
	break	;@raw=0x06
	video type=1, offset=CINEMATIC_604, x=[0x07], y=[0x08], zoom=0x40	;@raw=0x54,0x23,0xA9,0x07,0x08
	break	;@raw=0x06
	video type=1, offset=CINEMATIC_605, x=[0x07], y=[0x08], zoom=0x40	;@raw=0x54,0x23,0xB3,0x07,0x08
	break	;@raw=0x06
	video type=1, offset=CINEMATIC_606, x=[0x07], y=[0x08], zoom=0x40	;@raw=0x54,0x23,0x29,0x07,0x08
	break	;@raw=0x06
	video type=1, offset=CINEMATIC_607, x=[0x07], y=[0x08], zoom=0x40	;@raw=0x54,0x23,0xBD,0x07,0x08
	break	;@raw=0x06
	video type=1, offset=CINEMATIC_608, x=[0x07], y=[0x08], zoom=0x40	;@raw=0x54,0x23,0x33,0x07,0x08
	break	;@raw=0x06
	video type=1, offset=CINEMATIC_609, x=[0x07], y=[0x08], zoom=0x40	;@raw=0x54,0x23,0xDB,0x07,0x08
	break	;@raw=0x06
	video type=1, offset=CINEMATIC_610, x=[0x07], y=[0x08], zoom=0x40	;@raw=0x54,0x23,0xFB,0x07,0x08
	setup channel=0x22, address=LABEL_4CCF	;@raw=0x08,0x22,0x4C,0xCF
	break	;@raw=0x06
	video type=1, offset=CINEMATIC_611, x=[0x07], y=[0x08], zoom=0x40	;@raw=0x54,0x23,0x53,0x07,0x08
	break	;@raw=0x06
	video type=1, offset=CINEMATIC_612, x=[0x07], y=[0x08], zoom=0x40	;@raw=0x54,0x24,0x3D,0x07,0x08
	break	;@raw=0x06
	video type=1, offset=CINEMATIC_613, x=[0x07], y=[0x08], zoom=0x40	;@raw=0x54,0x24,0x65,0x07,0x08
	break	;@raw=0x06
	video type=1, offset=CINEMATIC_614, x=[0x07], y=[0x08], zoom=0x40	;@raw=0x54,0x24,0x95,0x07,0x08
	setup channel=0x22, address=KILL_CHANNEL_LANDING	;@raw=0x08,0x22,0x01,0xA1
	break	;@raw=0x06
	video type=1, offset=CINEMATIC_342, x=[0x07], y=[0x08], zoom=0x40	;@raw=0x54,0x25,0x25,0x07,0x08
	break	;@raw=0x06
	setup channel=0x08, address=LABEL_4C9C	;@raw=0x08,0x08,0x4C,0x9C
	video type=1, offset=CINEMATIC_615, x=[0x07], y=[0x08], zoom=0x40	;@raw=0x54,0x29,0x31,0x07,0x08
	video type=1, offset=CINEMATIC_616, x=[0x07], y=[0x08], zoom=0x40	;@raw=0x54,0x24,0xFD,0x07,0x08
	break	;@raw=0x06
	video type=1, offset=CINEMATIC_617, x=[0x07], y=[0x08], zoom=0x40	;@raw=0x54,0x29,0x3D,0x07,0x08
	video type=1, offset=CINEMATIC_618, x=[0x07], y=[0x08], zoom=0x40	;@raw=0x54,0x28,0xB9,0x07,0x08
	break	;@raw=0x06
	video type=1, offset=CINEMATIC_619, x=[0x07], y=[0x08], zoom=0x40	;@raw=0x54,0x29,0x49,0x07,0x08
	video type=1, offset=CINEMATIC_620, x=[0x07], y=[0x08], zoom=0x40	;@raw=0x54,0x28,0xE1,0x07,0x08
	break	;@raw=0x06
	video type=1, offset=CINEMATIC_621, x=[0x07], y=[0x08], zoom=0x40	;@raw=0x54,0x29,0x55,0x07,0x08
	video type=1, offset=CINEMATIC_622, x=[0x07], y=[0x08], zoom=0x40	;@raw=0x54,0x29,0x09,0x07,0x08
	break	;@raw=0x06
	video type=1, offset=CINEMATIC_623, x=[0x07], y=[0x08], zoom=0x40	;@raw=0x54,0x29,0x61,0x07,0x08
	video type=1, offset=CINEMATIC_622, x=[0x07], y=[0x08], zoom=0x40	;@raw=0x54,0x29,0x09,0x07,0x08
	break	;@raw=0x06
	video type=1, offset=CINEMATIC_620, x=[0x07], y=[0x08], zoom=0x40	;@raw=0x54,0x28,0xE1,0x07,0x08
	break	;@raw=0x06
	video type=1, offset=CINEMATIC_618, x=[0x07], y=[0x08], zoom=0x40	;@raw=0x54,0x28,0xB9,0x07,0x08
	break	;@raw=0x06
	video type=1, offset=CINEMATIC_620, x=[0x07], y=[0x08], zoom=0x40	;@raw=0x54,0x28,0xE1,0x07,0x08
	break	;@raw=0x06
	video type=1, offset=CINEMATIC_622, x=[0x07], y=[0x08], zoom=0x40	;@raw=0x54,0x29,0x09,0x07,0x08
	break	;@raw=0x06
	video type=1, offset=CINEMATIC_622, x=[0x07], y=[0x08], zoom=0x40	;@raw=0x54,0x29,0x09,0x07,0x08
	break	;@raw=0x06
	video type=1, offset=CINEMATIC_618, x=[0x07], y=[0x08], zoom=0x40	;@raw=0x54,0x28,0xB9,0x07,0x08
	break	;@raw=0x06
	video type=1, offset=CINEMATIC_616, x=[0x07], y=[0x08], zoom=0x40	;@raw=0x54,0x24,0xFD,0x07,0x08
	break	;@raw=0x06
	video type=1, offset=CINEMATIC_616, x=[0x07], y=[0x08], zoom=0x40	;@raw=0x54,0x24,0xFD,0x07,0x08
	setup channel=0x21, address=LABEL_141E	;@raw=0x08,0x21,0x14,0x1E
	setup channel=0x22, address=LABEL_1BBC	;@raw=0x08,0x22,0x1B,0xBC
	setup channel=0x24, address=LABEL_1441	;@raw=0x08,0x24,0x14,0x41
	mov [HACK_VAR_67], 0x0001	;@raw=0x00,0x67,0x00,0x01
	mov [0x68], 0x0118	;@raw=0x00,0x68,0x01,0x18
	mov [0x69], 0x00B6	;@raw=0x00,0x69,0x00,0xB6
	mov [0x6A], 0x0001	;@raw=0x00,0x6A,0x00,0x01
	mov [0x6B], 0x2000	;@raw=0x00,0x6B,0x20,0x00
	mov [0x6D], 0x0011	;@raw=0x00,0x6D,0x00,0x11
	break	;@raw=0x06
	video type=1, offset=CINEMATIC_616, x=[0x07], y=[0x08], zoom=0x40	;@raw=0x54,0x24,0xFD,0x07,0x08
	setup channel=0x08, address=LABEL_4C83	;@raw=0x08,0x08,0x4C,0x83
	killChannel	;@raw=0x11

LABEL_4C83:
	video type=1, offset=CINEMATIC_624, x=160, y=100	;@raw=0xA8,0xA6,0xA0,0x64
	break	;@raw=0x06
	video type=1, offset=CINEMATIC_625, x=160, y=100	;@raw=0xA8,0x95,0xA0,0x64
	break	;@raw=0x06
	video type=1, offset=CINEMATIC_626, x=160, y=100	;@raw=0xA8,0x86,0xA0,0x64
	break	;@raw=0x06
	video type=1, offset=CINEMATIC_627, x=160, y=100	;@raw=0xA8,0x6D,0xA0,0x64
	break	;@raw=0x06
	video type=1, offset=CINEMATIC_628, x=160, y=100	;@raw=0xA8,0x5A,0xA0,0x64
	killChannel	;@raw=0x11

LABEL_4C9C:
	video type=1, offset=CINEMATIC_628, x=160, y=100	;@raw=0xA8,0x5A,0xA0,0x64
	break	;@raw=0x06
	video type=1, offset=CINEMATIC_627, x=160, y=100	;@raw=0xA8,0x6D,0xA0,0x64
	break	;@raw=0x06
	video type=1, offset=CINEMATIC_626, x=160, y=100	;@raw=0xA8,0x86,0xA0,0x64
	break	;@raw=0x06
	video type=1, offset=CINEMATIC_625, x=160, y=100	;@raw=0xA8,0x95,0xA0,0x64
	break	;@raw=0x06

HANG_DRAW_CIN_624:
	video type=1, offset=CINEMATIC_624, x=160, y=100	;@raw=0xA8,0xA6,0xA0,0x64
	break	;@raw=0x06
	jmp HANG_DRAW_CIN_624	;@raw=0x07,0x4C,0xB0
LABEL_4CB8:
	db 0x11

LABEL_4CB9:
	mov [0x07], 0x0118	;@raw=0x00,0x07,0x01,0x18
	mov [0x08], 0x00B6	;@raw=0x00,0x08,0x00,0xB6
	mov [PAUSE_SLICES], 0x0007	;@raw=0x00,0xFF,0x00,0x07
	video type=1, offset=CINEMATIC_633, x=[0x07], y=[0x08], zoom=0x40	;@raw=0x54,0x24,0x1B,0x07,0x08
	break	;@raw=0x06
	jmp LABEL_4CB9	;@raw=0x07,0x4C,0xB9
LABEL_4CCE:
	db 0x11

LABEL_4CCF:
	video type=1, offset=CINEMATIC_229, x=[0x07], y=[0x08], zoom=0x40	;@raw=0x54,0x68,0x8A,0x07,0x08
	video type=1, offset=CINEMATIC_632, x=[0x07], y=[0x08], zoom=0x40	;@raw=0x54,0x16,0x26,0x07,0x08

LABEL_4CD9:
	break	;@raw=0x06
	video type=1, offset=CINEMATIC_237, x=[0x07], y=[0x08], zoom=0x40	;@raw=0x54,0x5F,0xB2,0x07,0x08
	video type=1, offset=CINEMATIC_632, x=[0x07], y=[0x08], zoom=0x40	;@raw=0x54,0x16,0x26,0x07,0x08
	jmp LABEL_4CD9	;@raw=0x07,0x4C,0xD9
LABEL_4CE7:
	db 0x11

LABEL_4CE8:
	setPalette 0x0B	;@raw=0x0B,0x0B,0xFF
	selectVideoPage 0x00	;@raw=0x0D,0x00
	fill page=0x00, color=0x04	;@raw=0x0E,0x00,0x04
	video type=1, offset=CINEMATIC_683, x=160, y=100	;@raw=0x97,0x51,0xA0,0x64
	video type=1, offset=CINEMATIC_684, x=160, y=100	;@raw=0x99,0x60,0xA0,0x64
	video type=1, offset=CINEMATIC_685, x=160, y=100	;@raw=0x9B,0xC1,0xA0,0x64
	copyVideoPage src=0x00, dst=0xFF	;@raw=0x0F,0x00,0xFF
	selectVideoPage 0xFF	;@raw=0x0D,0xFF
	mov [0x1A], 0x00A0	;@raw=0x00,0x1A,0x00,0xA0
	mov [0x1B], 0x0064	;@raw=0x00,0x1B,0x00,0x64
	mov [0x15], 0x0000	;@raw=0x00,0x15,0x00,0x00
	mov [0x14], 0x0007	;@raw=0x00,0x14,0x00,0x07

DELAY_LOOP_VAR14:
	break	;@raw=0x06
	djnz [0x14], DELAY_LOOP_VAR14	;@raw=0x09,0x14,0x4D,0x11
	mov [0x14], 0x0005	;@raw=0x00,0x14,0x00,0x05

LABEL_4D1A:
	break	;@raw=0x06
	add [0x15], 0x0002	;@raw=0x03,0x15,0x00,0x02
	djnz [0x14], LABEL_4D1A	;@raw=0x09,0x14,0x4D,0x1A
	break	;@raw=0x06
	mov [0x14], 0x000A	;@raw=0x00,0x14,0x00,0x0A

LABEL_4D28:
	break	;@raw=0x06
	sub [0x15], 0x0001	;@raw=0x03,0x15,0xFF,0xFF
	djnz [0x14], LABEL_4D28	;@raw=0x09,0x14,0x4D,0x28
	mov [0x14], 0x0008	;@raw=0x00,0x14,0x00,0x08

DELAY_LOOP_VAR14_AT_4D35:
	break	;@raw=0x06
	djnz [0x14], DELAY_LOOP_VAR14_AT_4D35	;@raw=0x09,0x14,0x4D,0x35
	mov [0x14], 0x0004	;@raw=0x00,0x14,0x00,0x04

LABEL_4D3E:
	break	;@raw=0x06
	add [0x15], 0x0004	;@raw=0x03,0x15,0x00,0x04
	djnz [0x14], LABEL_4D3E	;@raw=0x09,0x14,0x4D,0x3E
	mov [0x14], 0x0004	;@raw=0x00,0x14,0x00,0x04

LABEL_4D4B:
	break	;@raw=0x06
	add [0x15], 0x0002	;@raw=0x03,0x15,0x00,0x02
	djnz [0x14], LABEL_4D4B	;@raw=0x09,0x14,0x4D,0x4B
	mov [0x14], 0x000E	;@raw=0x00,0x14,0x00,0x0E

LABEL_4D58:
	break	;@raw=0x06
	sub [0x15], 0x0001	;@raw=0x03,0x15,0xFF,0xFF
	djnz [0x14], LABEL_4D58	;@raw=0x09,0x14,0x4D,0x58
	break	;@raw=0x06
	sub [0x15], 0x0002	;@raw=0x03,0x15,0xFF,0xFE
	break	;@raw=0x06
	sub [0x15], 0x0008	;@raw=0x03,0x15,0xFF,0xF8
	break	;@raw=0x06
	add [0x16], 0x0001	;@raw=0x03,0x16,0x00,0x01
	break	;@raw=0x06
	add [0x15], 0x0014	;@raw=0x03,0x15,0x00,0x14
	break	;@raw=0x06
	sub [0x16], 0x0001	;@raw=0x03,0x16,0xFF,0xFF
	mov [0x14], 0x0004	;@raw=0x00,0x14,0x00,0x04
	add [0x15], 0x0002	;@raw=0x03,0x15,0x00,0x02

LABEL_4D82:
	break	;@raw=0x06
	add [0x15], 0x0002	;@raw=0x03,0x15,0x00,0x02
	djnz [0x14], LABEL_4D82	;@raw=0x09,0x14,0x4D,0x82
	mov [0x14], 0x0006	;@raw=0x00,0x14,0x00,0x06

DELAY_LOOP_VAR14_AT_4D8F:
	break	;@raw=0x06
	djnz [0x14], DELAY_LOOP_VAR14_AT_4D8F	;@raw=0x09,0x14,0x4D,0x8F
	setup channel=0x3C, address=BLIT_PAGE_00_TO_FF_AND_BREAK	;@raw=0x08,0x3C,0x06,0x73
	deleteChannels first=0x01, last=0x03	;@raw=0x0C,0x01,0x03,0x02
	setup channel=0x01, address=LABEL_509D	;@raw=0x08,0x01,0x50,0x9D
	setup channel=0x02, address=LABEL_4FCC	;@raw=0x08,0x02,0x4F,0xCC
	killChannel	;@raw=0x11

LABEL_4DA5:
	mov [0x16], 0x0007	;@raw=0x00,0x16,0x00,0x07
	mov [0x17], 0x0023	;@raw=0x00,0x17,0x00,0x23

DELAY_LOOP_VAR17:
	break	;@raw=0x06
	djnz [0x17], DELAY_LOOP_VAR17	;@raw=0x09,0x17,0x4D,0xAD
	mov [0x17], 0x0004	;@raw=0x00,0x17,0x00,0x04

LABEL_4DB6:
	break	;@raw=0x06
	sub [0x16], 0x0001	;@raw=0x03,0x16,0xFF,0xFF
	djnz [0x17], LABEL_4DB6	;@raw=0x09,0x17,0x4D,0xB6
	mov [0x17], 0x0002	;@raw=0x00,0x17,0x00,0x02

LABEL_4DC3:
	break	;@raw=0x06
	break	;@raw=0x06
	sub [0x16], 0x0001	;@raw=0x03,0x16,0xFF,0xFF
	djnz [0x17], LABEL_4DC3	;@raw=0x09,0x17,0x4D,0xC3
	break	;@raw=0x06
	add [0x16], 0x0001	;@raw=0x03,0x16,0x00,0x01
	break	;@raw=0x06
	break	;@raw=0x06
	break	;@raw=0x06
	add [0x16], 0x0001	;@raw=0x03,0x16,0x00,0x01
	killChannel	;@raw=0x11

LABEL_4DDA:
	video type=1, offset=CINEMATIC_656, x=[0x1a], y=[0x1b], zoom=0x40	;@raw=0x54,0x63,0xAB,0x1A,0x1B
	jg [0x16], 0x01, LABEL_4DED	;@raw=0x0A,0x02,0x16,0x01,0x4D,0xED
	video type=1, offset=CINEMATIC_682, x=[0x1a], y=[0x1b], zoom=0x40	;@raw=0x54,0x1D,0x49,0x1A,0x1B
	jmp LABEL_4E38	;@raw=0x07,0x4E,0x38

LABEL_4DED:
	jg [0x16], 0x02, LABEL_4DFB	;@raw=0x0A,0x02,0x16,0x02,0x4D,0xFB
	video type=1, offset=CINEMATIC_681, x=[0x1a], y=[0x1b], zoom=0x40	;@raw=0x54,0x1D,0xB1,0x1A,0x1B
	jmp LABEL_4E38	;@raw=0x07,0x4E,0x38

LABEL_4DFB:
	jg [0x16], 0x03, LABEL_4E09	;@raw=0x0A,0x02,0x16,0x03,0x4E,0x09
	video type=1, offset=CINEMATIC_680, x=[0x1a], y=[0x1b], zoom=0x40	;@raw=0x54,0x1D,0xB7,0x1A,0x1B
	jmp LABEL_4E38	;@raw=0x07,0x4E,0x38

LABEL_4E09:
	jg [0x16], 0x04, LABEL_4E17	;@raw=0x0A,0x02,0x16,0x04,0x4E,0x17
	video type=1, offset=CINEMATIC_679, x=[0x1a], y=[0x1b], zoom=0x40	;@raw=0x54,0x1D,0xBD,0x1A,0x1B
	jmp LABEL_4E38	;@raw=0x07,0x4E,0x38

LABEL_4E17:
	jg [0x16], 0x05, LABEL_4E25	;@raw=0x0A,0x02,0x16,0x05,0x4E,0x25
	video type=1, offset=CINEMATIC_678, x=[0x1a], y=[0x1b], zoom=0x40	;@raw=0x54,0x1D,0xC3,0x1A,0x1B
	jmp LABEL_4E38	;@raw=0x07,0x4E,0x38

LABEL_4E25:
	jg [0x16], 0x06, LABEL_4E33	;@raw=0x0A,0x02,0x16,0x06,0x4E,0x33
	video type=1, offset=CINEMATIC_677, x=[0x1a], y=[0x1b], zoom=0x40	;@raw=0x54,0x1D,0xC9,0x1A,0x1B
	jmp LABEL_4E38	;@raw=0x07,0x4E,0x38

LABEL_4E33:
	video type=1, offset=CINEMATIC_657, x=[0x1a], y=[0x1b], zoom=0x40	;@raw=0x54,0x1D,0xCF,0x1A,0x1B

LABEL_4E38:
	video type=1, offset=CINEMATIC_658, x=[0x1a], y=[0x1b], zoom=0x40	;@raw=0x54,0x1B,0xC7,0x1A,0x1B
	jg [0x15], 0x00, LABEL_4E4A	;@raw=0x0A,0x02,0x15,0x00,0x4E,0x4A
	video type=1, offset=CINEMATIC_676, x=160, y=100	;@raw=0x9B,0xCD,0xA0,0x64
	jmp LABEL_4F1E	;@raw=0x07,0x4F,0x1E

LABEL_4E4A:
	jg [0x15], 0x02, LABEL_4E57	;@raw=0x0A,0x02,0x15,0x02,0x4E,0x57
	video type=1, offset=CINEMATIC_675, x=160, y=100	;@raw=0x9B,0xD3,0xA0,0x64
	jmp LABEL_4F1E	;@raw=0x07,0x4F,0x1E

LABEL_4E57:
	jg [0x15], 0x04, LABEL_4E64	;@raw=0x0A,0x02,0x15,0x04,0x4E,0x64
	video type=1, offset=CINEMATIC_674, x=160, y=100	;@raw=0x9B,0xE9,0xA0,0x64
	jmp LABEL_4F1E	;@raw=0x07,0x4F,0x1E

LABEL_4E64:
	jg [0x15], 0x06, LABEL_4E71	;@raw=0x0A,0x02,0x15,0x06,0x4E,0x71
	video type=1, offset=CINEMATIC_673, x=160, y=100	;@raw=0x9B,0xFF,0xA0,0x64
	jmp LABEL_4F1E	;@raw=0x07,0x4F,0x1E

LABEL_4E71:
	jg [0x15], 0x08, LABEL_4E7E	;@raw=0x0A,0x02,0x15,0x08,0x4E,0x7E
	video type=1, offset=CINEMATIC_672, x=160, y=100	;@raw=0x9C,0x15,0xA0,0x64
	jmp LABEL_4F1E	;@raw=0x07,0x4F,0x1E

LABEL_4E7E:
	jg [0x15], 0x0A, LABEL_4E8B	;@raw=0x0A,0x02,0x15,0x0A,0x4E,0x8B
	video type=1, offset=CINEMATIC_671, x=160, y=100	;@raw=0x9C,0x2B,0xA0,0x64
	jmp LABEL_4F1E	;@raw=0x07,0x4F,0x1E

LABEL_4E8B:
	jg [0x15], 0x0C, LABEL_4E98	;@raw=0x0A,0x02,0x15,0x0C,0x4E,0x98
	video type=1, offset=CINEMATIC_670, x=160, y=100	;@raw=0x9C,0x41,0xA0,0x64
	jmp LABEL_4F1E	;@raw=0x07,0x4F,0x1E

LABEL_4E98:
	jg [0x15], 0x0E, LABEL_4EA5	;@raw=0x0A,0x02,0x15,0x0E,0x4E,0xA5
	video type=1, offset=CINEMATIC_669, x=160, y=100	;@raw=0x9C,0x57,0xA0,0x64
	jmp LABEL_4F1E	;@raw=0x07,0x4F,0x1E

LABEL_4EA5:
	jg [0x15], 0x10, LABEL_4EB2	;@raw=0x0A,0x02,0x15,0x10,0x4E,0xB2
	video type=1, offset=CINEMATIC_668, x=160, y=100	;@raw=0x9C,0x6D,0xA0,0x64
	jmp LABEL_4F1E	;@raw=0x07,0x4F,0x1E

LABEL_4EB2:
	jg [0x15], 0x12, LABEL_4EBF	;@raw=0x0A,0x02,0x15,0x12,0x4E,0xBF
	video type=1, offset=CINEMATIC_667, x=160, y=100	;@raw=0x9C,0x83,0xA0,0x64
	jmp LABEL_4F1E	;@raw=0x07,0x4F,0x1E

LABEL_4EBF:
	jg [0x15], 0x14, LABEL_4ECC	;@raw=0x0A,0x02,0x15,0x14,0x4E,0xCC
	video type=1, offset=CINEMATIC_666, x=160, y=100	;@raw=0x9C,0x99,0xA0,0x64
	jmp LABEL_4F1E	;@raw=0x07,0x4F,0x1E

LABEL_4ECC:
	jg [0x15], 0x16, LABEL_4ED9	;@raw=0x0A,0x02,0x15,0x16,0x4E,0xD9
	video type=1, offset=CINEMATIC_665, x=160, y=100	;@raw=0x9C,0xAF,0xA0,0x64
	jmp LABEL_4F1E	;@raw=0x07,0x4F,0x1E

LABEL_4ED9:
	jg [0x15], 0x18, LABEL_4EE6	;@raw=0x0A,0x02,0x15,0x18,0x4E,0xE6
	video type=1, offset=CINEMATIC_664, x=160, y=100	;@raw=0x9C,0xC5,0xA0,0x64
	jmp LABEL_4F1E	;@raw=0x07,0x4F,0x1E

LABEL_4EE6:
	jg [0x15], 0x1A, LABEL_4EF3	;@raw=0x0A,0x02,0x15,0x1A,0x4E,0xF3
	video type=1, offset=CINEMATIC_663, x=160, y=100	;@raw=0x9C,0xDB,0xA0,0x64
	jmp LABEL_4F1E	;@raw=0x07,0x4F,0x1E

LABEL_4EF3:
	jg [0x15], 0x1C, LABEL_4F00	;@raw=0x0A,0x02,0x15,0x1C,0x4F,0x00
	video type=1, offset=CINEMATIC_662, x=160, y=100	;@raw=0x9C,0xF1,0xA0,0x64
	jmp LABEL_4F1E	;@raw=0x07,0x4F,0x1E

LABEL_4F00:
	jg [0x15], 0x1E, LABEL_4F0D	;@raw=0x0A,0x02,0x15,0x1E,0x4F,0x0D
	video type=1, offset=CINEMATIC_661, x=160, y=100	;@raw=0x9D,0x07,0xA0,0x64
	jmp LABEL_4F1E	;@raw=0x07,0x4F,0x1E

LABEL_4F0D:
	jg [0x15], 0x20, LABEL_4F1A	;@raw=0x0A,0x02,0x15,0x20,0x4F,0x1A
	video type=1, offset=CINEMATIC_660, x=160, y=100	;@raw=0x9D,0x1D,0xA0,0x64
	jmp LABEL_4F1E	;@raw=0x07,0x4F,0x1E

LABEL_4F1A:
	video type=1, offset=CINEMATIC_659, x=160, y=100	;@raw=0x9D,0x33,0xA0,0x64

LABEL_4F1E:
	break	;@raw=0x06
	jmp LABEL_4DDA	;@raw=0x07,0x4D,0xDA
LABEL_4F22:
	db 0x11

LABEL_4F23:
	fill page=0xFF, color=0x00	;@raw=0x0E,0xFF,0x00
	play id=0x0061, freq=0x0A, vol=0x0A, channel=0x00	;@raw=0x18,0x00,0x61,0x0A,0x0A,0x00
	break	;@raw=0x06
	mov [0x14], 0x00A0	;@raw=0x00,0x14,0x00,0xA0
	mov [0x17], 0x00A1	;@raw=0x00,0x17,0x00,0xA1
	mov [0x16], 0x0006	;@raw=0x00,0x16,0x00,0x06
	mov [PAUSE_SLICES], 0x0007	;@raw=0x00,0xFF,0x00,0x07

LABEL_4F3D:
	break	;@raw=0x06
	add [0x14], 0x0001	;@raw=0x03,0x14,0x00,0x01
	add [0x17], 0x0002	;@raw=0x03,0x17,0x00,0x02
	djnz [0x16], LABEL_4F3D	;@raw=0x09,0x16,0x4F,0x3D
	mov [PAUSE_SLICES], 0x0009	;@raw=0x00,0xFF,0x00,0x09
	break	;@raw=0x06
	add [0x17], 0x0001	;@raw=0x03,0x17,0x00,0x01
	mov [PAUSE_SLICES], 0x0007	;@raw=0x00,0xFF,0x00,0x07
	break	;@raw=0x06
	mov [0x16], 0x0006	;@raw=0x00,0x16,0x00,0x06
	add [0x17], 0x0000	;@raw=0x03,0x17,0x00,0x00

LABEL_4F60:
	break	;@raw=0x06
	sub [0x14], 0x0001	;@raw=0x03,0x14,0xFF,0xFF
	sub [0x17], 0x0002	;@raw=0x03,0x17,0xFF,0xFE
	djnz [0x16], LABEL_4F60	;@raw=0x09,0x16,0x4F,0x60
	mov [PAUSE_SLICES], 0x0009	;@raw=0x00,0xFF,0x00,0x09
	break	;@raw=0x06
	sub [0x17], 0x0001	;@raw=0x03,0x17,0xFF,0xFF
	mov [PAUSE_SLICES], 0x0007	;@raw=0x00,0xFF,0x00,0x07
	break	;@raw=0x06
	add [0x17], 0x0000	;@raw=0x03,0x17,0x00,0x00
	jmp LABEL_4F23	;@raw=0x07,0x4F,0x23
LABEL_4F82:
	db 0x11

LABEL_4F83:
	setup channel=0x3C, address=LABEL_8A19	;@raw=0x08,0x3C,0x8A,0x19
	break	;@raw=0x06
	setPalette 0x09	;@raw=0x0B,0x09,0xFF
	fill page=0xFF, color=0x00	;@raw=0x0E,0xFF,0x00
	mov [0x15], 0x0014	;@raw=0x00,0x15,0x00,0x14

LABEL_4F92:
	video type=1, offset=CINEMATIC_634, x=[0x14], y=100, zoom=0x40	;@raw=0x58,0x1B,0xAB,0x14,0x64
	video type=1, offset=CINEMATIC_635, x=[0x17], y=100, zoom=0x40	;@raw=0x58,0x62,0xD3,0x17,0x64
	video type=1, offset=CINEMATIC_636, x=[0x17], y=100, zoom=0x40	;@raw=0x58,0x62,0xC5,0x17,0x64
	break	;@raw=0x06
	djnz [0x15], LABEL_4F92	;@raw=0x09,0x15,0x4F,0x92
	play id=0x0061, freq=0x07, vol=0x07, channel=0x00	;@raw=0x18,0x00,0x61,0x07,0x07,0x00
	video type=1, offset=CINEMATIC_634, x=[0x14], y=100, zoom=0x40	;@raw=0x58,0x1B,0xAB,0x14,0x64
	video type=1, offset=CINEMATIC_635, x=[0x17], y=100, zoom=0x40	;@raw=0x58,0x62,0xD3,0x17,0x64
	video type=1, offset=CINEMATIC_636, x=[0x17], y=100, zoom=0x40	;@raw=0x58,0x62,0xC5,0x17,0x64
	setup channel=0x3C, address=BLIT_PAGE_00_TO_FF_AND_BREAK	;@raw=0x08,0x3C,0x06,0x73
	setup channel=0x01, address=LABEL_4CE8	;@raw=0x08,0x01,0x4C,0xE8
	setup channel=0x02, address=LABEL_4DA5	;@raw=0x08,0x02,0x4D,0xA5
	setup channel=0x03, address=LABEL_4DDA	;@raw=0x08,0x03,0x4D,0xDA
	killChannel	;@raw=0x11

LABEL_4FCC:
	mov [0x14], 0x0042	;@raw=0x00,0x14,0x00,0x42
	add [0x14], [0x15]	;@raw=0x02,0x14,0x15
	add [0x14], [0x15]	;@raw=0x02,0x14,0x15
	add [0x14], [0x15]	;@raw=0x02,0x14,0x15
	video type=1, offset=CINEMATIC_637, x=172, y=110, zoom=[0x14]	;@raw=0x69,0x1A,0x7A,0xAC,0x6E,0x14
	sub [0x14], [0x15]	;@raw=0x13,0x14,0x15
	video type=1, offset=CINEMATIC_638, x=183, y=40, zoom=[0x14]	;@raw=0x69,0x1A,0x22,0xB7,0x28,0x14
	video type=1, offset=CINEMATIC_639, x=88, y=146, zoom=[0x14]	;@raw=0x69,0x1A,0x42,0x58,0x92,0x14
	video type=1, offset=CINEMATIC_640, x=289, y=148, zoom=[0x14]	;@raw=0x79,0x1A,0x62,0x21,0x94,0x14
	mov [0x14], 0x0040	;@raw=0x00,0x14,0x00,0x40
	add [0x14], [0x15]	;@raw=0x02,0x14,0x15
	add [0x14], [0x15]	;@raw=0x02,0x14,0x15
	video type=1, offset=CINEMATIC_641, x=172, y=110, zoom=[0x14]	;@raw=0x69,0x1A,0x70,0xAC,0x6E,0x14
	sub [0x14], [0x15]	;@raw=0x13,0x14,0x15
	video type=1, offset=CINEMATIC_642, x=182, y=40, zoom=[0x14]	;@raw=0x69,0x1A,0x14,0xB6,0x28,0x14
	video type=1, offset=CINEMATIC_643, x=88, y=147, zoom=[0x14]	;@raw=0x69,0x1A,0x30,0x58,0x93,0x14
	video type=1, offset=CINEMATIC_644, x=289, y=147, zoom=[0x14]	;@raw=0x79,0x1A,0x54,0x21,0x93,0x14
	mov [0x14], 0x0040	;@raw=0x00,0x14,0x00,0x40
	sub [0x14], [0x15]	;@raw=0x13,0x14,0x15
	video type=1, offset=CINEMATIC_645, x=171, y=110, zoom=[0x14]	;@raw=0x69,0x18,0xFA,0xAB,0x6E,0x14
	video type=1, offset=CINEMATIC_646, x=182, y=40, zoom=[0x14]	;@raw=0x69,0x18,0xE6,0xB6,0x28,0x14
	video type=1, offset=CINEMATIC_647, x=88, y=146, zoom=[0x14]	;@raw=0x69,0x19,0x18,0x58,0x92,0x14
	video type=1, offset=CINEMATIC_648, x=289, y=147, zoom=[0x14]	;@raw=0x79,0x19,0x0A,0x21,0x93,0x14
	mov [0x14], 0x0040	;@raw=0x00,0x14,0x00,0x40
	add [0x14], [0x15]	;@raw=0x02,0x14,0x15
	video type=1, offset=CINEMATIC_649, x=272, y=133, zoom=[0x14]	;@raw=0x79,0x1A,0x84,0x10,0x85,0x14
	sub [0x14], [0x15]	;@raw=0x13,0x14,0x15
	sub [0x14], [0x15]	;@raw=0x13,0x14,0x15
	sub [0x14], [0x15]	;@raw=0x13,0x14,0x15
	sub [0x14], [0x15]	;@raw=0x13,0x14,0x15
	sub [0x14], [0x15]	;@raw=0x13,0x14,0x15
	video type=1, offset=CINEMATIC_650, x=272, y=133, zoom=[0x14]	;@raw=0x79,0x19,0x2A,0x10,0x85,0x14
	jne [0x15], 0x00, LABEL_5067	;@raw=0x0A,0x01,0x15,0x00,0x50,0x67
	video type=1, offset=CINEMATIC_655, x=160, y=100	;@raw=0x9A,0x8E,0xA0,0x64
	jmp LABEL_5098	;@raw=0x07,0x50,0x98

LABEL_5067:
	jne [0x15], 0x01, LABEL_5074	;@raw=0x0A,0x01,0x15,0x01,0x50,0x74
	video type=1, offset=CINEMATIC_654, x=160, y=100	;@raw=0x9A,0xA8,0xA0,0x64
	jmp LABEL_5098	;@raw=0x07,0x50,0x98

LABEL_5074:
	jne [0x15], 0x02, LABEL_5081	;@raw=0x0A,0x01,0x15,0x02,0x50,0x81
	video type=1, offset=CINEMATIC_653, x=160, y=100	;@raw=0x9B,0x1A,0xA0,0x64
	jmp LABEL_5098	;@raw=0x07,0x50,0x98

LABEL_5081:
	jne [0x15], 0x03, LABEL_508E	;@raw=0x0A,0x01,0x15,0x03,0x50,0x8E
	video type=1, offset=CINEMATIC_652, x=160, y=100	;@raw=0x9B,0x57,0xA0,0x64
	jmp LABEL_5098	;@raw=0x07,0x50,0x98

LABEL_508E:
	jne [0x15], 0x04, LABEL_5098	;@raw=0x0A,0x01,0x15,0x04,0x50,0x98
	video type=1, offset=CINEMATIC_651, x=160, y=100	;@raw=0x9B,0x93,0xA0,0x64

LABEL_5098:
	break	;@raw=0x06
	jmp LABEL_4FCC	;@raw=0x07,0x4F,0xCC
LABEL_509C:
	db 0x11

LABEL_509D:
	setPalette 0x07	;@raw=0x0B,0x07,0xFF
	fill page=0x00, color=0x00	;@raw=0x0E,0x00,0x00
	fill page=0xFF, color=0x00	;@raw=0x0E,0xFF,0x00
	mov [0x15], 0x0005	;@raw=0x00,0x15,0x00,0x05
	mov [0x16], 0x0003	;@raw=0x00,0x16,0x00,0x03
	mov [PAUSE_SLICES], 0x0008	;@raw=0x00,0xFF,0x00,0x08

LABEL_50B2:
	break	;@raw=0x06
	sub [0x15], 0x0001	;@raw=0x03,0x15,0xFF,0xFF
	djnz [0x16], LABEL_50B2	;@raw=0x09,0x16,0x50,0xB2
	mov [0x16], 0x0004	;@raw=0x00,0x16,0x00,0x04

LABEL_50BF:
	break	;@raw=0x06
	add [0x15], 0x0001	;@raw=0x03,0x15,0x00,0x01
	djnz [0x16], LABEL_50BF	;@raw=0x09,0x16,0x50,0xBF
	mov [0x16], 0x0006	;@raw=0x00,0x16,0x00,0x06
	mov [PAUSE_SLICES], 0x000A	;@raw=0x00,0xFF,0x00,0x0A

LABEL_50D0:
	break	;@raw=0x06
	sub [0x15], 0x0001	;@raw=0x03,0x15,0xFF,0xFF
	djnz [0x16], LABEL_50D0	;@raw=0x09,0x16,0x50,0xD0
	break	;@raw=0x06
	mov [PAUSE_SLICES], 0x000B	;@raw=0x00,0xFF,0x00,0x0B
	break	;@raw=0x06
	copyVideoPage src=0xFE, dst=0x00	;@raw=0x0F,0xFE,0x00
	setup channel=0x02, address=KILL_CHANNEL_LANDING	;@raw=0x08,0x02,0x01,0xA1
	break	;@raw=0x06
	mov [PAUSE_SLICES], 0x0008	;@raw=0x00,0xFF,0x00,0x08
	video type=1, offset=CINEMATIC_686, x=160, y=100	;@raw=0xE3,0xDD,0xA0,0x64
	break	;@raw=0x06
	video type=1, offset=CINEMATIC_687, x=160, y=100	;@raw=0xE3,0xD1,0xA0,0x64
	break	;@raw=0x06
	mov [0x16], 0x0005	;@raw=0x00,0x16,0x00,0x05

DELAY_LOOP_VAR16:
	break	;@raw=0x06
	djnz [0x16], DELAY_LOOP_VAR16	;@raw=0x09,0x16,0x50,0xF9
	mov [PAUSE_SLICES], 0x0004	;@raw=0x00,0xFF,0x00,0x04
	deleteChannels first=0x01, last=0x03	;@raw=0x0C,0x01,0x03,0x02
	setup channel=0x3C, address=BLIT_PAGE_00_TO_FF_AND_BREAK	;@raw=0x08,0x3C,0x06,0x73
	setup channel=0x22, address=LABEL_4CB9	;@raw=0x08,0x22,0x4C,0xB9
	setup channel=0x23, address=LABEL_4B6A	;@raw=0x08,0x23,0x4B,0x6A
	setup channel=0x14, address=LABEL_78D8	;@raw=0x08,0x14,0x78,0xD8
	setup channel=0x15, address=LABEL_7830	;@raw=0x08,0x15,0x78,0x30
	setup channel=0x00, address=LABEL_1CB0	;@raw=0x08,0x00,0x1C,0xB0
	call LABEL_1CC1	;@raw=0x04,0x1C,0xC1
	killChannel	;@raw=0x11

DRAW_SPRITE_CIN_236_239_BY_VAR09:
	mov [0xF8], [0x09]	;@raw=0x01,0xF8,0x09
	shr [0xF8], 0x0004	;@raw=0x17,0xF8,0x00,0x04
	jne [0x0E], 0x00, LABEL_5148	;@raw=0x0A,0x01,0x0E,0x00,0x51,0x48
	je [0xF8], 0x00, DRAW_CIN_236	;@raw=0x0A,0x00,0xF8,0x00,0x51,0xA8
	je [0xF8], 0x01, DRAW_CIN_237	;@raw=0x0A,0x00,0xF8,0x01,0x51,0xAE
	je [0xF8], 0x02, DRAW_CIN_238	;@raw=0x0A,0x00,0xF8,0x02,0x51,0xB4
	je [0xF8], 0x03, DRAW_CIN_239	;@raw=0x0A,0x00,0xF8,0x03,0x51,0xBA
	ret	;@raw=0x05

LABEL_5148:
	jne [0x0E], 0x01, LABEL_5157	;@raw=0x0A,0x01,0x0E,0x01,0x51,0x57
	je [0xF8], 0x01, DRAW_CIN_234	;@raw=0x0A,0x00,0xF8,0x01,0x51,0xC6
	jmp DRAW_CIN_235	;@raw=0x07,0x51,0xC0

LABEL_5157:
	jne [0x0E], 0x02, LABEL_5166	;@raw=0x0A,0x01,0x0E,0x02,0x51,0x66
	je [0xF8], 0x01, DRAW_CIN_232	;@raw=0x0A,0x00,0xF8,0x01,0x51,0xD2
	jmp DRAW_CIN_233	;@raw=0x07,0x51,0xCC

LABEL_5166:
	jne [0x0E], 0x03, LABEL_516F	;@raw=0x0A,0x01,0x0E,0x03,0x51,0x6F
	jmp DRAW_CIN_231	;@raw=0x07,0x51,0xD8

LABEL_516F:
	jne [0x0E], 0x04, LABEL_517E	;@raw=0x0A,0x01,0x0E,0x04,0x51,0x7E
	je [0xF8], 0x01, DRAW_CIN_229	;@raw=0x0A,0x00,0xF8,0x01,0x51,0xE4
	jmp DRAW_CIN_230	;@raw=0x07,0x51,0xDE

LABEL_517E:
	jne [0x0E], 0x05, LABEL_5187	;@raw=0x0A,0x01,0x0E,0x05,0x51,0x87
	jmp DRAW_CIN_228	;@raw=0x07,0x51,0xEA

LABEL_5187:
	jne [0x0E], 0x06, LABEL_5193	;@raw=0x0A,0x01,0x0E,0x06,0x51,0x93
	video type=1, offset=CINEMATIC_227, x=[0x07], y=[0x08], zoom=0x40	;@raw=0x54,0x29,0xF0,0x07,0x08
	ret	;@raw=0x05

LABEL_5193:
	jne [0x0E], 0x07, LABEL_51A6	;@raw=0x0A,0x01,0x0E,0x07,0x51,0xA6
	je [0xF8], 0x00, DRAW_CIN_225	;@raw=0x0A,0x00,0xF8,0x00,0x51,0xF0
	je [0xF8], 0x01, DRAW_CIN_226	;@raw=0x0A,0x00,0xF8,0x01,0x51,0xF6
	ret	;@raw=0x05

LABEL_51A6:
	ret	;@raw=0x05
LABEL_51A7:
	db 0x11

DRAW_CIN_236:
	video type=1, offset=CINEMATIC_236, x=[0x07], y=[0x08], zoom=0x40	;@raw=0x54,0x17,0x35,0x07,0x08
	ret	;@raw=0x05

DRAW_CIN_237:
	video type=1, offset=CINEMATIC_237, x=[0x07], y=[0x08], zoom=0x40	;@raw=0x54,0x5F,0xB2,0x07,0x08
	ret	;@raw=0x05

DRAW_CIN_238:
	video type=1, offset=CINEMATIC_238, x=[0x07], y=[0x08], zoom=0x40	;@raw=0x54,0x62,0xE9,0x07,0x08
	ret	;@raw=0x05

DRAW_CIN_239:
	video type=1, offset=CINEMATIC_239, x=[0x07], y=[0x08], zoom=0x40	;@raw=0x54,0x62,0xF6,0x07,0x08
	ret	;@raw=0x05

DRAW_CIN_235:
	video type=1, offset=CINEMATIC_235, x=[0x07], y=[0x08], zoom=0x40	;@raw=0x54,0x21,0x58,0x07,0x08
	ret	;@raw=0x05

DRAW_CIN_234:
	video type=1, offset=CINEMATIC_234, x=[0x07], y=[0x08], zoom=0x40	;@raw=0x54,0x68,0x56,0x07,0x08
	ret	;@raw=0x05

DRAW_CIN_233:
	video type=1, offset=CINEMATIC_233, x=[0x07], y=[0x08], zoom=0x40	;@raw=0x54,0x21,0x76,0x07,0x08
	ret	;@raw=0x05

DRAW_CIN_232:
	video type=1, offset=CINEMATIC_232, x=[0x07], y=[0x08], zoom=0x40	;@raw=0x54,0x68,0x74,0x07,0x08
	ret	;@raw=0x05

DRAW_CIN_231:
	video type=1, offset=CINEMATIC_231, x=[0x07], y=[0x08], zoom=0x40	;@raw=0x54,0x21,0x82,0x07,0x08
	ret	;@raw=0x05

DRAW_CIN_230:
	video type=1, offset=CINEMATIC_230, x=[0x07], y=[0x08], zoom=0x40	;@raw=0x54,0x21,0x9C,0x07,0x08
	ret	;@raw=0x05

DRAW_CIN_229:
	video type=1, offset=CINEMATIC_229, x=[0x07], y=[0x08], zoom=0x40	;@raw=0x54,0x68,0x8A,0x07,0x08
	ret	;@raw=0x05

DRAW_CIN_228:
	video type=1, offset=CINEMATIC_228, x=[0x07], y=[0x08], zoom=0x40	;@raw=0x54,0x29,0x8F,0x07,0x08
	ret	;@raw=0x05

DRAW_CIN_225:
	video type=1, offset=CINEMATIC_225, x=[0x07], y=[0x08], zoom=0x40	;@raw=0x54,0x5F,0x9B,0x07,0x08
	ret	;@raw=0x05

DRAW_CIN_226:
	video type=1, offset=CINEMATIC_226, x=[0x07], y=[0x08], zoom=0x40	;@raw=0x54,0x5F,0xC6,0x07,0x08
	ret	;@raw=0x05

LABEL_51FC:
	mov [0xF8], [0x09]	;@raw=0x01,0xF8,0x09
	and [0xF8], 0x000F	;@raw=0x14,0xF8,0x00,0x0F
	je [0xF8], 0x01, DRAW_CIN_352	;@raw=0x0A,0x00,0xF8,0x01,0x52,0x0A
	ret	;@raw=0x05

DRAW_CIN_352:
	video type=1, offset=CINEMATIC_352, x=[0xf5], y=[0x08], zoom=0x40	;@raw=0x54,0x62,0x3B,0xF5,0x08
	ret	;@raw=0x05

LABEL_5210:
	mov [0xF8], [0x09]	;@raw=0x01,0xF8,0x09
	and [0xF8], 0x000F	;@raw=0x14,0xF8,0x00,0x0F
	je [0xF8], 0x01, LABEL_521E	;@raw=0x0A,0x00,0xF8,0x01,0x52,0x1E
	ret	;@raw=0x05

LABEL_521E:
	add [0x08], 0x000D	;@raw=0x03,0x08,0x00,0x0D
	sub [0x07], 0x0002	;@raw=0x03,0x07,0xFF,0xFE
	video type=1, offset=CINEMATIC_169, x=[0x07], y=[0x08], zoom=0x40	;@raw=0x54,0x62,0x20,0x07,0x08
	add [0x07], 0x0002	;@raw=0x03,0x07,0x00,0x02
	sub [0x08], 0x000D	;@raw=0x03,0x08,0xFF,0xF3
	ret	;@raw=0x05

LABEL_5234:
	video type=1, offset=CINEMATIC_351, x=[0x07], y=[0x08], zoom=0x40	;@raw=0x54,0x22,0x05,0x07,0x08
	mov [0xF5], [0x07]	;@raw=0x01,0xF5,0x07
	jg [0xF6], 0x00, LABEL_5247	;@raw=0x0A,0x02,0xF6,0x00,0x52,0x47
	video type=1, offset=CINEMATIC_354, x=[0x07], y=[0x08], zoom=0x40	;@raw=0x54,0x4D,0x6C,0x07,0x08

LABEL_5247:
	jg [0x13], [0x30], LABEL_51FC	;@raw=0x0A,0x82,0x13,0x30,0x51,0xFC
	mov [0xF8], [0x31]	;@raw=0x01,0xF8,0x31
	and [0xF8], 0x0004	;@raw=0x14,0xF8,0x00,0x04
	je [0xF8], 0x00, LABEL_51FC	;@raw=0x0A,0x00,0xF8,0x00,0x51,0xFC
	video type=1, offset=CINEMATIC_353, x=[0x07], y=[0x08], zoom=0x40	;@raw=0x54,0x45,0x0B,0x07,0x08
	jmp LABEL_51FC	;@raw=0x07,0x51,0xFC

LABEL_5262:
	video type=1, offset=CINEMATIC_355, x=[0x07], y=[0x08], zoom=0x40	;@raw=0x54,0x22,0x34,0x07,0x08
	mov [0xF5], [0x07]	;@raw=0x01,0xF5,0x07
	sub [0xF5], 0x0001	;@raw=0x03,0xF5,0xFF,0xFF
	jg [0xF6], 0x00, LABEL_5279	;@raw=0x0A,0x02,0xF6,0x00,0x52,0x79
	video type=1, offset=CINEMATIC_357, x=[0x07], y=[0x08], zoom=0x40	;@raw=0x54,0x4D,0x72,0x07,0x08

LABEL_5279:
	jg [0x13], [0x30], LABEL_51FC	;@raw=0x0A,0x82,0x13,0x30,0x51,0xFC
	mov [0xF8], [0x31]	;@raw=0x01,0xF8,0x31
	and [0xF8], 0x0004	;@raw=0x14,0xF8,0x00,0x04
	je [0xF8], 0x00, LABEL_51FC	;@raw=0x0A,0x00,0xF8,0x00,0x51,0xFC
	video type=1, offset=CINEMATIC_356, x=[0x07], y=[0x08], zoom=0x40	;@raw=0x54,0x45,0x0F,0x07,0x08
	jmp LABEL_51FC	;@raw=0x07,0x51,0xFC

LABEL_5294:
	video type=1, offset=CINEMATIC_358, x=[0x07], y=[0x08], zoom=0x40	;@raw=0x54,0x28,0x21,0x07,0x08
	jg [0x13], [0x30], LABEL_5210	;@raw=0x0A,0x82,0x13,0x30,0x52,0x10
	mov [0xF8], [0x31]	;@raw=0x01,0xF8,0x31
	and [0xF8], 0x0004	;@raw=0x14,0xF8,0x00,0x04
	je [0xF8], 0x00, LABEL_5210	;@raw=0x0A,0x00,0xF8,0x00,0x52,0x10
	video type=1, offset=CINEMATIC_359, x=[0x07], y=[0x08], zoom=0x40	;@raw=0x54,0x45,0x13,0x07,0x08
	jmp LABEL_5210	;@raw=0x07,0x52,0x10

LABEL_52B4:
	video type=1, offset=CINEMATIC_360, x=[0x07], y=[0x08], zoom=0x40	;@raw=0x54,0x31,0x13,0x07,0x08
	jmp LABEL_5210	;@raw=0x07,0x52,0x10

LABEL_52BC:
	sub [0x07], 0x0001	;@raw=0x03,0x07,0xFF,0xFF
	call LABEL_52C8	;@raw=0x04,0x52,0xC8
	add [0x07], 0x0001	;@raw=0x03,0x07,0x00,0x01
	ret	;@raw=0x05

LABEL_52C8:
	video type=1, offset=CINEMATIC_340, x=[0x07], y=[0x08], zoom=0x40	;@raw=0x54,0x20,0xAC,0x07,0x08
	jg [0x13], [0x30], SHARED_RET	;@raw=0x0A,0x82,0x13,0x30,0x53,0x3A
	mov [0xF8], [0x31]	;@raw=0x01,0xF8,0x31
	and [0xF8], 0x0004	;@raw=0x14,0xF8,0x00,0x04
	je [0xF8], 0x00, SHARED_RET	;@raw=0x0A,0x00,0xF8,0x00,0x53,0x3A
	video type=1, offset=CINEMATIC_341, x=[0x07], y=[0x08], zoom=0x40	;@raw=0x54,0x44,0xDB,0x07,0x08
	ret	;@raw=0x05

LABEL_52E6:
	sub [0x07], 0x0001	;@raw=0x03,0x07,0xFF,0xFF
	call DRAW_CIN_338_THEN_339	;@raw=0x04,0x52,0xF2
	add [0x07], 0x0001	;@raw=0x03,0x07,0x00,0x01
	ret	;@raw=0x05

DRAW_CIN_338_THEN_339:
	video type=1, offset=CINEMATIC_338, x=[0x07], y=[0x08], zoom=0x40	;@raw=0x54,0x20,0xC2,0x07,0x08
	jg [0x13], [0x30], SHARED_RET	;@raw=0x0A,0x82,0x13,0x30,0x53,0x3A
	mov [0xF8], [0x31]	;@raw=0x01,0xF8,0x31
	and [0xF8], 0x0004	;@raw=0x14,0xF8,0x00,0x04
	je [0xF8], 0x00, SHARED_RET	;@raw=0x0A,0x00,0xF8,0x00,0x53,0x3A
	video type=1, offset=CINEMATIC_339, x=[0x07], y=[0x08], zoom=0x40	;@raw=0x54,0x44,0xDF,0x07,0x08
	ret	;@raw=0x05

DRAW_CIN_242_THEN_243:
	video type=1, offset=CINEMATIC_242, x=[0x07], y=[0x08], zoom=0x40	;@raw=0x54,0x20,0xD8,0x07,0x08
	jg [0x13], [0x30], SHARED_RET	;@raw=0x0A,0x82,0x13,0x30,0x53,0x3A
	mov [0xF8], [0x31]	;@raw=0x01,0xF8,0x31
	and [0xF8], 0x0004	;@raw=0x14,0xF8,0x00,0x04
	je [0xF8], 0x00, SHARED_RET	;@raw=0x0A,0x00,0xF8,0x00,0x53,0x3A
	video type=1, offset=CINEMATIC_243, x=[0x07], y=[0x08], zoom=0x40	;@raw=0x54,0x44,0xE3,0x07,0x08
	ret	;@raw=0x05

LABEL_532E:
	add [0x07], 0x0001	;@raw=0x03,0x07,0x00,0x01
	call DRAW_CIN_242_THEN_243	;@raw=0x04,0x53,0x10
	sub [0x07], 0x0001	;@raw=0x03,0x07,0xFF,0xFF
	ret	;@raw=0x05

SHARED_RET:
	ret	;@raw=0x05

DRAW_CIN_240_IF_VAR09_EQ_1:
	mov [0xF8], [0x09]	;@raw=0x01,0xF8,0x09
	and [0xF8], 0x000F	;@raw=0x14,0xF8,0x00,0x0F
	je [0xF8], 0x01, DRAW_CIN_240	;@raw=0x0A,0x00,0xF8,0x01,0x53,0x49
	ret	;@raw=0x05

DRAW_CIN_240:
	video type=1, offset=CINEMATIC_240, x=[0x07], y=[0x08], zoom=0x40	;@raw=0x54,0x62,0x7D,0x07,0x08
	ret	;@raw=0x05

DRAW_CIN_241_IF_VAR09_EQ_1:
	mov [0xF8], [0x09]	;@raw=0x01,0xF8,0x09
	and [0xF8], 0x000F	;@raw=0x14,0xF8,0x00,0x0F
	je [0xF8], 0x01, DRAW_CIN_241	;@raw=0x0A,0x00,0xF8,0x01,0x53,0x5D
	ret	;@raw=0x05

DRAW_CIN_241:
	video type=1, offset=CINEMATIC_241, x=[0xf5], y=[0x08], zoom=0x40	;@raw=0x54,0x62,0x6F,0xF5,0x08
	ret	;@raw=0x05

LABEL_5363:
	video type=0, offset=COMMON_VIDEO_239, x=[0x07], y=[0x08], zoom=0x40	;@raw=0x57,0x15,0x3F,0x07,0x08
	mov [0xF5], [0x07]	;@raw=0x01,0xF5,0x07
	jg [0xF6], 0x00, DRAW_CIN_241_IF_VAR09_EQ_1	;@raw=0x0A,0x02,0xF6,0x00,0x53,0x4F
	video type=0, offset=COMMON_VIDEO_240, x=[0x07], y=[0x08], zoom=0x40	;@raw=0x57,0x2F,0xDE,0x07,0x08
	jmp DRAW_CIN_241_IF_VAR09_EQ_1	;@raw=0x07,0x53,0x4F

LABEL_5379:
	video type=0, offset=COMMON_VIDEO_206, x=[0x07], y=[0x08], zoom=0x40	;@raw=0x57,0x15,0x63,0x07,0x08
	mov [0xF5], [0x07]	;@raw=0x01,0xF5,0x07
	jg [0xF6], 0x00, DRAW_CIN_241_IF_VAR09_EQ_1	;@raw=0x0A,0x02,0xF6,0x00,0x53,0x4F
	video type=0, offset=COMMON_VIDEO_207, x=[0x07], y=[0x08], zoom=0x40	;@raw=0x57,0x2F,0xE2,0x07,0x08
	jmp DRAW_CIN_241_IF_VAR09_EQ_1	;@raw=0x07,0x53,0x4F

LABEL_538F:
	video type=0, offset=COMMON_VIDEO_165, x=[0x07], y=[0x08], zoom=0x40	;@raw=0x57,0x15,0x87,0x07,0x08
	mov [0xF5], [0x07]	;@raw=0x01,0xF5,0x07
	sub [0xF5], 0x0001	;@raw=0x03,0xF5,0xFF,0xFF
	jg [0xF6], 0x00, DRAW_CIN_241_IF_VAR09_EQ_1	;@raw=0x0A,0x02,0xF6,0x00,0x53,0x4F
	video type=0, offset=COMMON_VIDEO_166, x=[0x07], y=[0x08], zoom=0x40	;@raw=0x57,0x2F,0xE6,0x07,0x08
	jmp DRAW_CIN_241_IF_VAR09_EQ_1	;@raw=0x07,0x53,0x4F

LABEL_53A9:
	video type=0, offset=COMMON_VIDEO_211, x=[0x07], y=[0x08], zoom=0x40	;@raw=0x57,0x15,0xAB,0x07,0x08
	mov [0xF5], [0x07]	;@raw=0x01,0xF5,0x07
	jg [0xF6], 0x00, DRAW_CIN_241_IF_VAR09_EQ_1	;@raw=0x0A,0x02,0xF6,0x00,0x53,0x4F
	video type=0, offset=COMMON_VIDEO_212, x=[0x07], y=[0x08], zoom=0x40	;@raw=0x57,0x2F,0xEA,0x07,0x08
	jmp DRAW_CIN_241_IF_VAR09_EQ_1	;@raw=0x07,0x53,0x4F

LABEL_53BF:
	video type=0, offset=COMMON_VIDEO_214, x=[0x07], y=[0x08], zoom=0x40	;@raw=0x57,0x15,0xCF,0x07,0x08
	mov [0xF5], [0x07]	;@raw=0x01,0xF5,0x07
	add [0xF5], 0x0001	;@raw=0x03,0xF5,0x00,0x01
	jg [0xF6], 0x00, DRAW_CIN_241_IF_VAR09_EQ_1	;@raw=0x0A,0x02,0xF6,0x00,0x53,0x4F
	video type=0, offset=COMMON_VIDEO_215, x=[0x07], y=[0x08], zoom=0x40	;@raw=0x57,0x2F,0xEE,0x07,0x08
	jmp DRAW_CIN_241_IF_VAR09_EQ_1	;@raw=0x07,0x53,0x4F

LABEL_53D9:
	video type=0, offset=COMMON_VIDEO_218, x=[0x07], y=[0x08], zoom=0x40	;@raw=0x57,0x15,0xF3,0x07,0x08
	mov [0xF5], [0x07]	;@raw=0x01,0xF5,0x07
	add [0xF5], 0x0001	;@raw=0x03,0xF5,0x00,0x01
	jg [0xF6], 0x00, DRAW_CIN_241_IF_VAR09_EQ_1	;@raw=0x0A,0x02,0xF6,0x00,0x53,0x4F
	video type=0, offset=COMMON_VIDEO_219, x=[0x07], y=[0x08], zoom=0x40	;@raw=0x57,0x2F,0xF2,0x07,0x08
	jmp DRAW_CIN_241_IF_VAR09_EQ_1	;@raw=0x07,0x53,0x4F

LABEL_53F3:
	video type=0, offset=COMMON_VIDEO_222, x=[0x07], y=[0x08], zoom=0x40	;@raw=0x57,0x16,0x17,0x07,0x08
	mov [0xF5], [0x07]	;@raw=0x01,0xF5,0x07
	add [0xF5], 0x0002	;@raw=0x03,0xF5,0x00,0x02
	jg [0xF6], 0x00, DRAW_CIN_241_IF_VAR09_EQ_1	;@raw=0x0A,0x02,0xF6,0x00,0x53,0x4F
	video type=0, offset=COMMON_VIDEO_223, x=[0x07], y=[0x08], zoom=0x40	;@raw=0x57,0x2F,0xF6,0x07,0x08
	jmp DRAW_CIN_241_IF_VAR09_EQ_1	;@raw=0x07,0x53,0x4F

LABEL_540D:
	video type=0, offset=COMMON_VIDEO_226, x=[0x07], y=[0x08], zoom=0x40	;@raw=0x57,0x16,0x3B,0x07,0x08
	mov [0xF5], [0x07]	;@raw=0x01,0xF5,0x07
	add [0xF5], 0x0002	;@raw=0x03,0xF5,0x00,0x02
	jg [0xF6], 0x00, DRAW_CIN_241_IF_VAR09_EQ_1	;@raw=0x0A,0x02,0xF6,0x00,0x53,0x4F
	video type=0, offset=COMMON_VIDEO_227, x=[0x07], y=[0x08], zoom=0x40	;@raw=0x57,0x2F,0xFA,0x07,0x08
	jmp DRAW_CIN_241_IF_VAR09_EQ_1	;@raw=0x07,0x53,0x4F

LABEL_5427:
	video type=0, offset=COMMON_VIDEO_230, x=[0x07], y=[0x08], zoom=0x40	;@raw=0x57,0x16,0x5F,0x07,0x08
	mov [0xF5], [0x07]	;@raw=0x01,0xF5,0x07
	add [0xF5], 0x0002	;@raw=0x03,0xF5,0x00,0x02
	jg [0xF6], 0x00, DRAW_CIN_241_IF_VAR09_EQ_1	;@raw=0x0A,0x02,0xF6,0x00,0x53,0x4F
	video type=0, offset=COMMON_VIDEO_231, x=[0x07], y=[0x08], zoom=0x40	;@raw=0x57,0x2F,0xFE,0x07,0x08
	jmp DRAW_CIN_241_IF_VAR09_EQ_1	;@raw=0x07,0x53,0x4F

LABEL_5441:
	video type=0, offset=COMMON_VIDEO_268, x=[0x07], y=[0x08], zoom=0x40	;@raw=0x57,0x18,0x8B,0x07,0x08
	mov [0xF5], [0x07]	;@raw=0x01,0xF5,0x07
	jmp DRAW_CIN_241_IF_VAR09_EQ_1	;@raw=0x07,0x53,0x4F

LABEL_544C:
	video type=0, offset=COMMON_VIDEO_271, x=[0x07], y=[0x08], zoom=0x40	;@raw=0x57,0x18,0x92,0x07,0x08
	mov [0xF5], [0x07]	;@raw=0x01,0xF5,0x07
	jmp DRAW_CIN_241_IF_VAR09_EQ_1	;@raw=0x07,0x53,0x4F

LABEL_5457:
	video type=0, offset=COMMON_VIDEO_274, x=[0x07], y=[0x08], zoom=0x40	;@raw=0x57,0x18,0xB7,0x07,0x08
	mov [0xF5], [0x07]	;@raw=0x01,0xF5,0x07
	jmp DRAW_CIN_241_IF_VAR09_EQ_1	;@raw=0x07,0x53,0x4F

LABEL_5462:
	video type=0, offset=COMMON_VIDEO_277, x=[0x07], y=[0x08], zoom=0x40	;@raw=0x57,0x18,0xC0,0x07,0x08
	mov [0xF5], [0x07]	;@raw=0x01,0xF5,0x07
	jmp DRAW_CIN_241_IF_VAR09_EQ_1	;@raw=0x07,0x53,0x4F

LABEL_546D:
	video type=0, offset=COMMON_VIDEO_281, x=[0x07], y=[0x08], zoom=0x40	;@raw=0x57,0x18,0xD4,0x07,0x08
	mov [0xF5], [0x07]	;@raw=0x01,0xF5,0x07
	jmp DRAW_CIN_241_IF_VAR09_EQ_1	;@raw=0x07,0x53,0x4F

LABEL_5478:
	video type=0, offset=COMMON_VIDEO_283, x=[0x07], y=[0x08], zoom=0x40	;@raw=0x57,0x18,0xE5,0x07,0x08
	mov [0xF5], [0x07]	;@raw=0x01,0xF5,0x07
	jmp DRAW_CIN_241_IF_VAR09_EQ_1	;@raw=0x07,0x53,0x4F

LABEL_5483:
	video type=0, offset=COMMON_VIDEO_265, x=[0x07], y=[0x08], zoom=0x40	;@raw=0x57,0x30,0xD1,0x07,0x08
	mov [0xF5], [0x07]	;@raw=0x01,0xF5,0x07
	jmp DRAW_CIN_241_IF_VAR09_EQ_1	;@raw=0x07,0x53,0x4F

LABEL_548E:
	jne [HACK_VAR_67], [0x10], SHARED_RET	;@raw=0x0A,0x81,0x67,0x10,0x53,0x3A
	je [0x0D], 0x00, LABEL_54A0	;@raw=0x0A,0x00,0x0D,0x00,0x54,0xA0
	call LABEL_532E	;@raw=0x04,0x53,0x2E
	jmp LABEL_54A5	;@raw=0x07,0x54,0xA5

LABEL_54A0:
	video type=0, offset=COMMON_VIDEO_204, x=[0x07], y=[0x08], zoom=0x40	;@raw=0x57,0x16,0xB7,0x07,0x08

LABEL_54A5:
	call DRAW_SPRITE_CIN_236_239_BY_VAR09	;@raw=0x04,0x51,0x22
	video type=0, offset=COMMON_VIDEO_205, x=[0x07], y=[0x08], zoom=0x40	;@raw=0x57,0x12,0xBD,0x07,0x08
	call DRAW_CIN_240_IF_VAR09_EQ_1	;@raw=0x04,0x53,0x3B
	call LABEL_5379	;@raw=0x04,0x53,0x79
	ret	;@raw=0x05

LABEL_54B4:
	jne [HACK_VAR_67], [0x10], SHARED_RET	;@raw=0x0A,0x81,0x67,0x10,0x53,0x3A
	je [0x0D], 0x00, LABEL_54C6	;@raw=0x0A,0x00,0x0D,0x00,0x54,0xC6
	call LABEL_532E	;@raw=0x04,0x53,0x2E
	jmp LABEL_54D3	;@raw=0x07,0x54,0xD3

LABEL_54C6:
	add [0x07], 0x0001	;@raw=0x03,0x07,0x00,0x01
	video type=0, offset=COMMON_VIDEO_204, x=[0x07], y=[0x08], zoom=0x40	;@raw=0x57,0x16,0xB7,0x07,0x08
	sub [0x07], 0x0001	;@raw=0x03,0x07,0xFF,0xFF

LABEL_54D3:
	call DRAW_SPRITE_CIN_236_239_BY_VAR09	;@raw=0x04,0x51,0x22
	video type=0, offset=COMMON_VIDEO_208, x=[0x07], y=[0x08], zoom=0x40	;@raw=0x57,0x13,0x08,0x07,0x08
	call DRAW_CIN_240_IF_VAR09_EQ_1	;@raw=0x04,0x53,0x3B
	call LABEL_5379	;@raw=0x04,0x53,0x79
	ret	;@raw=0x05

LABEL_54E2:
	jne [HACK_VAR_67], [0x10], SHARED_RET	;@raw=0x0A,0x81,0x67,0x10,0x53,0x3A
	je [0x0D], 0x00, LABEL_54F1	;@raw=0x0A,0x00,0x0D,0x00,0x54,0xF1
	call DRAW_CIN_242_THEN_243	;@raw=0x04,0x53,0x10

LABEL_54F1:
	call DRAW_SPRITE_CIN_236_239_BY_VAR09	;@raw=0x04,0x51,0x22
	video type=0, offset=COMMON_VIDEO_209, x=[0x07], y=[0x08], zoom=0x40	;@raw=0x57,0x13,0x39,0x07,0x08
	call DRAW_CIN_240_IF_VAR09_EQ_1	;@raw=0x04,0x53,0x3B
	call LABEL_538F	;@raw=0x04,0x53,0x8F
	ret	;@raw=0x05

LABEL_5500:
	jne [HACK_VAR_67], [0x10], SHARED_RET	;@raw=0x0A,0x81,0x67,0x10,0x53,0x3A
	play id=0x0055, freq=0x0F, vol=0x14, channel=0x01	;@raw=0x18,0x00,0x55,0x0F,0x14,0x01
	je [0x0D], 0x00, LABEL_5515	;@raw=0x0A,0x00,0x0D,0x00,0x55,0x15
	call DRAW_CIN_242_THEN_243	;@raw=0x04,0x53,0x10

LABEL_5515:
	call DRAW_SPRITE_CIN_236_239_BY_VAR09	;@raw=0x04,0x51,0x22
	video type=0, offset=COMMON_VIDEO_210, x=[0x07], y=[0x08], zoom=0x40	;@raw=0x57,0x13,0x86,0x07,0x08
	call DRAW_CIN_240_IF_VAR09_EQ_1	;@raw=0x04,0x53,0x3B
	call LABEL_53A9	;@raw=0x04,0x53,0xA9
	ret	;@raw=0x05

LABEL_5524:
	jne [HACK_VAR_67], [0x10], SHARED_RET	;@raw=0x0A,0x81,0x67,0x10,0x53,0x3A
	je [0x0D], 0x00, LABEL_5533	;@raw=0x0A,0x00,0x0D,0x00,0x55,0x33
	call DRAW_CIN_242_THEN_243	;@raw=0x04,0x53,0x10

LABEL_5533:
	call DRAW_SPRITE_CIN_236_239_BY_VAR09	;@raw=0x04,0x51,0x22
	video type=0, offset=COMMON_VIDEO_213, x=[0x07], y=[0x08], zoom=0x40	;@raw=0x57,0x13,0xC3,0x07,0x08
	call DRAW_CIN_240_IF_VAR09_EQ_1	;@raw=0x04,0x53,0x3B
	call LABEL_53BF	;@raw=0x04,0x53,0xBF
	ret	;@raw=0x05

LABEL_5542:
	jne [HACK_VAR_67], [0x10], SHARED_RET	;@raw=0x0A,0x81,0x67,0x10,0x53,0x3A
	je [0x0D], 0x00, LABEL_5554	;@raw=0x0A,0x00,0x0D,0x00,0x55,0x54
	call DRAW_CIN_338_THEN_339	;@raw=0x04,0x52,0xF2
	jmp LABEL_5559	;@raw=0x07,0x55,0x59

LABEL_5554:
	video type=0, offset=COMMON_VIDEO_216, x=[0x07], y=[0x08], zoom=0x40	;@raw=0x57,0x16,0xB3,0x07,0x08

LABEL_5559:
	call DRAW_SPRITE_CIN_236_239_BY_VAR09	;@raw=0x04,0x51,0x22
	video type=0, offset=COMMON_VIDEO_217, x=[0x07], y=[0x08], zoom=0x40	;@raw=0x57,0x13,0xFE,0x07,0x08
	call DRAW_CIN_240_IF_VAR09_EQ_1	;@raw=0x04,0x53,0x3B
	call LABEL_53D9	;@raw=0x04,0x53,0xD9
	ret	;@raw=0x05

LABEL_5568:
	jne [HACK_VAR_67], [0x10], SHARED_RET	;@raw=0x0A,0x81,0x67,0x10,0x53,0x3A
	je [0x0D], 0x00, LABEL_557A	;@raw=0x0A,0x00,0x0D,0x00,0x55,0x7A
	call LABEL_52E6	;@raw=0x04,0x52,0xE6
	jmp LABEL_557F	;@raw=0x07,0x55,0x7F

LABEL_557A:
	video type=0, offset=COMMON_VIDEO_220, x=[0x07], y=[0x08], zoom=0x40	;@raw=0x57,0x16,0xAF,0x07,0x08

LABEL_557F:
	call DRAW_SPRITE_CIN_236_239_BY_VAR09	;@raw=0x04,0x51,0x22
	video type=0, offset=COMMON_VIDEO_221, x=[0x07], y=[0x08], zoom=0x40	;@raw=0x57,0x14,0x3F,0x07,0x08
	call DRAW_CIN_240_IF_VAR09_EQ_1	;@raw=0x04,0x53,0x3B
	call LABEL_53F3	;@raw=0x04,0x53,0xF3
	ret	;@raw=0x05

LABEL_558E:
	jne [HACK_VAR_67], [0x10], SHARED_RET	;@raw=0x0A,0x81,0x67,0x10,0x53,0x3A
	je [0x0D], 0x00, LABEL_55A0	;@raw=0x0A,0x00,0x0D,0x00,0x55,0xA0
	call LABEL_52C8	;@raw=0x04,0x52,0xC8
	jmp LABEL_55A5	;@raw=0x07,0x55,0xA5

LABEL_55A0:
	video type=0, offset=COMMON_VIDEO_224, x=[0x07], y=[0x08], zoom=0x40	;@raw=0x57,0x16,0xA7,0x07,0x08

LABEL_55A5:
	call DRAW_SPRITE_CIN_236_239_BY_VAR09	;@raw=0x04,0x51,0x22
	video type=0, offset=COMMON_VIDEO_225, x=[0x07], y=[0x08], zoom=0x40	;@raw=0x57,0x14,0x7C,0x07,0x08
	call DRAW_CIN_240_IF_VAR09_EQ_1	;@raw=0x04,0x53,0x3B
	call LABEL_540D	;@raw=0x04,0x54,0x0D
	ret	;@raw=0x05

LABEL_55B4:
	jne [HACK_VAR_67], [0x10], SHARED_RET	;@raw=0x0A,0x81,0x67,0x10,0x53,0x3A
	je [0x0D], 0x00, LABEL_55C6	;@raw=0x0A,0x00,0x0D,0x00,0x55,0xC6
	call LABEL_52BC	;@raw=0x04,0x52,0xBC
	jmp LABEL_55CB	;@raw=0x07,0x55,0xCB

LABEL_55C6:
	video type=0, offset=COMMON_VIDEO_228, x=[0x07], y=[0x08], zoom=0x40	;@raw=0x57,0x16,0xAB,0x07,0x08

LABEL_55CB:
	call DRAW_SPRITE_CIN_236_239_BY_VAR09	;@raw=0x04,0x51,0x22
	video type=0, offset=COMMON_VIDEO_229, x=[0x07], y=[0x08], zoom=0x40	;@raw=0x57,0x14,0xB7,0x07,0x08
	call DRAW_CIN_240_IF_VAR09_EQ_1	;@raw=0x04,0x53,0x3B
	call LABEL_5427	;@raw=0x04,0x54,0x27
	ret	;@raw=0x05

LABEL_55DA:
	jne [HACK_VAR_67], [0x10], SHARED_RET	;@raw=0x0A,0x81,0x67,0x10,0x53,0x3A
	je [0x0D], 0x00, LABEL_55EC	;@raw=0x0A,0x00,0x0D,0x00,0x55,0xEC
	call LABEL_52BC	;@raw=0x04,0x52,0xBC
	jmp LABEL_55F1	;@raw=0x07,0x55,0xF1

LABEL_55EC:
	video type=0, offset=COMMON_VIDEO_228, x=[0x07], y=[0x08], zoom=0x40	;@raw=0x57,0x16,0xAB,0x07,0x08

LABEL_55F1:
	call DRAW_SPRITE_CIN_236_239_BY_VAR09	;@raw=0x04,0x51,0x22
	video type=0, offset=COMMON_VIDEO_232, x=[0x07], y=[0x08], zoom=0x40	;@raw=0x57,0x14,0xC8,0x07,0x08
	call DRAW_CIN_240_IF_VAR09_EQ_1	;@raw=0x04,0x53,0x3B
	add [0x07], 0x0001	;@raw=0x03,0x07,0x00,0x01
	call LABEL_5427	;@raw=0x04,0x54,0x27
	sub [0x07], 0x0001	;@raw=0x03,0x07,0xFF,0xFF
	ret	;@raw=0x05

LABEL_5608:
	jne [HACK_VAR_67], [0x10], SHARED_RET	;@raw=0x0A,0x81,0x67,0x10,0x53,0x3A
	je [0x0D], 0x00, LABEL_561A	;@raw=0x0A,0x00,0x0D,0x00,0x56,0x1A
	call LABEL_52C8	;@raw=0x04,0x52,0xC8
	jmp LABEL_561F	;@raw=0x07,0x56,0x1F

LABEL_561A:
	video type=0, offset=COMMON_VIDEO_220, x=[0x07], y=[0x08], zoom=0x40	;@raw=0x57,0x16,0xAF,0x07,0x08

LABEL_561F:
	call DRAW_SPRITE_CIN_236_239_BY_VAR09	;@raw=0x04,0x51,0x22
	video type=0, offset=COMMON_VIDEO_233, x=[0x07], y=[0x08], zoom=0x40	;@raw=0x57,0x14,0xD9,0x07,0x08
	call DRAW_CIN_240_IF_VAR09_EQ_1	;@raw=0x04,0x53,0x3B
	call LABEL_53F3	;@raw=0x04,0x53,0xF3
	ret	;@raw=0x05

LABEL_562E:
	jne [HACK_VAR_67], [0x10], SHARED_RET	;@raw=0x0A,0x81,0x67,0x10,0x53,0x3A
	play id=0x0055, freq=0x14, vol=0x14, channel=0x01	;@raw=0x18,0x00,0x55,0x14,0x14,0x01
	je [0x0D], 0x00, LABEL_5646	;@raw=0x0A,0x00,0x0D,0x00,0x56,0x46
	call LABEL_52C8	;@raw=0x04,0x52,0xC8
	jmp LABEL_564B	;@raw=0x07,0x56,0x4B

LABEL_5646:
	video type=0, offset=COMMON_VIDEO_216, x=[0x07], y=[0x08], zoom=0x40	;@raw=0x57,0x16,0xB3,0x07,0x08

LABEL_564B:
	call DRAW_SPRITE_CIN_236_239_BY_VAR09	;@raw=0x04,0x51,0x22
	video type=0, offset=COMMON_VIDEO_234, x=[0x07], y=[0x08], zoom=0x40	;@raw=0x57,0x14,0xEA,0x07,0x08
	call DRAW_CIN_240_IF_VAR09_EQ_1	;@raw=0x04,0x53,0x3B
	call LABEL_53D9	;@raw=0x04,0x53,0xD9
	ret	;@raw=0x05

LABEL_565A:
	jne [HACK_VAR_67], [0x10], SHARED_RET	;@raw=0x0A,0x81,0x67,0x10,0x53,0x3A
	je [0x0D], 0x00, LABEL_5669	;@raw=0x0A,0x00,0x0D,0x00,0x56,0x69
	call LABEL_52C8	;@raw=0x04,0x52,0xC8

LABEL_5669:
	call DRAW_SPRITE_CIN_236_239_BY_VAR09	;@raw=0x04,0x51,0x22
	video type=0, offset=COMMON_VIDEO_235, x=[0x07], y=[0x08], zoom=0x40	;@raw=0x57,0x14,0xFB,0x07,0x08
	call DRAW_CIN_240_IF_VAR09_EQ_1	;@raw=0x04,0x53,0x3B
	call LABEL_53BF	;@raw=0x04,0x53,0xBF
	ret	;@raw=0x05

LABEL_5678:
	jne [HACK_VAR_67], [0x10], SHARED_RET	;@raw=0x0A,0x81,0x67,0x10,0x53,0x3A
	je [0x0D], 0x00, LABEL_5687	;@raw=0x0A,0x00,0x0D,0x00,0x56,0x87
	call LABEL_52E6	;@raw=0x04,0x52,0xE6

LABEL_5687:
	call DRAW_SPRITE_CIN_236_239_BY_VAR09	;@raw=0x04,0x51,0x22
	video type=0, offset=COMMON_VIDEO_236, x=[0x07], y=[0x08], zoom=0x40	;@raw=0x57,0x15,0x0C,0x07,0x08
	call DRAW_CIN_240_IF_VAR09_EQ_1	;@raw=0x04,0x53,0x3B
	call LABEL_53A9	;@raw=0x04,0x53,0xA9
	ret	;@raw=0x05

LABEL_5696:
	jne [HACK_VAR_67], [0x10], SHARED_RET	;@raw=0x0A,0x81,0x67,0x10,0x53,0x3A
	je [0x0D], 0x00, LABEL_56A5	;@raw=0x0A,0x00,0x0D,0x00,0x56,0xA5
	call DRAW_CIN_338_THEN_339	;@raw=0x04,0x52,0xF2

LABEL_56A5:
	call DRAW_SPRITE_CIN_236_239_BY_VAR09	;@raw=0x04,0x51,0x22
	video type=0, offset=COMMON_VIDEO_237, x=[0x07], y=[0x08], zoom=0x40	;@raw=0x57,0x15,0x1D,0x07,0x08
	call DRAW_CIN_240_IF_VAR09_EQ_1	;@raw=0x04,0x53,0x3B
	call LABEL_538F	;@raw=0x04,0x53,0x8F
	ret	;@raw=0x05

LABEL_56B4:
	jne [HACK_VAR_67], [0x10], SHARED_RET	;@raw=0x0A,0x81,0x67,0x10,0x53,0x3A
	je [0x0D], 0x00, LABEL_56C3	;@raw=0x0A,0x00,0x0D,0x00,0x56,0xC3
	call DRAW_CIN_242_THEN_243	;@raw=0x04,0x53,0x10

LABEL_56C3:
	call DRAW_SPRITE_CIN_236_239_BY_VAR09	;@raw=0x04,0x51,0x22
	video type=0, offset=COMMON_VIDEO_238, x=[0x07], y=[0x08], zoom=0x40	;@raw=0x57,0x15,0x2E,0x07,0x08
	call DRAW_CIN_240_IF_VAR09_EQ_1	;@raw=0x04,0x53,0x3B
	call LABEL_5363	;@raw=0x04,0x53,0x63
	ret	;@raw=0x05

GUARDED_DRAW_CIN_242_243:
	jne [HACK_VAR_67], [0x10], SHARED_RET	;@raw=0x0A,0x81,0x67,0x10,0x53,0x3A
	je [0x0D], 0x00, LABEL_56E1	;@raw=0x0A,0x00,0x0D,0x00,0x56,0xE1
	call DRAW_CIN_242_THEN_243	;@raw=0x04,0x53,0x10

LABEL_56E1:
	call DRAW_SPRITE_CIN_236_239_BY_VAR09	;@raw=0x04,0x51,0x22
	video type=0, offset=COMMON_VIDEO_164, x=[0x07], y=[0x08], zoom=0x40	;@raw=0x57,0x20,0x76,0x07,0x08
	call DRAW_CIN_240_IF_VAR09_EQ_1	;@raw=0x04,0x53,0x3B
	call LABEL_538F	;@raw=0x04,0x53,0x8F
	ret	;@raw=0x05

GUARDED_DRAW_CIN_338_339:
	jne [HACK_VAR_67], [0x10], SHARED_RET	;@raw=0x0A,0x81,0x67,0x10,0x53,0x3A
	je [0x0D], 0x00, LABEL_56FF	;@raw=0x0A,0x00,0x0D,0x00,0x56,0xFF
	call DRAW_CIN_338_THEN_339	;@raw=0x04,0x52,0xF2

LABEL_56FF:
	call DRAW_SPRITE_CIN_236_239_BY_VAR09	;@raw=0x04,0x51,0x22
	video type=0, offset=COMMON_VIDEO_164, x=[0x07], y=[0x08], zoom=0x40	;@raw=0x57,0x20,0x76,0x07,0x08
	call DRAW_CIN_240_IF_VAR09_EQ_1	;@raw=0x04,0x53,0x3B
	call LABEL_53A9	;@raw=0x04,0x53,0xA9
	ret	;@raw=0x05

LABEL_570E:
	jne [HACK_VAR_67], [0x10], SHARED_RET	;@raw=0x0A,0x81,0x67,0x10,0x53,0x3A
	je [0x0D], 0x00, LABEL_571D	;@raw=0x0A,0x00,0x0D,0x00,0x57,0x1D
	call LABEL_52E6	;@raw=0x04,0x52,0xE6

LABEL_571D:
	call DRAW_SPRITE_CIN_236_239_BY_VAR09	;@raw=0x04,0x51,0x22
	video type=0, offset=COMMON_VIDEO_164, x=[0x07], y=[0x08], zoom=0x40	;@raw=0x57,0x20,0x76,0x07,0x08
	call DRAW_CIN_240_IF_VAR09_EQ_1	;@raw=0x04,0x53,0x3B
	call LABEL_53BF	;@raw=0x04,0x53,0xBF
	ret	;@raw=0x05

LABEL_572C:
	jne [HACK_VAR_67], [0x10], SHARED_RET	;@raw=0x0A,0x81,0x67,0x10,0x53,0x3A
	video type=1, offset=CINEMATIC_629, x=[0x07], y=[0x08], zoom=0x40	;@raw=0x54,0x29,0xAB,0x07,0x08
	call DRAW_SPRITE_CIN_236_239_BY_VAR09	;@raw=0x04,0x51,0x22
	video type=0, offset=COMMON_VIDEO_164, x=[0x07], y=[0x08], zoom=0x40	;@raw=0x57,0x20,0x76,0x07,0x08
	call DRAW_CIN_240_IF_VAR09_EQ_1	;@raw=0x04,0x53,0x3B
	call LABEL_53A9	;@raw=0x04,0x53,0xA9
	ret	;@raw=0x05

JUNK__5746:
	call LABEL_6575	;@raw=0x04,0x65,0x75
	break	;@raw=0x06
	jmp JUNK__5746	;@raw=0x07,0x57,0x46
LABEL_574D:
	db 0x11

LABEL_574E:
	call LABEL_2A0A	;@raw=0x04,0x2A,0x0A
	jmp LABEL_575D	;@raw=0x07,0x57,0x5D
	call STATE_VAR12_BIG_DISPATCH	;@raw=0x04,0x30,0xB6
	jne [0x2F], 0x02, GAME_LOOP_DRAW_CIN_242_243	;@raw=0x0A,0x01,0x2F,0x02,0x25,0xA8

LABEL_575D:
	call LABEL_548E	;@raw=0x04,0x54,0x8E
	sub [0x07], 0x0002	;@raw=0x03,0x07,0xFF,0xFE
	break	;@raw=0x06
	jg [0x07], [0x29], LABEL_5774	;@raw=0x0A,0x82,0x07,0x29,0x57,0x74
	call STATE_VAR12_BIG_DISPATCH	;@raw=0x04,0x30,0xB6
	jne [0x2F], 0x02, GAME_LOOP_DRAW_CIN_242_243	;@raw=0x0A,0x01,0x2F,0x02,0x25,0xA8

LABEL_5774:
	call LABEL_54B4	;@raw=0x04,0x54,0xB4
	sub [0x07], 0x0002	;@raw=0x03,0x07,0xFF,0xFE
	break	;@raw=0x06
	jg [0x07], [0x29], LABEL_578B	;@raw=0x0A,0x82,0x07,0x29,0x57,0x8B
	call STATE_VAR12_BIG_DISPATCH	;@raw=0x04,0x30,0xB6
	jne [0x2F], 0x02, GAME_LOOP_DRAW_CIN_242_243	;@raw=0x0A,0x01,0x2F,0x02,0x25,0xA8

LABEL_578B:
	call LABEL_54E2	;@raw=0x04,0x54,0xE2
	sub [0x07], 0x0003	;@raw=0x03,0x07,0xFF,0xFD
	break	;@raw=0x06
	jg [0x07], [0x29], LABEL_57A2	;@raw=0x0A,0x82,0x07,0x29,0x57,0xA2
	call STATE_VAR12_BIG_DISPATCH	;@raw=0x04,0x30,0xB6
	jne [0x2F], 0x02, GAME_LOOP_DRAW_CIN_242_243	;@raw=0x0A,0x01,0x2F,0x02,0x25,0xA8

LABEL_57A2:
	call LABEL_5500	;@raw=0x04,0x55,0x00
	sub [0x07], 0x0003	;@raw=0x03,0x07,0xFF,0xFD
	break	;@raw=0x06
	jg [0x07], [0x29], LABEL_57B9	;@raw=0x0A,0x82,0x07,0x29,0x57,0xB9
	call STATE_VAR12_BIG_DISPATCH	;@raw=0x04,0x30,0xB6
	jne [0x2F], 0x02, GAME_LOOP_DRAW_CIN_242_243	;@raw=0x0A,0x01,0x2F,0x02,0x25,0xA8

LABEL_57B9:
	call LABEL_5524	;@raw=0x04,0x55,0x24
	sub [0x07], 0x0003	;@raw=0x03,0x07,0xFF,0xFD
	break	;@raw=0x06
	jg [0x07], [0x29], LABEL_57D0	;@raw=0x0A,0x82,0x07,0x29,0x57,0xD0
	call STATE_VAR12_BIG_DISPATCH	;@raw=0x04,0x30,0xB6
	jne [0x2F], 0x02, GAME_LOOP_DRAW_CIN_242_243	;@raw=0x0A,0x01,0x2F,0x02,0x25,0xA8

LABEL_57D0:
	call LABEL_5542	;@raw=0x04,0x55,0x42
	sub [0x07], 0x0003	;@raw=0x03,0x07,0xFF,0xFD
	break	;@raw=0x06
	jg [0x07], [0x29], LABEL_57E7	;@raw=0x0A,0x82,0x07,0x29,0x57,0xE7
	call STATE_VAR12_BIG_DISPATCH	;@raw=0x04,0x30,0xB6
	jne [0x2F], 0x02, GAME_LOOP_DRAW_CIN_242_243	;@raw=0x0A,0x01,0x2F,0x02,0x25,0xA8

LABEL_57E7:
	call LABEL_5568	;@raw=0x04,0x55,0x68
	sub [0x07], 0x0003	;@raw=0x03,0x07,0xFF,0xFD
	break	;@raw=0x06
	jg [0x07], [0x29], LABEL_57FE	;@raw=0x0A,0x82,0x07,0x29,0x57,0xFE
	call STATE_VAR12_BIG_DISPATCH	;@raw=0x04,0x30,0xB6
	jne [0x2F], 0x02, GAME_LOOP_DRAW_CIN_242_243	;@raw=0x0A,0x01,0x2F,0x02,0x25,0xA8

LABEL_57FE:
	call LABEL_558E	;@raw=0x04,0x55,0x8E
	sub [0x07], 0x0002	;@raw=0x03,0x07,0xFF,0xFE
	break	;@raw=0x06
	jg [0x07], [0x29], LABEL_5815	;@raw=0x0A,0x82,0x07,0x29,0x58,0x15
	call STATE_VAR12_BIG_DISPATCH	;@raw=0x04,0x30,0xB6
	jne [0x2F], 0x02, GAME_LOOP_DRAW_CIN_242_243	;@raw=0x0A,0x01,0x2F,0x02,0x25,0xA8

LABEL_5815:
	call LABEL_55B4	;@raw=0x04,0x55,0xB4
	sub [0x07], 0x0002	;@raw=0x03,0x07,0xFF,0xFE
	break	;@raw=0x06
	jg [0x07], [0x29], LABEL_582C	;@raw=0x0A,0x82,0x07,0x29,0x58,0x2C
	call STATE_VAR12_BIG_DISPATCH	;@raw=0x04,0x30,0xB6
	jne [0x2F], 0x02, GAME_LOOP_DRAW_CIN_242_243	;@raw=0x0A,0x01,0x2F,0x02,0x25,0xA8

LABEL_582C:
	call LABEL_55DA	;@raw=0x04,0x55,0xDA
	sub [0x07], 0x0002	;@raw=0x03,0x07,0xFF,0xFE
	break	;@raw=0x06
	jg [0x07], [0x29], LABEL_5843	;@raw=0x0A,0x82,0x07,0x29,0x58,0x43
	call STATE_VAR12_BIG_DISPATCH	;@raw=0x04,0x30,0xB6
	jne [0x2F], 0x02, GAME_LOOP_DRAW_CIN_242_243	;@raw=0x0A,0x01,0x2F,0x02,0x25,0xA8

LABEL_5843:
	call LABEL_5608	;@raw=0x04,0x56,0x08
	sub [0x07], 0x0003	;@raw=0x03,0x07,0xFF,0xFD
	break	;@raw=0x06
	jg [0x07], [0x29], LABEL_585A	;@raw=0x0A,0x82,0x07,0x29,0x58,0x5A
	call STATE_VAR12_BIG_DISPATCH	;@raw=0x04,0x30,0xB6
	jne [0x2F], 0x02, GAME_LOOP_DRAW_CIN_242_243	;@raw=0x0A,0x01,0x2F,0x02,0x25,0xA8

LABEL_585A:
	call LABEL_562E	;@raw=0x04,0x56,0x2E
	sub [0x07], 0x0003	;@raw=0x03,0x07,0xFF,0xFD
	break	;@raw=0x06
	jg [0x07], [0x29], LABEL_5871	;@raw=0x0A,0x82,0x07,0x29,0x58,0x71
	call STATE_VAR12_BIG_DISPATCH	;@raw=0x04,0x30,0xB6
	jne [0x2F], 0x02, GAME_LOOP_DRAW_CIN_242_243	;@raw=0x0A,0x01,0x2F,0x02,0x25,0xA8

LABEL_5871:
	call LABEL_565A	;@raw=0x04,0x56,0x5A
	sub [0x07], 0x0003	;@raw=0x03,0x07,0xFF,0xFD
	break	;@raw=0x06
	jg [0x07], [0x29], LABEL_5888	;@raw=0x0A,0x82,0x07,0x29,0x58,0x88
	call STATE_VAR12_BIG_DISPATCH	;@raw=0x04,0x30,0xB6
	jne [0x2F], 0x02, GAME_LOOP_DRAW_CIN_242_243	;@raw=0x0A,0x01,0x2F,0x02,0x25,0xA8

LABEL_5888:
	call LABEL_5678	;@raw=0x04,0x56,0x78
	sub [0x07], 0x0003	;@raw=0x03,0x07,0xFF,0xFD
	break	;@raw=0x06
	jg [0x07], [0x29], LABEL_589F	;@raw=0x0A,0x82,0x07,0x29,0x58,0x9F
	call STATE_VAR12_BIG_DISPATCH	;@raw=0x04,0x30,0xB6
	jne [0x2F], 0x02, GAME_LOOP_DRAW_CIN_242_243	;@raw=0x0A,0x01,0x2F,0x02,0x25,0xA8

LABEL_589F:
	call LABEL_5696	;@raw=0x04,0x56,0x96
	sub [0x07], 0x0003	;@raw=0x03,0x07,0xFF,0xFD
	break	;@raw=0x06
	jg [0x07], [0x29], LABEL_58B6	;@raw=0x0A,0x82,0x07,0x29,0x58,0xB6
	call STATE_VAR12_BIG_DISPATCH	;@raw=0x04,0x30,0xB6
	jne [0x2F], 0x02, GAME_LOOP_DRAW_CIN_242_243	;@raw=0x0A,0x01,0x2F,0x02,0x25,0xA8

LABEL_58B6:
	call LABEL_56B4	;@raw=0x04,0x56,0xB4
	sub [0x07], 0x0002	;@raw=0x03,0x07,0xFF,0xFE
	break	;@raw=0x06
	jmp LABEL_574E	;@raw=0x07,0x57,0x4E
LABEL_58C1:
	db 0x11

LABEL_58C2:
	call LABEL_548E	;@raw=0x04,0x54,0x8E
	sub [0x07], 0x0002	;@raw=0x03,0x07,0xFF,0xFE
	break	;@raw=0x06
	call LABEL_54B4	;@raw=0x04,0x54,0xB4
	sub [0x07], 0x0002	;@raw=0x03,0x07,0xFF,0xFE
	break	;@raw=0x06
	call LABEL_54E2	;@raw=0x04,0x54,0xE2
	sub [0x07], 0x0003	;@raw=0x03,0x07,0xFF,0xFD
	break	;@raw=0x06
	call LABEL_5500	;@raw=0x04,0x55,0x00
	sub [0x07], 0x0003	;@raw=0x03,0x07,0xFF,0xFD
	break	;@raw=0x06
	call LABEL_5524	;@raw=0x04,0x55,0x24
	sub [0x07], 0x0003	;@raw=0x03,0x07,0xFF,0xFD
	break	;@raw=0x06
	call LABEL_5542	;@raw=0x04,0x55,0x42
	sub [0x07], 0x0003	;@raw=0x03,0x07,0xFF,0xFD
	break	;@raw=0x06
	call LABEL_5568	;@raw=0x04,0x55,0x68
	sub [0x07], 0x0003	;@raw=0x03,0x07,0xFF,0xFD
	break	;@raw=0x06
	call LABEL_558E	;@raw=0x04,0x55,0x8E
	sub [0x07], 0x0002	;@raw=0x03,0x07,0xFF,0xFE
	break	;@raw=0x06

LABEL_5902:
	call LABEL_55B4	;@raw=0x04,0x55,0xB4
	sub [0x07], 0x0002	;@raw=0x03,0x07,0xFF,0xFE
	break	;@raw=0x06
	call LABEL_55DA	;@raw=0x04,0x55,0xDA
	sub [0x07], 0x0002	;@raw=0x03,0x07,0xFF,0xFE
	break	;@raw=0x06
	call LABEL_5608	;@raw=0x04,0x56,0x08
	sub [0x07], 0x0003	;@raw=0x03,0x07,0xFF,0xFD
	break	;@raw=0x06
	call LABEL_562E	;@raw=0x04,0x56,0x2E
	sub [0x07], 0x0003	;@raw=0x03,0x07,0xFF,0xFD
	break	;@raw=0x06
	call LABEL_565A	;@raw=0x04,0x56,0x5A
	sub [0x07], 0x0003	;@raw=0x03,0x07,0xFF,0xFD
	break	;@raw=0x06
	call LABEL_5678	;@raw=0x04,0x56,0x78
	sub [0x07], 0x0003	;@raw=0x03,0x07,0xFF,0xFD
	break	;@raw=0x06
	call LABEL_5696	;@raw=0x04,0x56,0x96
	sub [0x07], 0x0003	;@raw=0x03,0x07,0xFF,0xFD
	break	;@raw=0x06
	call LABEL_56B4	;@raw=0x04,0x56,0xB4
	sub [0x07], 0x0002	;@raw=0x03,0x07,0xFF,0xFE
	break	;@raw=0x06
	jmp LABEL_58C2	;@raw=0x07,0x58,0xC2
LABEL_5945:
	db 0x11

LABEL_5946:
	jne [HACK_VAR_67], [0x10], SHARED_RET	;@raw=0x0A,0x81,0x67,0x10,0x53,0x3A
	sub [0x08], 0x0001	;@raw=0x03,0x08,0xFF,0xFF
	je [0x0D], 0x00, LABEL_595C	;@raw=0x0A,0x00,0x0D,0x00,0x59,0x5C
	call LABEL_52E6	;@raw=0x04,0x52,0xE6
	jmp LABEL_5961	;@raw=0x07,0x59,0x61

LABEL_595C:
	video type=0, offset=COMMON_VIDEO_263, x=[0x07], y=[0x08], zoom=0x40	;@raw=0x57,0x19,0x05,0x07,0x08

LABEL_5961:
	call DRAW_SPRITE_CIN_236_239_BY_VAR09	;@raw=0x04,0x51,0x22
	video type=0, offset=COMMON_VIDEO_264, x=[0x07], y=[0x08], zoom=0x40	;@raw=0x57,0x16,0xBB,0x07,0x08
	call LABEL_5483	;@raw=0x04,0x54,0x83
	add [0x08], 0x0001	;@raw=0x03,0x08,0x00,0x01
	ret	;@raw=0x05

LABEL_5971:
	jne [HACK_VAR_67], [0x10], SHARED_RET	;@raw=0x0A,0x81,0x67,0x10,0x53,0x3A
	je [0x0D], 0x00, LABEL_5983	;@raw=0x0A,0x00,0x0D,0x00,0x59,0x83
	call LABEL_52E6	;@raw=0x04,0x52,0xE6
	jmp LABEL_5988	;@raw=0x07,0x59,0x88

LABEL_5983:
	video type=0, offset=COMMON_VIDEO_266, x=[0x07], y=[0x08], zoom=0x40	;@raw=0x57,0x19,0x00,0x07,0x08

LABEL_5988:
	call DRAW_SPRITE_CIN_236_239_BY_VAR09	;@raw=0x04,0x51,0x22
	video type=0, offset=COMMON_VIDEO_267, x=[0x07], y=[0x08], zoom=0x40	;@raw=0x57,0x17,0x05,0x07,0x08
	call LABEL_5441	;@raw=0x04,0x54,0x41
	ret	;@raw=0x05

LABEL_5994:
	jne [HACK_VAR_67], [0x10], SHARED_RET	;@raw=0x0A,0x81,0x67,0x10,0x53,0x3A
	add [0x08], 0x0001	;@raw=0x03,0x08,0x00,0x01
	je [0x0D], 0x00, LABEL_59AA	;@raw=0x0A,0x00,0x0D,0x00,0x59,0xAA
	call DRAW_CIN_242_THEN_243	;@raw=0x04,0x53,0x10
	jmp LABEL_59AF	;@raw=0x07,0x59,0xAF

LABEL_59AA:
	video type=0, offset=COMMON_VIDEO_269, x=[0x07], y=[0x08], zoom=0x40	;@raw=0x57,0x18,0xFB,0x07,0x08

LABEL_59AF:
	call DRAW_SPRITE_CIN_236_239_BY_VAR09	;@raw=0x04,0x51,0x22
	video type=0, offset=COMMON_VIDEO_270, x=[0x07], y=[0x08], zoom=0x40	;@raw=0x57,0x17,0x4F,0x07,0x08
	call LABEL_544C	;@raw=0x04,0x54,0x4C
	sub [0x08], 0x0001	;@raw=0x03,0x08,0xFF,0xFF
	ret	;@raw=0x05

LABEL_59BF:
	jne [HACK_VAR_67], [0x10], SHARED_RET	;@raw=0x0A,0x81,0x67,0x10,0x53,0x3A
	add [0x08], 0x0001	;@raw=0x03,0x08,0x00,0x01
	je [0x0D], 0x00, LABEL_59D5	;@raw=0x0A,0x00,0x0D,0x00,0x59,0xD5
	call DRAW_CIN_242_THEN_243	;@raw=0x04,0x53,0x10
	jmp LABEL_59DA	;@raw=0x07,0x59,0xDA

LABEL_59D5:
	video type=0, offset=COMMON_VIDEO_272, x=[0x07], y=[0x08], zoom=0x40	;@raw=0x57,0x18,0xF6,0x07,0x08

LABEL_59DA:
	call DRAW_SPRITE_CIN_236_239_BY_VAR09	;@raw=0x04,0x51,0x22
	video type=0, offset=COMMON_VIDEO_273, x=[0x07], y=[0x08], zoom=0x40	;@raw=0x57,0x17,0x9D,0x07,0x08
	call LABEL_5457	;@raw=0x04,0x54,0x57
	sub [0x08], 0x0001	;@raw=0x03,0x08,0xFF,0xFF
	ret	;@raw=0x05

LABEL_59EA:
	jne [HACK_VAR_67], [0x10], SHARED_RET	;@raw=0x0A,0x81,0x67,0x10,0x53,0x3A
	je [0x0D], 0x00, LABEL_59FC	;@raw=0x0A,0x00,0x0D,0x00,0x59,0xFC
	call DRAW_CIN_242_THEN_243	;@raw=0x04,0x53,0x10
	jmp LABEL_5A01	;@raw=0x07,0x5A,0x01

LABEL_59FC:
	video type=0, offset=COMMON_VIDEO_275, x=[0x07], y=[0x08], zoom=0x40	;@raw=0x57,0x19,0x09,0x07,0x08

LABEL_5A01:
	call DRAW_SPRITE_CIN_236_239_BY_VAR09	;@raw=0x04,0x51,0x22
	video type=0, offset=COMMON_VIDEO_276, x=[0x07], y=[0x08], zoom=0x40	;@raw=0x57,0x17,0xEB,0x07,0x08
	call LABEL_5462	;@raw=0x04,0x54,0x62
	ret	;@raw=0x05

LABEL_5A0D:
	jne [HACK_VAR_67], [0x10], SHARED_RET	;@raw=0x0A,0x81,0x67,0x10,0x53,0x3A
	sub [0x08], 0x0001	;@raw=0x03,0x08,0xFF,0xFF
	je [0x0D], 0x00, LABEL_5A23	;@raw=0x0A,0x00,0x0D,0x00,0x5A,0x23
	call LABEL_52E6	;@raw=0x04,0x52,0xE6
	jmp LABEL_5A28	;@raw=0x07,0x5A,0x28

LABEL_5A23:
	video type=0, offset=COMMON_VIDEO_272, x=[0x07], y=[0x08], zoom=0x40	;@raw=0x57,0x18,0xF6,0x07,0x08

LABEL_5A28:
	call DRAW_SPRITE_CIN_236_239_BY_VAR09	;@raw=0x04,0x51,0x22
	video type=0, offset=COMMON_VIDEO_278, x=[0x07], y=[0x08], zoom=0x40	;@raw=0x57,0x18,0x25,0x07,0x08
	call LABEL_5462	;@raw=0x04,0x54,0x62
	add [0x08], 0x0001	;@raw=0x03,0x08,0x00,0x01
	ret	;@raw=0x05

LABEL_5A38:
	jne [HACK_VAR_67], [0x10], SHARED_RET	;@raw=0x0A,0x81,0x67,0x10,0x53,0x3A
	je [0x0D], 0x00, LABEL_5A4A	;@raw=0x0A,0x00,0x0D,0x00,0x5A,0x4A
	call LABEL_52E6	;@raw=0x04,0x52,0xE6
	jmp LABEL_5A4F	;@raw=0x07,0x5A,0x4F

LABEL_5A4A:
	video type=0, offset=COMMON_VIDEO_272, x=[0x07], y=[0x08], zoom=0x40	;@raw=0x57,0x18,0xF6,0x07,0x08

LABEL_5A4F:
	call DRAW_SPRITE_CIN_236_239_BY_VAR09	;@raw=0x04,0x51,0x22
	video type=0, offset=COMMON_VIDEO_279, x=[0x07], y=[0x08], zoom=0x40	;@raw=0x57,0x18,0x33,0x07,0x08
	call LABEL_5457	;@raw=0x04,0x54,0x57
	ret	;@raw=0x05

LABEL_5A5B:
	jne [HACK_VAR_67], [0x10], SHARED_RET	;@raw=0x0A,0x81,0x67,0x10,0x53,0x3A
	add [0x08], 0x0001	;@raw=0x03,0x08,0x00,0x01
	je [0x0D], 0x00, LABEL_5A71	;@raw=0x0A,0x00,0x0D,0x00,0x5A,0x71
	call LABEL_52C8	;@raw=0x04,0x52,0xC8
	jmp LABEL_5A76	;@raw=0x07,0x5A,0x76

LABEL_5A71:
	video type=0, offset=COMMON_VIDEO_269, x=[0x07], y=[0x08], zoom=0x40	;@raw=0x57,0x18,0xFB,0x07,0x08

LABEL_5A76:
	call DRAW_SPRITE_CIN_236_239_BY_VAR09	;@raw=0x04,0x51,0x22
	video type=0, offset=COMMON_VIDEO_280, x=[0x07], y=[0x08], zoom=0x40	;@raw=0x57,0x18,0x41,0x07,0x08
	call LABEL_546D	;@raw=0x04,0x54,0x6D
	sub [0x08], 0x0001	;@raw=0x03,0x08,0xFF,0xFF
	ret	;@raw=0x05

LABEL_5A86:
	jne [HACK_VAR_67], [0x10], SHARED_RET	;@raw=0x0A,0x81,0x67,0x10,0x53,0x3A
	add [0x08], 0x0001	;@raw=0x03,0x08,0x00,0x01
	je [0x0D], 0x00, LABEL_5A9C	;@raw=0x0A,0x00,0x0D,0x00,0x5A,0x9C
	call LABEL_52BC	;@raw=0x04,0x52,0xBC
	jmp LABEL_5AA1	;@raw=0x07,0x5A,0xA1

LABEL_5A9C:
	video type=0, offset=COMMON_VIDEO_269, x=[0x07], y=[0x08], zoom=0x40	;@raw=0x57,0x18,0xFB,0x07,0x08

LABEL_5AA1:
	call DRAW_SPRITE_CIN_236_239_BY_VAR09	;@raw=0x04,0x51,0x22
	video type=0, offset=COMMON_VIDEO_282, x=[0x07], y=[0x08], zoom=0x40	;@raw=0x57,0x18,0x4F,0x07,0x08
	call LABEL_5478	;@raw=0x04,0x54,0x78
	sub [0x08], 0x0001	;@raw=0x03,0x08,0xFF,0xFF
	ret	;@raw=0x05

LABEL_5AB1:
	jne [HACK_VAR_67], [0x10], SHARED_RET	;@raw=0x0A,0x81,0x67,0x10,0x53,0x3A
	je [0x0D], 0x00, LABEL_5AC3	;@raw=0x0A,0x00,0x0D,0x00,0x5A,0xC3
	call LABEL_52C8	;@raw=0x04,0x52,0xC8
	jmp LABEL_5AC8	;@raw=0x07,0x5A,0xC8

LABEL_5AC3:
	video type=0, offset=COMMON_VIDEO_266, x=[0x07], y=[0x08], zoom=0x40	;@raw=0x57,0x19,0x00,0x07,0x08

LABEL_5AC8:
	call DRAW_SPRITE_CIN_236_239_BY_VAR09	;@raw=0x04,0x51,0x22
	video type=0, offset=COMMON_VIDEO_284, x=[0x07], y=[0x08], zoom=0x40	;@raw=0x57,0x18,0x5D,0x07,0x08
	add [0x07], 0x0001	;@raw=0x03,0x07,0x00,0x01
	call LABEL_5483	;@raw=0x04,0x54,0x83
	sub [0x07], 0x0001	;@raw=0x03,0x07,0xFF,0xFF
	ret	;@raw=0x05

LABEL_5ADC:
	call LABEL_2A0A	;@raw=0x04,0x2A,0x0A
	jmp LABEL_5AEB	;@raw=0x07,0x5A,0xEB
	call STATE_VAR12_BIG_DISPATCH	;@raw=0x04,0x30,0xB6
	jne [0x2F], 0x04, LABEL_25B9	;@raw=0x0A,0x01,0x2F,0x04,0x25,0xB9

LABEL_5AEB:
	call LABEL_5946	;@raw=0x04,0x59,0x46
	sub [0x07], 0x0007	;@raw=0x03,0x07,0xFF,0xF9
	break	;@raw=0x06
	jg [0x07], [0x29], LABEL_5B02	;@raw=0x0A,0x82,0x07,0x29,0x5B,0x02
	call STATE_VAR12_BIG_DISPATCH	;@raw=0x04,0x30,0xB6
	jne [0x2F], 0x04, LABEL_25B9	;@raw=0x0A,0x01,0x2F,0x04,0x25,0xB9

LABEL_5B02:
	call LABEL_5971	;@raw=0x04,0x59,0x71
	sub [0x07], 0x0009	;@raw=0x03,0x07,0xFF,0xF7
	break	;@raw=0x06
	jg [0x07], [0x29], LABEL_5B19	;@raw=0x0A,0x82,0x07,0x29,0x5B,0x19
	call STATE_VAR12_BIG_DISPATCH	;@raw=0x04,0x30,0xB6
	jne [0x2F], 0x04, LABEL_25B9	;@raw=0x0A,0x01,0x2F,0x04,0x25,0xB9

LABEL_5B19:
	call LABEL_5994	;@raw=0x04,0x59,0x94
	sub [0x07], 0x0009	;@raw=0x03,0x07,0xFF,0xF7
	break	;@raw=0x06
	jg [0x07], [0x29], LABEL_5B30	;@raw=0x0A,0x82,0x07,0x29,0x5B,0x30
	call STATE_VAR12_BIG_DISPATCH	;@raw=0x04,0x30,0xB6
	jne [0x2F], 0x04, LABEL_25B9	;@raw=0x0A,0x01,0x2F,0x04,0x25,0xB9

LABEL_5B30:
	call LABEL_59BF	;@raw=0x04,0x59,0xBF
	sub [0x07], 0x0008	;@raw=0x03,0x07,0xFF,0xF8
	break	;@raw=0x06
	jg [0x07], [0x29], LABEL_5B47	;@raw=0x0A,0x82,0x07,0x29,0x5B,0x47
	call STATE_VAR12_BIG_DISPATCH	;@raw=0x04,0x30,0xB6
	jne [0x2F], 0x04, LABEL_25B9	;@raw=0x0A,0x01,0x2F,0x04,0x25,0xB9

LABEL_5B47:
	call LABEL_59EA	;@raw=0x04,0x59,0xEA
	sub [0x07], 0x000A	;@raw=0x03,0x07,0xFF,0xF6
	break	;@raw=0x06
	jg [0x07], [0x29], LABEL_5B5E	;@raw=0x0A,0x82,0x07,0x29,0x5B,0x5E
	call STATE_VAR12_BIG_DISPATCH	;@raw=0x04,0x30,0xB6
	jne [0x2F], 0x04, LABEL_25B9	;@raw=0x0A,0x01,0x2F,0x04,0x25,0xB9

LABEL_5B5E:
	call LABEL_5A0D	;@raw=0x04,0x5A,0x0D
	sub [0x07], 0x0007	;@raw=0x03,0x07,0xFF,0xF9
	break	;@raw=0x06
	jg [0x07], [0x29], LABEL_5B75	;@raw=0x0A,0x82,0x07,0x29,0x5B,0x75
	call STATE_VAR12_BIG_DISPATCH	;@raw=0x04,0x30,0xB6
	jne [0x2F], 0x04, LABEL_25B9	;@raw=0x0A,0x01,0x2F,0x04,0x25,0xB9

LABEL_5B75:
	call LABEL_5A38	;@raw=0x04,0x5A,0x38
	sub [0x07], 0x0009	;@raw=0x03,0x07,0xFF,0xF7
	break	;@raw=0x06
	jg [0x07], [0x29], LABEL_5B8C	;@raw=0x0A,0x82,0x07,0x29,0x5B,0x8C
	call STATE_VAR12_BIG_DISPATCH	;@raw=0x04,0x30,0xB6
	jne [0x2F], 0x04, LABEL_25B9	;@raw=0x0A,0x01,0x2F,0x04,0x25,0xB9

LABEL_5B8C:
	call LABEL_5A5B	;@raw=0x04,0x5A,0x5B
	sub [0x07], 0x0009	;@raw=0x03,0x07,0xFF,0xF7
	break	;@raw=0x06
	jg [0x07], [0x29], LABEL_5BA3	;@raw=0x0A,0x82,0x07,0x29,0x5B,0xA3
	call STATE_VAR12_BIG_DISPATCH	;@raw=0x04,0x30,0xB6
	jne [0x2F], 0x04, LABEL_25B9	;@raw=0x0A,0x01,0x2F,0x04,0x25,0xB9

LABEL_5BA3:
	call LABEL_5A86	;@raw=0x04,0x5A,0x86
	sub [0x07], 0x0008	;@raw=0x03,0x07,0xFF,0xF8
	break	;@raw=0x06
	jg [0x07], [0x29], LABEL_5BBA	;@raw=0x0A,0x82,0x07,0x29,0x5B,0xBA
	call STATE_VAR12_BIG_DISPATCH	;@raw=0x04,0x30,0xB6
	jne [0x2F], 0x04, LABEL_25B9	;@raw=0x0A,0x01,0x2F,0x04,0x25,0xB9

LABEL_5BBA:
	call LABEL_5AB1	;@raw=0x04,0x5A,0xB1
	sub [0x07], 0x000A	;@raw=0x03,0x07,0xFF,0xF6
	break	;@raw=0x06
	jmp LABEL_5ADC	;@raw=0x07,0x5A,0xDC
LABEL_5BC5:
	db 0x11

LABEL_5BC6:
	video type=1, offset=CINEMATIC_343, x=[0x07], y=[0x08], zoom=0x40	;@raw=0x54,0x2F,0xA5,0x07,0x08
	jg [0x13], [0x30], SHARED_RET	;@raw=0x0A,0x82,0x13,0x30,0x53,0x3A
	mov [0xF8], [0x31]	;@raw=0x01,0xF8,0x31
	and [0xF8], 0x0002	;@raw=0x14,0xF8,0x00,0x02
	je [0xF8], 0x00, SHARED_RET	;@raw=0x0A,0x00,0xF8,0x00,0x53,0x3A
	video type=1, offset=CINEMATIC_344, x=[0x07], y=[0x08], zoom=0x40	;@raw=0x54,0x44,0xE7,0x07,0x08
	ret	;@raw=0x05

LABEL_5BE4:
	video type=1, offset=CINEMATIC_345, x=[0x07], y=[0x08], zoom=0x40	;@raw=0x54,0x2F,0xC1,0x07,0x08
	jg [0x13], [0x30], SHARED_RET	;@raw=0x0A,0x82,0x13,0x30,0x53,0x3A
	mov [0xF8], [0x31]	;@raw=0x01,0xF8,0x31
	and [0xF8], 0x0002	;@raw=0x14,0xF8,0x00,0x02
	je [0xF8], 0x00, SHARED_RET	;@raw=0x0A,0x00,0xF8,0x00,0x53,0x3A
	video type=1, offset=CINEMATIC_346, x=[0x07], y=[0x08], zoom=0x40	;@raw=0x54,0x44,0xEB,0x07,0x08
	ret	;@raw=0x05

LABEL_5C02:
	video type=1, offset=CINEMATIC_347, x=[0x07], y=[0x08], zoom=0x40	;@raw=0x54,0x2F,0xDD,0x07,0x08
	jg [0x13], [0x30], SHARED_RET	;@raw=0x0A,0x82,0x13,0x30,0x53,0x3A
	mov [0xF8], [0x31]	;@raw=0x01,0xF8,0x31
	and [0xF8], 0x0004	;@raw=0x14,0xF8,0x00,0x04
	je [0xF8], 0x00, SHARED_RET	;@raw=0x0A,0x00,0xF8,0x00,0x53,0x3A
	video type=1, offset=CINEMATIC_348, x=[0x07], y=[0x08], zoom=0x40	;@raw=0x54,0x44,0xEF,0x07,0x08
	ret	;@raw=0x05

LABEL_5C20:
	add [0x07], 0x0001	;@raw=0x03,0x07,0x00,0x01
	call LABEL_5C2C	;@raw=0x04,0x5C,0x2C
	sub [0x07], 0x0001	;@raw=0x03,0x07,0xFF,0xFF
	ret	;@raw=0x05

LABEL_5C2C:
	video type=1, offset=CINEMATIC_170, x=[0x07], y=[0x08], zoom=0x40	;@raw=0x54,0x20,0x31,0x07,0x08
	mov [0xF5], [0x07]	;@raw=0x01,0xF5,0x07
	jg [0x13], [0x30], DRAW_CIN_169_IF_VAR09_EQ_1	;@raw=0x0A,0x82,0x13,0x30,0x5F,0x21
	mov [0xF8], [0x31]	;@raw=0x01,0xF8,0x31
	and [0xF8], 0x0004	;@raw=0x14,0xF8,0x00,0x04
	je [0xF8], 0x00, DRAW_CIN_169_IF_VAR09_EQ_1	;@raw=0x0A,0x00,0xF8,0x00,0x5F,0x21
	video type=1, offset=CINEMATIC_171, x=[0x07], y=[0x08], zoom=0x40	;@raw=0x54,0x44,0xFF,0x07,0x08
	jmp DRAW_CIN_169_IF_VAR09_EQ_1	;@raw=0x07,0x5F,0x21

LABEL_5C4F:
	add [0x07], 0x0001	;@raw=0x03,0x07,0x00,0x01
	call LABEL_5C5B	;@raw=0x04,0x5C,0x5B
	sub [0x07], 0x0001	;@raw=0x03,0x07,0xFF,0xFF
	ret	;@raw=0x05

LABEL_5C5B:
	video type=1, offset=CINEMATIC_334, x=[0x07], y=[0x08], zoom=0x40	;@raw=0x54,0x20,0x5A,0x07,0x08
	mov [0xF5], [0x07]	;@raw=0x01,0xF5,0x07
	jg [0x13], [0x30], DRAW_CIN_169_IF_VAR09_EQ_1	;@raw=0x0A,0x82,0x13,0x30,0x5F,0x21
	mov [0xF8], [0x31]	;@raw=0x01,0xF8,0x31
	and [0xF8], 0x0004	;@raw=0x14,0xF8,0x00,0x04
	je [0xF8], 0x00, DRAW_CIN_169_IF_VAR09_EQ_1	;@raw=0x0A,0x00,0xF8,0x00,0x5F,0x21
	video type=1, offset=CINEMATIC_335, x=[0x07], y=[0x08], zoom=0x40	;@raw=0x54,0x45,0x03,0x07,0x08
	jmp DRAW_CIN_169_IF_VAR09_EQ_1	;@raw=0x07,0x5F,0x21

LABEL_5C7E:
	video type=1, offset=CINEMATIC_336, x=[0x07], y=[0x08], zoom=0x40	;@raw=0x54,0x20,0x83,0x07,0x08
	mov [0xF5], [0x07]	;@raw=0x01,0xF5,0x07
	jg [0x13], [0x30], DRAW_CIN_169_IF_VAR09_EQ_1	;@raw=0x0A,0x82,0x13,0x30,0x5F,0x21
	mov [0xF8], [0x31]	;@raw=0x01,0xF8,0x31
	and [0xF8], 0x0004	;@raw=0x14,0xF8,0x00,0x04
	je [0xF8], 0x00, DRAW_CIN_169_IF_VAR09_EQ_1	;@raw=0x0A,0x00,0xF8,0x00,0x5F,0x21
	video type=1, offset=CINEMATIC_337, x=[0x07], y=[0x08], zoom=0x40	;@raw=0x54,0x45,0x07,0x07,0x08
	jmp DRAW_CIN_169_IF_VAR09_EQ_1	;@raw=0x07,0x5F,0x21

LABEL_5CA1:
	sub [0x07], 0x0001	;@raw=0x03,0x07,0xFF,0xFF
	call LABEL_5C4F	;@raw=0x04,0x5C,0x4F
	add [0x07], 0x0001	;@raw=0x03,0x07,0x00,0x01
	ret	;@raw=0x05

LABEL_5CAD:
	jne [HACK_VAR_67], [0x10], SHARED_RET	;@raw=0x0A,0x81,0x67,0x10,0x53,0x3A
	play id=0x0055, freq=0x19, vol=0x0A, channel=0x01	;@raw=0x18,0x00,0x55,0x19,0x0A,0x01
	sub [0x08], 0x0001	;@raw=0x03,0x08,0xFF,0xFF
	call DRAW_SPRITE_CIN_164_167_BY_VAR09	;@raw=0x04,0x5E,0x63
	video type=0, offset=COMMON_VIDEO_241, x=[0x07], y=[0x08], zoom=0x40	;@raw=0x57,0x12,0xB3,0x07,0x08
	video type=0, offset=COMMON_VIDEO_242, x=[0x07], y=[0x08], zoom=0x40	;@raw=0x57,0x0F,0xB8,0x07,0x08
	je [0x0D], 0x00, LABEL_5CD6	;@raw=0x0A,0x00,0x0D,0x00,0x5C,0xD6
	call LABEL_5C4F	;@raw=0x04,0x5C,0x4F
	jmp LABEL_5CDB	;@raw=0x07,0x5C,0xDB

LABEL_5CD6:
	video type=0, offset=COMMON_VIDEO_243, x=[0x07], y=[0x08], zoom=0x40	;@raw=0x57,0x30,0x84,0x07,0x08

LABEL_5CDB:
	add [0x08], 0x0001	;@raw=0x03,0x08,0x00,0x01
	ret	;@raw=0x05

LABEL_5CE0:
	jne [HACK_VAR_67], [0x10], SHARED_RET	;@raw=0x0A,0x81,0x67,0x10,0x53,0x3A
	call DRAW_SPRITE_CIN_164_167_BY_VAR09	;@raw=0x04,0x5E,0x63
	video type=0, offset=COMMON_VIDEO_244, x=[0x07], y=[0x08], zoom=0x40	;@raw=0x57,0x12,0xAE,0x07,0x08
	video type=0, offset=COMMON_VIDEO_245, x=[0x07], y=[0x08], zoom=0x40	;@raw=0x57,0x0F,0xF2,0x07,0x08
	je [0x0D], 0x00, LABEL_5CFF	;@raw=0x0A,0x00,0x0D,0x00,0x5C,0xFF
	call LABEL_5C4F	;@raw=0x04,0x5C,0x4F
	jmp LABEL_5D04	;@raw=0x07,0x5D,0x04

LABEL_5CFF:
	video type=0, offset=COMMON_VIDEO_246, x=[0x07], y=[0x08], zoom=0x40	;@raw=0x57,0x10,0xD4,0x07,0x08

LABEL_5D04:
	ret	;@raw=0x05

LABEL_5D05:
	jne [HACK_VAR_67], [0x10], SHARED_RET	;@raw=0x0A,0x81,0x67,0x10,0x53,0x3A
	add [0x08], 0x0001	;@raw=0x03,0x08,0x00,0x01
	call DRAW_SPRITE_CIN_164_167_BY_VAR09	;@raw=0x04,0x5E,0x63
	video type=0, offset=COMMON_VIDEO_247, x=[0x07], y=[0x08], zoom=0x40	;@raw=0x57,0x12,0xA9,0x07,0x08
	video type=0, offset=COMMON_VIDEO_248, x=[0x07], y=[0x08], zoom=0x40	;@raw=0x57,0x10,0x2C,0x07,0x08
	je [0x0D], 0x00, LABEL_5D28	;@raw=0x0A,0x00,0x0D,0x00,0x5D,0x28
	call LABEL_5C2C	;@raw=0x04,0x5C,0x2C
	jmp LABEL_5D2D	;@raw=0x07,0x5D,0x2D

LABEL_5D28:
	video type=0, offset=COMMON_VIDEO_249, x=[0x07], y=[0x08], zoom=0x40	;@raw=0x57,0x10,0xEB,0x07,0x08

LABEL_5D2D:
	sub [0x08], 0x0001	;@raw=0x03,0x08,0xFF,0xFF
	ret	;@raw=0x05

LABEL_5D32:
	jne [HACK_VAR_67], [0x10], SHARED_RET	;@raw=0x0A,0x81,0x67,0x10,0x53,0x3A
	add [0x08], 0x0001	;@raw=0x03,0x08,0x00,0x01
	call DRAW_SPRITE_CIN_164_167_BY_VAR09	;@raw=0x04,0x5E,0x63
	video type=0, offset=COMMON_VIDEO_250, x=[0x07], y=[0x08], zoom=0x40	;@raw=0x57,0x12,0xA4,0x07,0x08
	video type=0, offset=COMMON_VIDEO_251, x=[0x07], y=[0x08], zoom=0x40	;@raw=0x57,0x10,0x5C,0x07,0x08
	je [0x0D], 0x00, LABEL_5D55	;@raw=0x0A,0x00,0x0D,0x00,0x5D,0x55
	call LABEL_5C20	;@raw=0x04,0x5C,0x20
	jmp LABEL_5D5A	;@raw=0x07,0x5D,0x5A

LABEL_5D55:
	video type=0, offset=COMMON_VIDEO_252, x=[0x07], y=[0x08], zoom=0x40	;@raw=0x57,0x11,0x00,0x07,0x08

LABEL_5D5A:
	sub [0x08], 0x0001	;@raw=0x03,0x08,0xFF,0xFF
	ret	;@raw=0x05

LABEL_5D5F:
	jne [HACK_VAR_67], [0x10], SHARED_RET	;@raw=0x0A,0x81,0x67,0x10,0x53,0x3A
	call DRAW_SPRITE_CIN_164_167_BY_VAR09	;@raw=0x04,0x5E,0x63
	video type=0, offset=COMMON_VIDEO_253, x=[0x07], y=[0x08], zoom=0x40	;@raw=0x57,0x12,0xB8,0x07,0x08
	video type=0, offset=COMMON_VIDEO_254, x=[0x07], y=[0x08], zoom=0x40	;@raw=0x57,0x10,0x9A,0x07,0x08
	je [0x0D], 0x00, LABEL_5D7E	;@raw=0x0A,0x00,0x0D,0x00,0x5D,0x7E
	call LABEL_5C2C	;@raw=0x04,0x5C,0x2C
	jmp LABEL_5D83	;@raw=0x07,0x5D,0x83

LABEL_5D7E:
	video type=0, offset=COMMON_VIDEO_255, x=[0x07], y=[0x08], zoom=0x40	;@raw=0x57,0x11,0x09,0x07,0x08

LABEL_5D83:
	ret	;@raw=0x05

LABEL_5D84:
	jne [HACK_VAR_67], [0x10], SHARED_RET	;@raw=0x0A,0x81,0x67,0x10,0x53,0x3A
	play id=0x0055, freq=0x1C, vol=0x0A, channel=0x01	;@raw=0x18,0x00,0x55,0x1C,0x0A,0x01
	sub [0x08], 0x0001	;@raw=0x03,0x08,0xFF,0xFF
	call DRAW_SPRITE_CIN_164_167_BY_VAR09	;@raw=0x04,0x5E,0x63
	video type=0, offset=COMMON_VIDEO_250, x=[0x07], y=[0x08], zoom=0x40	;@raw=0x57,0x12,0xA4,0x07,0x08
	video type=0, offset=COMMON_VIDEO_256, x=[0x07], y=[0x08], zoom=0x40	;@raw=0x57,0x11,0x88,0x07,0x08
	je [0x0D], 0x00, LABEL_5DAD	;@raw=0x0A,0x00,0x0D,0x00,0x5D,0xAD
	call LABEL_5C4F	;@raw=0x04,0x5C,0x4F
	jmp LABEL_5DB2	;@raw=0x07,0x5D,0xB2

LABEL_5DAD:
	video type=0, offset=COMMON_VIDEO_255, x=[0x07], y=[0x08], zoom=0x40	;@raw=0x57,0x11,0x09,0x07,0x08

LABEL_5DB2:
	add [0x08], 0x0001	;@raw=0x03,0x08,0x00,0x01
	ret	;@raw=0x05

LABEL_5DB7:
	jne [HACK_VAR_67], [0x10], SHARED_RET	;@raw=0x0A,0x81,0x67,0x10,0x53,0x3A
	call DRAW_SPRITE_CIN_164_167_BY_VAR09	;@raw=0x04,0x5E,0x63
	video type=0, offset=COMMON_VIDEO_250, x=[0x07], y=[0x08], zoom=0x40	;@raw=0x57,0x12,0xA4,0x07,0x08
	video type=0, offset=COMMON_VIDEO_257, x=[0x07], y=[0x08], zoom=0x40	;@raw=0x57,0x11,0x96,0x07,0x08
	je [0x0D], 0x00, LABEL_5DD6	;@raw=0x0A,0x00,0x0D,0x00,0x5D,0xD6
	call LABEL_5C4F	;@raw=0x04,0x5C,0x4F
	jmp LABEL_5DDB	;@raw=0x07,0x5D,0xDB

LABEL_5DD6:
	video type=0, offset=COMMON_VIDEO_252, x=[0x07], y=[0x08], zoom=0x40	;@raw=0x57,0x11,0x00,0x07,0x08

LABEL_5DDB:
	ret	;@raw=0x05

LABEL_5DDC:
	jne [HACK_VAR_67], [0x10], SHARED_RET	;@raw=0x0A,0x81,0x67,0x10,0x53,0x3A
	add [0x08], 0x0001	;@raw=0x03,0x08,0x00,0x01
	call DRAW_SPRITE_CIN_164_167_BY_VAR09	;@raw=0x04,0x5E,0x63
	video type=0, offset=COMMON_VIDEO_247, x=[0x07], y=[0x08], zoom=0x40	;@raw=0x57,0x12,0xA9,0x07,0x08
	video type=0, offset=COMMON_VIDEO_258, x=[0x07], y=[0x08], zoom=0x40	;@raw=0x57,0x11,0xA4,0x07,0x08
	je [0x0D], 0x00, LABEL_5DFF	;@raw=0x0A,0x00,0x0D,0x00,0x5D,0xFF
	call LABEL_5C7E	;@raw=0x04,0x5C,0x7E
	jmp LABEL_5E04	;@raw=0x07,0x5E,0x04

LABEL_5DFF:
	video type=0, offset=COMMON_VIDEO_259, x=[0x07], y=[0x08], zoom=0x40	;@raw=0x57,0x11,0x26,0x07,0x08

LABEL_5E04:
	sub [0x08], 0x0001	;@raw=0x03,0x08,0xFF,0xFF
	ret	;@raw=0x05

LABEL_5E09:
	jne [HACK_VAR_67], [0x10], SHARED_RET	;@raw=0x0A,0x81,0x67,0x10,0x53,0x3A
	add [0x08], 0x0001	;@raw=0x03,0x08,0x00,0x01
	call DRAW_SPRITE_CIN_164_167_BY_VAR09	;@raw=0x04,0x5E,0x63
	video type=0, offset=COMMON_VIDEO_247, x=[0x07], y=[0x08], zoom=0x40	;@raw=0x57,0x12,0xA9,0x07,0x08
	video type=0, offset=COMMON_VIDEO_260, x=[0x07], y=[0x08], zoom=0x40	;@raw=0x57,0x11,0xB2,0x07,0x08
	je [0x0D], 0x00, LABEL_5E2C	;@raw=0x0A,0x00,0x0D,0x00,0x5E,0x2C
	call LABEL_5CA1	;@raw=0x04,0x5C,0xA1
	jmp LABEL_5E31	;@raw=0x07,0x5E,0x31

LABEL_5E2C:
	video type=0, offset=COMMON_VIDEO_261, x=[0x07], y=[0x08], zoom=0x40	;@raw=0x57,0x11,0x3B,0x07,0x08

LABEL_5E31:
	sub [0x08], 0x0001	;@raw=0x03,0x08,0xFF,0xFF
	ret	;@raw=0x05

LABEL_5E36:
	jne [HACK_VAR_67], [0x10], SHARED_RET	;@raw=0x0A,0x81,0x67,0x10,0x53,0x3A
	call DRAW_SPRITE_CIN_164_167_BY_VAR09	;@raw=0x04,0x5E,0x63
	video type=0, offset=COMMON_VIDEO_244, x=[0x07], y=[0x08], zoom=0x40	;@raw=0x57,0x12,0xAE,0x07,0x08
	video type=0, offset=COMMON_VIDEO_262, x=[0x07], y=[0x08], zoom=0x40	;@raw=0x57,0x11,0xC0,0x07,0x08
	sub [0x07], 0x0001	;@raw=0x03,0x07,0xFF,0xFF
	je [0x0D], 0x00, LABEL_5E59	;@raw=0x0A,0x00,0x0D,0x00,0x5E,0x59
	call LABEL_5C7E	;@raw=0x04,0x5C,0x7E
	jmp LABEL_5E5E	;@raw=0x07,0x5E,0x5E

LABEL_5E59:
	video type=0, offset=COMMON_VIDEO_243, x=[0x07], y=[0x08], zoom=0x40	;@raw=0x57,0x30,0x84,0x07,0x08

LABEL_5E5E:
	add [0x07], 0x0001	;@raw=0x03,0x07,0x00,0x01
	ret	;@raw=0x05

DRAW_SPRITE_CIN_164_167_BY_VAR09:
	mov [0xF8], [0x09]	;@raw=0x01,0xF8,0x09
	shr [0xF8], 0x0004	;@raw=0x17,0xF8,0x00,0x04
	jne [0x0E], 0x00, LABEL_5E89	;@raw=0x0A,0x01,0x0E,0x00,0x5E,0x89
	je [0xF8], 0x00, DRAW_CIN_164	;@raw=0x0A,0x00,0xF8,0x00,0x5E,0xCA
	je [0xF8], 0x01, DRAW_CIN_165	;@raw=0x0A,0x00,0xF8,0x01,0x5E,0xD0
	je [0xF8], 0x02, DRAW_CIN_166	;@raw=0x0A,0x00,0xF8,0x02,0x5E,0xD6
	je [0xF8], 0x03, DRAW_CIN_167	;@raw=0x0A,0x00,0xF8,0x03,0x5E,0xDC
	ret	;@raw=0x05

LABEL_5E89:
	jne [0x0E], 0x01, LABEL_5E92	;@raw=0x0A,0x01,0x0E,0x01,0x5E,0x92
	jmp DRAW_CIN_163	;@raw=0x07,0x5E,0xE2

LABEL_5E92:
	jne [0x0E], 0x02, LABEL_5E9B	;@raw=0x0A,0x01,0x0E,0x02,0x5E,0x9B
	jmp DRAW_CIN_162	;@raw=0x07,0x5E,0xE8

LABEL_5E9B:
	jne [0x0E], 0x03, LABEL_5EA4	;@raw=0x0A,0x01,0x0E,0x03,0x5E,0xA4
	jmp DRAW_CIN_161	;@raw=0x07,0x5E,0xEE

LABEL_5EA4:
	jne [0x0E], 0x04, LABEL_5EB3	;@raw=0x0A,0x01,0x0E,0x04,0x5E,0xB3
	je [0xF8], 0x01, DRAW_CIN_159	;@raw=0x0A,0x00,0xF8,0x01,0x5E,0xFA
	jmp DRAW_CIN_160	;@raw=0x07,0x5E,0xF4

LABEL_5EB3:
	jne [0x0E], 0x05, LABEL_5EBC	;@raw=0x0A,0x01,0x0E,0x05,0x5E,0xBC
	jmp DRAW_CIN_158	;@raw=0x07,0x5F,0x00

LABEL_5EBC:
	jne [0x0E], 0x07, LABEL_5EC9	;@raw=0x0A,0x01,0x0E,0x07,0x5E,0xC9
	je [0xF8], 0x01, DRAW_CIN_157	;@raw=0x0A,0x00,0xF8,0x01,0x5F,0x06
	ret	;@raw=0x05

LABEL_5EC9:
	ret	;@raw=0x05

DRAW_CIN_164:
	video type=1, offset=CINEMATIC_164, x=[0x07], y=[0x08], zoom=0x40	;@raw=0x54,0x0B,0xFD,0x07,0x08
	ret	;@raw=0x05

DRAW_CIN_165:
	video type=1, offset=CINEMATIC_165, x=[0x07], y=[0x08], zoom=0x40	;@raw=0x54,0x5B,0x88,0x07,0x08
	ret	;@raw=0x05

DRAW_CIN_166:
	video type=1, offset=CINEMATIC_166, x=[0x07], y=[0x08], zoom=0x40	;@raw=0x54,0x5B,0x9C,0x07,0x08
	ret	;@raw=0x05

DRAW_CIN_167:
	video type=1, offset=CINEMATIC_167, x=[0x07], y=[0x08], zoom=0x40	;@raw=0x54,0x5B,0xB0,0x07,0x08
	ret	;@raw=0x05

DRAW_CIN_163:
	video type=1, offset=CINEMATIC_163, x=[0x07], y=[0x08], zoom=0x40	;@raw=0x54,0x20,0xEE,0x07,0x08
	ret	;@raw=0x05

DRAW_CIN_162:
	video type=1, offset=CINEMATIC_162, x=[0x07], y=[0x08], zoom=0x40	;@raw=0x54,0x21,0x0C,0x07,0x08
	ret	;@raw=0x05

DRAW_CIN_161:
	video type=1, offset=CINEMATIC_161, x=[0x07], y=[0x08], zoom=0x40	;@raw=0x54,0x21,0x18,0x07,0x08
	ret	;@raw=0x05

DRAW_CIN_160:
	video type=1, offset=CINEMATIC_160, x=[0x07], y=[0x08], zoom=0x40	;@raw=0x54,0x21,0x38,0x07,0x08
	ret	;@raw=0x05

DRAW_CIN_159:
	video type=1, offset=CINEMATIC_159, x=[0x07], y=[0x08], zoom=0x40	;@raw=0x54,0x5F,0x5F,0x07,0x08
	ret	;@raw=0x05

DRAW_CIN_158:
	video type=1, offset=CINEMATIC_158, x=[0x07], y=[0x08], zoom=0x40	;@raw=0x54,0x45,0x3B,0x07,0x08
	ret	;@raw=0x05

DRAW_CIN_157:
	video type=1, offset=CINEMATIC_157, x=[0x07], y=[0x08], zoom=0x40	;@raw=0x54,0x5F,0x76,0x07,0x08
	ret	;@raw=0x05
LABEL_5F0C:
	db 0x11

DRAW_CIN_168_IF_VAR09_EQ_1:
	mov [0xF8], [0x09]	;@raw=0x01,0xF8,0x09
	and [0xF8], 0x000F	;@raw=0x14,0xF8,0x00,0x0F
	je [0xF8], 0x01, DRAW_CIN_168	;@raw=0x0A,0x00,0xF8,0x01,0x5F,0x1B
	ret	;@raw=0x05

DRAW_CIN_168:
	video type=1, offset=CINEMATIC_168, x=[0x07], y=[0x08], zoom=0x40	;@raw=0x54,0x62,0x04,0x07,0x08
	ret	;@raw=0x05

DRAW_CIN_169_IF_VAR09_EQ_1:
	mov [0xF8], [0x09]	;@raw=0x01,0xF8,0x09
	and [0xF8], 0x000F	;@raw=0x14,0xF8,0x00,0x0F
	je [0xF8], 0x01, DRAW_CIN_169	;@raw=0x0A,0x00,0xF8,0x01,0x5F,0x2F
	ret	;@raw=0x05

DRAW_CIN_169:
	video type=1, offset=CINEMATIC_169, x=[0xf5], y=[0x08], zoom=0x40	;@raw=0x54,0x62,0x20,0xF5,0x08
	ret	;@raw=0x05

LABEL_5F35:
	video type=0, offset=COMMON_VIDEO_202, x=[0x07], y=[0x08], zoom=0x40	;@raw=0x57,0x0D,0x2A,0x07,0x08
	mov [0xF5], [0x07]	;@raw=0x01,0xF5,0x07
	jg [0xF6], 0x00, DRAW_CIN_169_IF_VAR09_EQ_1	;@raw=0x0A,0x02,0xF6,0x00,0x5F,0x21
	video type=0, offset=COMMON_VIDEO_203, x=[0x07], y=[0x08], zoom=0x40	;@raw=0x57,0x2F,0xBA,0x07,0x08
	jmp DRAW_CIN_169_IF_VAR09_EQ_1	;@raw=0x07,0x5F,0x21

LABEL_5F4B:
	video type=0, offset=COMMON_VIDEO_169, x=[0x07], y=[0x08], zoom=0x40	;@raw=0x57,0x0D,0x42,0x07,0x08
	mov [0xF5], [0x07]	;@raw=0x01,0xF5,0x07
	jg [0xF6], 0x00, DRAW_CIN_169_IF_VAR09_EQ_1	;@raw=0x0A,0x02,0xF6,0x00,0x5F,0x21
	video type=0, offset=COMMON_VIDEO_170, x=[0x07], y=[0x08], zoom=0x40	;@raw=0x57,0x2F,0xBE,0x07,0x08
	jmp DRAW_CIN_169_IF_VAR09_EQ_1	;@raw=0x07,0x5F,0x21

LABEL_5F61:
	video type=0, offset=COMMON_VIDEO_173, x=[0x07], y=[0x08], zoom=0x40	;@raw=0x57,0x0D,0x5A,0x07,0x08
	mov [0xF5], [0x07]	;@raw=0x01,0xF5,0x07
	add [0xF5], 0x0001	;@raw=0x03,0xF5,0x00,0x01
	jg [0xF6], 0x00, DRAW_CIN_169_IF_VAR09_EQ_1	;@raw=0x0A,0x02,0xF6,0x00,0x5F,0x21
	video type=0, offset=COMMON_VIDEO_174, x=[0x07], y=[0x08], zoom=0x40	;@raw=0x57,0x2F,0xC2,0x07,0x08
	jmp DRAW_CIN_169_IF_VAR09_EQ_1	;@raw=0x07,0x5F,0x21

LABEL_5F7B:
	video type=0, offset=COMMON_VIDEO_176, x=[0x07], y=[0x08], zoom=0x40	;@raw=0x57,0x0D,0x72,0x07,0x08
	mov [0xF5], [0x07]	;@raw=0x01,0xF5,0x07
	jg [0xF6], 0x00, DRAW_CIN_169_IF_VAR09_EQ_1	;@raw=0x0A,0x02,0xF6,0x00,0x5F,0x21
	video type=0, offset=COMMON_VIDEO_177, x=[0x07], y=[0x08], zoom=0x40	;@raw=0x57,0x2F,0xC6,0x07,0x08
	jmp DRAW_CIN_169_IF_VAR09_EQ_1	;@raw=0x07,0x5F,0x21

LABEL_5F91:
	video type=0, offset=COMMON_VIDEO_129, x=[0x07], y=[0x08], zoom=0x40	;@raw=0x57,0x0D,0x8A,0x07,0x08
	mov [0xF5], [0x07]	;@raw=0x01,0xF5,0x07
	sub [0xF5], 0x0001	;@raw=0x03,0xF5,0xFF,0xFF
	jg [0xF6], 0x00, DRAW_CIN_169_IF_VAR09_EQ_1	;@raw=0x0A,0x02,0xF6,0x00,0x5F,0x21
	video type=0, offset=COMMON_VIDEO_130, x=[0x07], y=[0x08], zoom=0x40	;@raw=0x57,0x2F,0xCA,0x07,0x08
	jmp DRAW_CIN_169_IF_VAR09_EQ_1	;@raw=0x07,0x5F,0x21

LABEL_5FAB:
	video type=0, offset=COMMON_VIDEO_181, x=[0x07], y=[0x08], zoom=0x40	;@raw=0x57,0x0D,0xA2,0x07,0x08
	mov [0xF5], [0x07]	;@raw=0x01,0xF5,0x07
	sub [0xF5], 0x0001	;@raw=0x03,0xF5,0xFF,0xFF
	jg [0xF6], 0x00, DRAW_CIN_169_IF_VAR09_EQ_1	;@raw=0x0A,0x02,0xF6,0x00,0x5F,0x21
	video type=0, offset=COMMON_VIDEO_182, x=[0x07], y=[0x08], zoom=0x40	;@raw=0x57,0x2F,0xCE,0x07,0x08
	jmp DRAW_CIN_169_IF_VAR09_EQ_1	;@raw=0x07,0x5F,0x21

LABEL_5FC5:
	video type=0, offset=COMMON_VIDEO_185, x=[0x07], y=[0x08], zoom=0x40	;@raw=0x57,0x0D,0xBA,0x07,0x08
	mov [0xF5], [0x07]	;@raw=0x01,0xF5,0x07
	sub [0xF5], 0x0002	;@raw=0x03,0xF5,0xFF,0xFE
	jg [0xF6], 0x00, DRAW_CIN_169_IF_VAR09_EQ_1	;@raw=0x0A,0x02,0xF6,0x00,0x5F,0x21
	video type=0, offset=COMMON_VIDEO_186, x=[0x07], y=[0x08], zoom=0x40	;@raw=0x57,0x2F,0xD2,0x07,0x08
	jmp DRAW_CIN_169_IF_VAR09_EQ_1	;@raw=0x07,0x5F,0x21

LABEL_5FDF:
	video type=0, offset=COMMON_VIDEO_189, x=[0x07], y=[0x08], zoom=0x40	;@raw=0x57,0x0D,0xD2,0x07,0x08
	mov [0xF5], [0x07]	;@raw=0x01,0xF5,0x07
	sub [0xF5], 0x0002	;@raw=0x03,0xF5,0xFF,0xFE
	jg [0xF6], 0x00, DRAW_CIN_169_IF_VAR09_EQ_1	;@raw=0x0A,0x02,0xF6,0x00,0x5F,0x21
	video type=0, offset=COMMON_VIDEO_190, x=[0x07], y=[0x08], zoom=0x40	;@raw=0x57,0x2F,0xD6,0x07,0x08
	jmp DRAW_CIN_169_IF_VAR09_EQ_1	;@raw=0x07,0x5F,0x21

LABEL_5FF9:
	video type=0, offset=COMMON_VIDEO_193, x=[0x07], y=[0x08], zoom=0x40	;@raw=0x57,0x0D,0xEA,0x07,0x08
	mov [0xF5], [0x07]	;@raw=0x01,0xF5,0x07
	sub [0xF5], 0x0002	;@raw=0x03,0xF5,0xFF,0xFE
	jg [0xF6], 0x00, DRAW_CIN_169_IF_VAR09_EQ_1	;@raw=0x0A,0x02,0xF6,0x00,0x5F,0x21
	video type=0, offset=COMMON_VIDEO_194, x=[0x07], y=[0x08], zoom=0x40	;@raw=0x57,0x2F,0xDA,0x07,0x08
	jmp DRAW_CIN_169_IF_VAR09_EQ_1	;@raw=0x07,0x5F,0x21

LABEL_6013:
	jne [HACK_VAR_67], [0x10], SHARED_RET	;@raw=0x0A,0x81,0x67,0x10,0x53,0x3A
	call DRAW_SPRITE_CIN_164_167_BY_VAR09	;@raw=0x04,0x5E,0x63
	video type=0, offset=COMMON_VIDEO_167, x=[0x07], y=[0x08], zoom=0x40	;@raw=0x57,0x12,0x3E,0x07,0x08
	video type=0, offset=COMMON_VIDEO_168, x=[0x07], y=[0x08], zoom=0x40	;@raw=0x57,0x0C,0x0E,0x07,0x08
	call DRAW_CIN_168_IF_VAR09_EQ_1	;@raw=0x04,0x5F,0x0D
	je [0x0D], 0x00, LABEL_6035	;@raw=0x0A,0x00,0x0D,0x00,0x60,0x35
	call LABEL_5C20	;@raw=0x04,0x5C,0x20
	jmp LABEL_6038	;@raw=0x07,0x60,0x38

LABEL_6035:
	call LABEL_5F4B	;@raw=0x04,0x5F,0x4B

LABEL_6038:
	ret	;@raw=0x05

LABEL_6039:
	jne [HACK_VAR_67], [0x10], SHARED_RET	;@raw=0x0A,0x81,0x67,0x10,0x53,0x3A
	call DRAW_SPRITE_CIN_164_167_BY_VAR09	;@raw=0x04,0x5E,0x63
	sub [0x07], 0x0001	;@raw=0x03,0x07,0xFF,0xFF
	video type=0, offset=COMMON_VIDEO_167, x=[0x07], y=[0x08], zoom=0x40	;@raw=0x57,0x12,0x3E,0x07,0x08
	add [0x07], 0x0001	;@raw=0x03,0x07,0x00,0x01
	video type=0, offset=COMMON_VIDEO_171, x=[0x07], y=[0x08], zoom=0x40	;@raw=0x57,0x0C,0x33,0x07,0x08
	call DRAW_CIN_168_IF_VAR09_EQ_1	;@raw=0x04,0x5F,0x0D
	je [0x0D], 0x00, LABEL_6063	;@raw=0x0A,0x00,0x0D,0x00,0x60,0x63
	call LABEL_5C20	;@raw=0x04,0x5C,0x20
	jmp LABEL_6066	;@raw=0x07,0x60,0x66

LABEL_6063:
	call LABEL_5F4B	;@raw=0x04,0x5F,0x4B

LABEL_6066:
	ret	;@raw=0x05

LABEL_6067:
	jne [HACK_VAR_67], [0x10], SHARED_RET	;@raw=0x0A,0x81,0x67,0x10,0x53,0x3A
	call DRAW_SPRITE_CIN_164_167_BY_VAR09	;@raw=0x04,0x5E,0x63
	video type=0, offset=COMMON_VIDEO_172, x=[0x07], y=[0x08], zoom=0x40	;@raw=0x57,0x0C,0x58,0x07,0x08
	call DRAW_CIN_168_IF_VAR09_EQ_1	;@raw=0x04,0x5F,0x0D
	je [0x0D], 0x00, LABEL_6084	;@raw=0x0A,0x00,0x0D,0x00,0x60,0x84
	call LABEL_5C2C	;@raw=0x04,0x5C,0x2C
	jmp LABEL_6087	;@raw=0x07,0x60,0x87

LABEL_6084:
	call LABEL_5F61	;@raw=0x04,0x5F,0x61

LABEL_6087:
	ret	;@raw=0x05

LABEL_6088:
	jne [HACK_VAR_67], [0x10], SHARED_RET	;@raw=0x0A,0x81,0x67,0x10,0x53,0x3A
	play id=0x0055, freq=0x14, vol=0x14, channel=0x01	;@raw=0x18,0x00,0x55,0x14,0x14,0x01
	call DRAW_SPRITE_CIN_164_167_BY_VAR09	;@raw=0x04,0x5E,0x63
	video type=0, offset=COMMON_VIDEO_175, x=[0x07], y=[0x08], zoom=0x40	;@raw=0x57,0x0C,0x7D,0x07,0x08
	call DRAW_CIN_168_IF_VAR09_EQ_1	;@raw=0x04,0x5F,0x0D
	je [0x0D], 0x00, LABEL_60AB	;@raw=0x0A,0x00,0x0D,0x00,0x60,0xAB
	call LABEL_5C2C	;@raw=0x04,0x5C,0x2C
	jmp LABEL_60AE	;@raw=0x07,0x60,0xAE

LABEL_60AB:
	call LABEL_5F7B	;@raw=0x04,0x5F,0x7B

LABEL_60AE:
	ret	;@raw=0x05

LABEL_60AF:
	jne [HACK_VAR_67], [0x10], SHARED_RET	;@raw=0x0A,0x81,0x67,0x10,0x53,0x3A
	call DRAW_SPRITE_CIN_164_167_BY_VAR09	;@raw=0x04,0x5E,0x63
	video type=0, offset=COMMON_VIDEO_178, x=[0x07], y=[0x08], zoom=0x40	;@raw=0x57,0x0C,0xA2,0x07,0x08
	call DRAW_CIN_168_IF_VAR09_EQ_1	;@raw=0x04,0x5F,0x0D
	je [0x0D], 0x00, LABEL_60CC	;@raw=0x0A,0x00,0x0D,0x00,0x60,0xCC
	call LABEL_5C2C	;@raw=0x04,0x5C,0x2C
	jmp LABEL_60CF	;@raw=0x07,0x60,0xCF

LABEL_60CC:
	call LABEL_5F91	;@raw=0x04,0x5F,0x91

LABEL_60CF:
	ret	;@raw=0x05

LABEL_60D0:
	jne [HACK_VAR_67], [0x10], SHARED_RET	;@raw=0x0A,0x81,0x67,0x10,0x53,0x3A
	call DRAW_SPRITE_CIN_164_167_BY_VAR09	;@raw=0x04,0x5E,0x63
	video type=0, offset=COMMON_VIDEO_179, x=[0x07], y=[0x08], zoom=0x40	;@raw=0x57,0x12,0x3A,0x07,0x08
	video type=0, offset=COMMON_VIDEO_180, x=[0x07], y=[0x08], zoom=0x40	;@raw=0x57,0x0C,0xC7,0x07,0x08
	call DRAW_CIN_168_IF_VAR09_EQ_1	;@raw=0x04,0x5F,0x0D
	je [0x0D], 0x00, LABEL_60F2	;@raw=0x0A,0x00,0x0D,0x00,0x60,0xF2
	call LABEL_5C4F	;@raw=0x04,0x5C,0x4F
	jmp LABEL_60F5	;@raw=0x07,0x60,0xF5

LABEL_60F2:
	call LABEL_5FAB	;@raw=0x04,0x5F,0xAB

LABEL_60F5:
	ret	;@raw=0x05

LABEL_60F6:
	jne [HACK_VAR_67], [0x10], SHARED_RET	;@raw=0x0A,0x81,0x67,0x10,0x53,0x3A
	call DRAW_SPRITE_CIN_164_167_BY_VAR09	;@raw=0x04,0x5E,0x63
	video type=0, offset=COMMON_VIDEO_183, x=[0x07], y=[0x08], zoom=0x40	;@raw=0x57,0x12,0x36,0x07,0x08
	video type=0, offset=COMMON_VIDEO_184, x=[0x07], y=[0x08], zoom=0x40	;@raw=0x57,0x0C,0xE2,0x07,0x08
	call DRAW_CIN_168_IF_VAR09_EQ_1	;@raw=0x04,0x5F,0x0D
	je [0x0D], 0x00, LABEL_6118	;@raw=0x0A,0x00,0x0D,0x00,0x61,0x18
	call LABEL_5C5B	;@raw=0x04,0x5C,0x5B
	jmp LABEL_611B	;@raw=0x07,0x61,0x1B

LABEL_6118:
	call LABEL_5FC5	;@raw=0x04,0x5F,0xC5

LABEL_611B:
	ret	;@raw=0x05

LABEL_611C:
	jne [HACK_VAR_67], [0x10], SHARED_RET	;@raw=0x0A,0x81,0x67,0x10,0x53,0x3A
	call DRAW_SPRITE_CIN_164_167_BY_VAR09	;@raw=0x04,0x5E,0x63
	video type=0, offset=COMMON_VIDEO_187, x=[0x07], y=[0x08], zoom=0x40	;@raw=0x57,0x12,0x2E,0x07,0x08
	video type=0, offset=COMMON_VIDEO_188, x=[0x07], y=[0x08], zoom=0x40	;@raw=0x57,0x0D,0x07,0x07,0x08
	call DRAW_CIN_168_IF_VAR09_EQ_1	;@raw=0x04,0x5F,0x0D
	je [0x0D], 0x00, LABEL_613E	;@raw=0x0A,0x00,0x0D,0x00,0x61,0x3E
	call LABEL_5C7E	;@raw=0x04,0x5C,0x7E
	jmp LABEL_6141	;@raw=0x07,0x61,0x41

LABEL_613E:
	call LABEL_5FDF	;@raw=0x04,0x5F,0xDF

LABEL_6141:
	ret	;@raw=0x05

LABEL_6142:
	jne [HACK_VAR_67], [0x10], SHARED_RET	;@raw=0x0A,0x81,0x67,0x10,0x53,0x3A
	call DRAW_SPRITE_CIN_164_167_BY_VAR09	;@raw=0x04,0x5E,0x63
	video type=0, offset=COMMON_VIDEO_191, x=[0x07], y=[0x08], zoom=0x40	;@raw=0x57,0x12,0x32,0x07,0x08
	video type=0, offset=COMMON_VIDEO_192, x=[0x07], y=[0x08], zoom=0x40	;@raw=0x57,0x0E,0xBC,0x07,0x08
	call DRAW_CIN_168_IF_VAR09_EQ_1	;@raw=0x04,0x5F,0x0D
	je [0x0D], 0x00, LABEL_6164	;@raw=0x0A,0x00,0x0D,0x00,0x61,0x64
	call LABEL_5CA1	;@raw=0x04,0x5C,0xA1
	jmp LABEL_6167	;@raw=0x07,0x61,0x67

LABEL_6164:
	call LABEL_5FF9	;@raw=0x04,0x5F,0xF9

LABEL_6167:
	ret	;@raw=0x05

LABEL_6168:
	jne [HACK_VAR_67], [0x10], SHARED_RET	;@raw=0x0A,0x81,0x67,0x10,0x53,0x3A
	call DRAW_SPRITE_CIN_164_167_BY_VAR09	;@raw=0x04,0x5E,0x63
	video type=0, offset=COMMON_VIDEO_191, x=[0x07], y=[0x08], zoom=0x40	;@raw=0x57,0x12,0x32,0x07,0x08
	video type=0, offset=COMMON_VIDEO_195, x=[0x07], y=[0x08], zoom=0x40	;@raw=0x57,0x0E,0xCD,0x07,0x08
	call DRAW_CIN_168_IF_VAR09_EQ_1	;@raw=0x04,0x5F,0x0D
	je [0x0D], 0x00, LABEL_618A	;@raw=0x0A,0x00,0x0D,0x00,0x61,0x8A
	call LABEL_5CA1	;@raw=0x04,0x5C,0xA1
	jmp LABEL_6195	;@raw=0x07,0x61,0x95

LABEL_618A:
	sub [0x07], 0x0001	;@raw=0x03,0x07,0xFF,0xFF
	call LABEL_5FF9	;@raw=0x04,0x5F,0xF9
	add [0x07], 0x0001	;@raw=0x03,0x07,0x00,0x01

LABEL_6195:
	ret	;@raw=0x05

LABEL_6196:
	jne [HACK_VAR_67], [0x10], SHARED_RET	;@raw=0x0A,0x81,0x67,0x10,0x53,0x3A
	call DRAW_SPRITE_CIN_164_167_BY_VAR09	;@raw=0x04,0x5E,0x63
	video type=0, offset=COMMON_VIDEO_183, x=[0x07], y=[0x08], zoom=0x40	;@raw=0x57,0x12,0x36,0x07,0x08
	video type=0, offset=COMMON_VIDEO_196, x=[0x07], y=[0x08], zoom=0x40	;@raw=0x57,0x0E,0xDE,0x07,0x08
	call DRAW_CIN_168_IF_VAR09_EQ_1	;@raw=0x04,0x5F,0x0D
	je [0x0D], 0x00, LABEL_61B8	;@raw=0x0A,0x00,0x0D,0x00,0x61,0xB8
	call LABEL_5C7E	;@raw=0x04,0x5C,0x7E
	jmp LABEL_61BB	;@raw=0x07,0x61,0xBB

LABEL_61B8:
	call LABEL_5FC5	;@raw=0x04,0x5F,0xC5

LABEL_61BB:
	ret	;@raw=0x05

LABEL_61BC:
	jne [HACK_VAR_67], [0x10], SHARED_RET	;@raw=0x0A,0x81,0x67,0x10,0x53,0x3A
	play id=0x0055, freq=0x14, vol=0x14, channel=0x01	;@raw=0x18,0x00,0x55,0x14,0x14,0x01
	call DRAW_SPRITE_CIN_164_167_BY_VAR09	;@raw=0x04,0x5E,0x63
	video type=0, offset=COMMON_VIDEO_179, x=[0x07], y=[0x08], zoom=0x40	;@raw=0x57,0x12,0x3A,0x07,0x08
	video type=0, offset=COMMON_VIDEO_197, x=[0x07], y=[0x08], zoom=0x40	;@raw=0x57,0x0E,0xEF,0x07,0x08
	call DRAW_CIN_168_IF_VAR09_EQ_1	;@raw=0x04,0x5F,0x0D
	je [0x0D], 0x00, LABEL_61E4	;@raw=0x0A,0x00,0x0D,0x00,0x61,0xE4
	call LABEL_5C7E	;@raw=0x04,0x5C,0x7E
	jmp LABEL_61E7	;@raw=0x07,0x61,0xE7

LABEL_61E4:
	call LABEL_5FAB	;@raw=0x04,0x5F,0xAB

LABEL_61E7:
	ret	;@raw=0x05

LABEL_61E8:
	jne [HACK_VAR_67], [0x10], SHARED_RET	;@raw=0x0A,0x81,0x67,0x10,0x53,0x3A
	call DRAW_SPRITE_CIN_164_167_BY_VAR09	;@raw=0x04,0x5E,0x63
	video type=0, offset=COMMON_VIDEO_198, x=[0x07], y=[0x08], zoom=0x40	;@raw=0x57,0x0F,0x00,0x07,0x08
	call DRAW_CIN_168_IF_VAR09_EQ_1	;@raw=0x04,0x5F,0x0D
	je [0x0D], 0x00, LABEL_6205	;@raw=0x0A,0x00,0x0D,0x00,0x62,0x05
	call LABEL_5C7E	;@raw=0x04,0x5C,0x7E
	jmp LABEL_6208	;@raw=0x07,0x62,0x08

LABEL_6205:
	call LABEL_5F91	;@raw=0x04,0x5F,0x91

LABEL_6208:
	ret	;@raw=0x05

LABEL_6209:
	jne [HACK_VAR_67], [0x10], SHARED_RET	;@raw=0x0A,0x81,0x67,0x10,0x53,0x3A
	call DRAW_SPRITE_CIN_164_167_BY_VAR09	;@raw=0x04,0x5E,0x63
	video type=0, offset=COMMON_VIDEO_199, x=[0x07], y=[0x08], zoom=0x40	;@raw=0x57,0x0F,0x11,0x07,0x08
	call DRAW_CIN_168_IF_VAR09_EQ_1	;@raw=0x04,0x5F,0x0D
	je [0x0D], 0x00, LABEL_6226	;@raw=0x0A,0x00,0x0D,0x00,0x62,0x26
	call LABEL_5C5B	;@raw=0x04,0x5C,0x5B
	jmp LABEL_6229	;@raw=0x07,0x62,0x29

LABEL_6226:
	call LABEL_5F7B	;@raw=0x04,0x5F,0x7B

LABEL_6229:
	ret	;@raw=0x05

LABEL_622A:
	jne [HACK_VAR_67], [0x10], SHARED_RET	;@raw=0x0A,0x81,0x67,0x10,0x53,0x3A
	call DRAW_SPRITE_CIN_164_167_BY_VAR09	;@raw=0x04,0x5E,0x63
	video type=0, offset=COMMON_VIDEO_200, x=[0x07], y=[0x08], zoom=0x40	;@raw=0x57,0x0F,0x22,0x07,0x08
	call DRAW_CIN_168_IF_VAR09_EQ_1	;@raw=0x04,0x5F,0x0D
	je [0x0D], 0x00, LABEL_6247	;@raw=0x0A,0x00,0x0D,0x00,0x62,0x47
	call LABEL_5C4F	;@raw=0x04,0x5C,0x4F
	jmp LABEL_624A	;@raw=0x07,0x62,0x4A

LABEL_6247:
	call LABEL_5F61	;@raw=0x04,0x5F,0x61

LABEL_624A:
	ret	;@raw=0x05

LABEL_624B:
	jne [HACK_VAR_67], [0x10], SHARED_RET	;@raw=0x0A,0x81,0x67,0x10,0x53,0x3A
	call DRAW_SPRITE_CIN_164_167_BY_VAR09	;@raw=0x04,0x5E,0x63
	video type=0, offset=COMMON_VIDEO_201, x=[0x07], y=[0x08], zoom=0x40	;@raw=0x57,0x0F,0x33,0x07,0x08
	call DRAW_CIN_168_IF_VAR09_EQ_1	;@raw=0x04,0x5F,0x0D
	je [0x0D], 0x00, LABEL_6268	;@raw=0x0A,0x00,0x0D,0x00,0x62,0x68
	call LABEL_5C2C	;@raw=0x04,0x5C,0x2C
	jmp LABEL_626B	;@raw=0x07,0x62,0x6B

LABEL_6268:
	call LABEL_5F35	;@raw=0x04,0x5F,0x35

LABEL_626B:
	ret	;@raw=0x05

GUARDED_HERO_ANIM_CV_128:
	jne [HACK_VAR_67], [0x10], SHARED_RET	;@raw=0x0A,0x81,0x67,0x10,0x53,0x3A
	call DRAW_SPRITE_CIN_164_167_BY_VAR09	;@raw=0x04,0x5E,0x63
	video type=0, offset=COMMON_VIDEO_128, x=[0x07], y=[0x08], zoom=0x40	;@raw=0x57,0x20,0x65,0x07,0x08
	call DRAW_CIN_168_IF_VAR09_EQ_1	;@raw=0x04,0x5F,0x0D
	je [0x0D], 0x00, LABEL_6289	;@raw=0x0A,0x00,0x0D,0x00,0x62,0x89
	call LABEL_5C2C	;@raw=0x04,0x5C,0x2C
	jmp LABEL_628C	;@raw=0x07,0x62,0x8C

LABEL_6289:
	call LABEL_5F91	;@raw=0x04,0x5F,0x91

LABEL_628C:
	ret	;@raw=0x05

LABEL_628D:
	jne [HACK_VAR_67], [0x10], SHARED_RET	;@raw=0x0A,0x81,0x67,0x10,0x53,0x3A
	call DRAW_SPRITE_CIN_164_167_BY_VAR09	;@raw=0x04,0x5E,0x63
	video type=0, offset=COMMON_VIDEO_128, x=[0x07], y=[0x08], zoom=0x40	;@raw=0x57,0x20,0x65,0x07,0x08
	call DRAW_CIN_168_IF_VAR09_EQ_1	;@raw=0x04,0x5F,0x0D
	je [0x0D], 0x00, LABEL_62AA	;@raw=0x0A,0x00,0x0D,0x00,0x62,0xAA
	call LABEL_5C4F	;@raw=0x04,0x5C,0x4F
	jmp LABEL_62AD	;@raw=0x07,0x62,0xAD

LABEL_62AA:
	call LABEL_5FAB	;@raw=0x04,0x5F,0xAB

LABEL_62AD:
	ret	;@raw=0x05

LABEL_62AE:
	jne [HACK_VAR_67], [0x10], SHARED_RET	;@raw=0x0A,0x81,0x67,0x10,0x53,0x3A
	call DRAW_SPRITE_CIN_164_167_BY_VAR09	;@raw=0x04,0x5E,0x63
	video type=0, offset=COMMON_VIDEO_128, x=[0x07], y=[0x08], zoom=0x40	;@raw=0x57,0x20,0x65,0x07,0x08
	call DRAW_CIN_168_IF_VAR09_EQ_1	;@raw=0x04,0x5F,0x0D
	je [0x0D], 0x00, LABEL_62CB	;@raw=0x0A,0x00,0x0D,0x00,0x62,0xCB
	call LABEL_5C5B	;@raw=0x04,0x5C,0x5B
	jmp LABEL_62CE	;@raw=0x07,0x62,0xCE

LABEL_62CB:
	call LABEL_5FC5	;@raw=0x04,0x5F,0xC5

LABEL_62CE:
	ret	;@raw=0x05

JUNK__62CF:
	jne [HACK_VAR_67], [0x10], SHARED_RET	;@raw=0x0A,0x81,0x67,0x10,0x53,0x3A
	call DRAW_SPRITE_CIN_164_167_BY_VAR09	;@raw=0x04,0x5E,0x63
	video type=1, offset=CINEMATIC_691, x=[0x07], y=[0x08], zoom=0x40	;@raw=0x54,0x62,0x87,0x07,0x08
	call DRAW_CIN_168_IF_VAR09_EQ_1	;@raw=0x04,0x5F,0x0D
	call LABEL_5C5B	;@raw=0x04,0x5C,0x5B
	ret	;@raw=0x05

LABEL_62E4:
	jne [HACK_VAR_67], [0x10], SHARED_RET	;@raw=0x0A,0x81,0x67,0x10,0x53,0x3A
	call DRAW_SPRITE_CIN_164_167_BY_VAR09	;@raw=0x04,0x5E,0x63
	video type=1, offset=CINEMATIC_699, x=[0x07], y=[0x08], zoom=0x40	;@raw=0x54,0x62,0x95,0x07,0x08
	call DRAW_CIN_168_IF_VAR09_EQ_1	;@raw=0x04,0x5F,0x0D
	call LABEL_5C5B	;@raw=0x04,0x5C,0x5B
	ret	;@raw=0x05

LABEL_62F9:
	jne [HACK_VAR_67], [0x10], SHARED_RET	;@raw=0x0A,0x81,0x67,0x10,0x53,0x3A
	call DRAW_SPRITE_CIN_164_167_BY_VAR09	;@raw=0x04,0x5E,0x63
	video type=1, offset=CINEMATIC_698, x=[0x07], y=[0x08], zoom=0x40	;@raw=0x54,0x62,0xA3,0x07,0x08
	call DRAW_CIN_168_IF_VAR09_EQ_1	;@raw=0x04,0x5F,0x0D
	call LABEL_5C5B	;@raw=0x04,0x5C,0x5B
	ret	;@raw=0x05

LABEL_630E:
	jne [HACK_VAR_67], [0x10], SHARED_RET	;@raw=0x0A,0x81,0x67,0x10,0x53,0x3A
	call DRAW_SPRITE_CIN_164_167_BY_VAR09	;@raw=0x04,0x5E,0x63
	video type=1, offset=CINEMATIC_697, x=[0x07], y=[0x08], zoom=0x40	;@raw=0x54,0x62,0xB1,0x07,0x08
	call DRAW_CIN_168_IF_VAR09_EQ_1	;@raw=0x04,0x5F,0x0D
	call LABEL_5C5B	;@raw=0x04,0x5C,0x5B
	ret	;@raw=0x05

LABEL_6323:
	jne [HACK_VAR_67], [0x10], SHARED_RET	;@raw=0x0A,0x81,0x67,0x10,0x53,0x3A
	video type=1, offset=CINEMATIC_424, x=[0x07], y=[0x08], zoom=0x40	;@raw=0x54,0x5B,0x6A,0x07,0x08
	ret	;@raw=0x05

LABEL_632F:
	jne [HACK_VAR_67], [0x10], SHARED_RET	;@raw=0x0A,0x81,0x67,0x10,0x53,0x3A
	video type=1, offset=CINEMATIC_425, x=[0x07], y=[0x08], zoom=0x40	;@raw=0x54,0x5B,0x79,0x07,0x08
	ret	;@raw=0x05

LABEL_633B:
	jne [HACK_VAR_67], [0x10], SHARED_RET	;@raw=0x0A,0x81,0x67,0x10,0x53,0x3A
	call LABEL_5BC6	;@raw=0x04,0x5B,0xC6
	call DRAW_SPRITE_236_239_Y_PLUS_D	;@raw=0x04,0x65,0xC4
	video type=0, offset=COMMON_VIDEO_285, x=[0x07], y=[0x08], zoom=0x40	;@raw=0x57,0x20,0x99,0x07,0x08
	add [0x08], 0x000D	;@raw=0x03,0x08,0x00,0x0D
	call LABEL_5363	;@raw=0x04,0x53,0x63
	sub [0x08], 0x000D	;@raw=0x03,0x08,0xFF,0xF3
	ret	;@raw=0x05

LABEL_6358:
	jne [HACK_VAR_67], [0x10], SHARED_RET	;@raw=0x0A,0x81,0x67,0x10,0x53,0x3A
	add [0x07], 0x0001	;@raw=0x03,0x07,0x00,0x01
	sub [0x08], 0x0001	;@raw=0x03,0x08,0xFF,0xFF
	call LABEL_5BE4	;@raw=0x04,0x5B,0xE4
	add [0x08], 0x0001	;@raw=0x03,0x08,0x00,0x01
	call DRAW_SPRITE_236_239_Y_PLUS_D	;@raw=0x04,0x65,0xC4
	video type=0, offset=COMMON_VIDEO_286, x=[0x07], y=[0x08], zoom=0x40	;@raw=0x57,0x21,0x5D,0x07,0x08
	add [0x08], 0x000D	;@raw=0x03,0x08,0x00,0x0D
	call LABEL_5379	;@raw=0x04,0x53,0x79
	sub [0x08], 0x000D	;@raw=0x03,0x08,0xFF,0xF3
	sub [0x07], 0x0001	;@raw=0x03,0x07,0xFF,0xFF
	ret	;@raw=0x05

LABEL_6385:
	jne [HACK_VAR_67], [0x10], SHARED_RET	;@raw=0x0A,0x81,0x67,0x10,0x53,0x3A
	call LABEL_5C02	;@raw=0x04,0x5C,0x02
	call DRAW_SPRITE_236_239_Y_PLUS_D	;@raw=0x04,0x65,0xC4
	video type=0, offset=COMMON_VIDEO_285, x=[0x07], y=[0x08], zoom=0x40	;@raw=0x57,0x20,0x99,0x07,0x08
	add [0x08], 0x000D	;@raw=0x03,0x08,0x00,0x0D
	call LABEL_5363	;@raw=0x04,0x53,0x63
	sub [0x08], 0x000D	;@raw=0x03,0x08,0xFF,0xF3
	ret	;@raw=0x05

LABEL_63A2:
	jne [HACK_VAR_67], [0x10], SHARED_RET	;@raw=0x0A,0x81,0x67,0x10,0x53,0x3A
	call LABEL_5BE4	;@raw=0x04,0x5B,0xE4
	call DRAW_SPRITE_236_239_Y_PLUS_D	;@raw=0x04,0x65,0xC4
	video type=0, offset=COMMON_VIDEO_285, x=[0x07], y=[0x08], zoom=0x40	;@raw=0x57,0x20,0x99,0x07,0x08
	add [0x08], 0x000D	;@raw=0x03,0x08,0x00,0x0D
	call LABEL_5363	;@raw=0x04,0x53,0x63
	sub [0x08], 0x000D	;@raw=0x03,0x08,0xFF,0xF3
	ret	;@raw=0x05

LABEL_63BF:
	jne [HACK_VAR_67], [0x10], SHARED_RET	;@raw=0x0A,0x81,0x67,0x10,0x53,0x3A
	je [0x0D], 0x00, LABEL_63D6	;@raw=0x0A,0x00,0x0D,0x00,0x63,0xD6
	add [0x08], 0x000D	;@raw=0x03,0x08,0x00,0x0D
	call DRAW_CIN_242_THEN_243	;@raw=0x04,0x53,0x10
	sub [0x08], 0x000D	;@raw=0x03,0x08,0xFF,0xF3

LABEL_63D6:
	call DRAW_SPRITE_236_239_Y_PLUS_D	;@raw=0x04,0x65,0xC4
	video type=0, offset=COMMON_VIDEO_285, x=[0x07], y=[0x08], zoom=0x40	;@raw=0x57,0x20,0x99,0x07,0x08
	add [0x08], 0x000D	;@raw=0x03,0x08,0x00,0x0D
	call LABEL_5379	;@raw=0x04,0x53,0x79
	sub [0x08], 0x000D	;@raw=0x03,0x08,0xFF,0xF3
	ret	;@raw=0x05

LABEL_63EA:
	jne [HACK_VAR_67], [0x10], SHARED_RET	;@raw=0x0A,0x81,0x67,0x10,0x53,0x3A
	video type=1, offset=CINEMATIC_350, x=[0x07], y=[0x08], zoom=0x40	;@raw=0x54,0x2F,0xF1,0x07,0x08
	call LABEL_63BF	;@raw=0x04,0x63,0xBF
	ret	;@raw=0x05

LABEL_63F9:
	jne [HACK_VAR_67], [0x10], SHARED_RET	;@raw=0x0A,0x81,0x67,0x10,0x53,0x3A
	add [0x07], 0x0001	;@raw=0x03,0x07,0x00,0x01
	sub [0x08], 0x0001	;@raw=0x03,0x08,0xFF,0xFF
	video type=0, offset=COMMON_VIDEO_287, x=[0x07], y=[0x08], zoom=0x40	;@raw=0x57,0x21,0x8A,0x07,0x08
	add [0x08], 0x0001	;@raw=0x03,0x08,0x00,0x01
	call DRAW_SPRITE_236_239_Y_PLUS_D	;@raw=0x04,0x65,0xC4
	video type=1, offset=CINEMATIC_349, x=[0x07], y=[0x08], zoom=0x40	;@raw=0x54,0x30,0x65,0x07,0x08
	add [0x08], 0x000D	;@raw=0x03,0x08,0x00,0x0D
	call LABEL_5379	;@raw=0x04,0x53,0x79
	sub [0x08], 0x000D	;@raw=0x03,0x08,0xFF,0xF3
	sub [0x07], 0x0001	;@raw=0x03,0x07,0xFF,0xFF
	ret	;@raw=0x05

LABEL_6428:
	jne [HACK_VAR_67], [0x10], SHARED_RET	;@raw=0x0A,0x81,0x67,0x10,0x53,0x3A
	video type=0, offset=COMMON_VIDEO_287, x=[0x07], y=[0x08], zoom=0x40	;@raw=0x57,0x21,0x8A,0x07,0x08
	call DRAW_SPRITE_236_239_Y_PLUS_D	;@raw=0x04,0x65,0xC4
	video type=0, offset=COMMON_VIDEO_285, x=[0x07], y=[0x08], zoom=0x40	;@raw=0x57,0x20,0x99,0x07,0x08
	add [0x08], 0x000D	;@raw=0x03,0x08,0x00,0x0D
	call LABEL_5363	;@raw=0x04,0x53,0x63
	sub [0x08], 0x000D	;@raw=0x03,0x08,0xFF,0xF3
	ret	;@raw=0x05

LABEL_6447:
	jne [HACK_VAR_67], [0x10], SHARED_RET	;@raw=0x0A,0x81,0x67,0x10,0x53,0x3A
	add [0x08], 0x000D	;@raw=0x03,0x08,0x00,0x0D
	add [0x07], 0x0004	;@raw=0x03,0x07,0x00,0x04
	video type=0, offset=COMMON_VIDEO_275, x=[0x07], y=[0x08], zoom=0x40	;@raw=0x57,0x19,0x09,0x07,0x08
	sub [0x07], 0x0004	;@raw=0x03,0x07,0xFF,0xFC
	sub [0x08], 0x000D	;@raw=0x03,0x08,0xFF,0xF3
	call DRAW_SPRITE_236_239_Y_PLUS_D	;@raw=0x04,0x65,0xC4
	video type=0, offset=COMMON_VIDEO_285, x=[0x07], y=[0x08], zoom=0x40	;@raw=0x57,0x20,0x99,0x07,0x08
	add [0x08], 0x000D	;@raw=0x03,0x08,0x00,0x0D
	call LABEL_538F	;@raw=0x04,0x53,0x8F
	sub [0x08], 0x000D	;@raw=0x03,0x08,0xFF,0xF3
	ret	;@raw=0x05

LABEL_6476:
	jne [HACK_VAR_67], [0x10], SHARED_RET	;@raw=0x0A,0x81,0x67,0x10,0x53,0x3A
	call DRAW_SPRITE_236_239_Y_PLUS_D	;@raw=0x04,0x65,0xC4
	video type=0, offset=COMMON_VIDEO_285, x=[0x07], y=[0x08], zoom=0x40	;@raw=0x57,0x20,0x99,0x07,0x08
	add [0x08], 0x000D	;@raw=0x03,0x08,0x00,0x0D
	call LABEL_538F	;@raw=0x04,0x53,0x8F
	sub [0x08], 0x000D	;@raw=0x03,0x08,0xFF,0xF3
	ret	;@raw=0x05

LABEL_6490:
	jne [HACK_VAR_67], [0x10], SHARED_RET	;@raw=0x0A,0x81,0x67,0x10,0x53,0x3A
	add [0x08], 0x000D	;@raw=0x03,0x08,0x00,0x0D
	video type=1, offset=CINEMATIC_388, x=[0x07], y=[0x08], zoom=0x40	;@raw=0x54,0x44,0x3B,0x07,0x08
	sub [0x08], 0x000D	;@raw=0x03,0x08,0xFF,0xF3
	call DRAW_SPRITE_236_239_Y_PLUS_D	;@raw=0x04,0x65,0xC4
	video type=0, offset=COMMON_VIDEO_285, x=[0x07], y=[0x08], zoom=0x40	;@raw=0x57,0x20,0x99,0x07,0x08
	add [0x08], 0x000D	;@raw=0x03,0x08,0x00,0x0D
	call LABEL_538F	;@raw=0x04,0x53,0x8F
	sub [0x08], 0x000D	;@raw=0x03,0x08,0xFF,0xF3
	ret	;@raw=0x05

LABEL_64B7:
	jne [HACK_VAR_67], [0x10], SHARED_RET	;@raw=0x0A,0x81,0x67,0x10,0x53,0x3A
	add [0x07], 0x0001	;@raw=0x03,0x07,0x00,0x01
	add [0x08], 0x000D	;@raw=0x03,0x08,0x00,0x0D
	video type=1, offset=CINEMATIC_387, x=[0x07], y=[0x08], zoom=0x40	;@raw=0x54,0x44,0x53,0x07,0x08
	sub [0x08], 0x000D	;@raw=0x03,0x08,0xFF,0xF3
	call DRAW_SPRITE_236_239_Y_PLUS_D	;@raw=0x04,0x65,0xC4
	video type=0, offset=COMMON_VIDEO_286, x=[0x07], y=[0x08], zoom=0x40	;@raw=0x57,0x21,0x5D,0x07,0x08
	add [0x08], 0x000D	;@raw=0x03,0x08,0x00,0x0D
	call LABEL_5379	;@raw=0x04,0x53,0x79
	sub [0x08], 0x000D	;@raw=0x03,0x08,0xFF,0xF3
	sub [0x07], 0x0001	;@raw=0x03,0x07,0xFF,0xFF
	ret	;@raw=0x05

LABEL_64E6:
	jne [HACK_VAR_67], [0x10], SHARED_RET	;@raw=0x0A,0x81,0x67,0x10,0x53,0x3A
	sub [0x08], 0x000D	;@raw=0x03,0x08,0xFF,0xF3
	call LABEL_5BC6	;@raw=0x04,0x5B,0xC6
	add [0x08], 0x000D	;@raw=0x03,0x08,0x00,0x0D
	call DRAW_SPRITE_CIN_236_239_BY_VAR09	;@raw=0x04,0x51,0x22
	video type=0, offset=COMMON_VIDEO_164, x=[0x07], y=[0x08], zoom=0x40	;@raw=0x57,0x20,0x76,0x07,0x08
	call LABEL_53BF	;@raw=0x04,0x53,0xBF
	ret	;@raw=0x05

LABEL_6503:
	jne [HACK_VAR_67], [0x10], SHARED_RET	;@raw=0x0A,0x81,0x67,0x10,0x53,0x3A
	add [0x07], 0x0001	;@raw=0x03,0x07,0x00,0x01
	sub [0x08], 0x000E	;@raw=0x03,0x08,0xFF,0xF2
	call LABEL_5BE4	;@raw=0x04,0x5B,0xE4
	add [0x08], 0x000E	;@raw=0x03,0x08,0x00,0x0E
	call DRAW_SPRITE_CIN_236_239_BY_VAR09	;@raw=0x04,0x51,0x22
	video type=0, offset=COMMON_VIDEO_290, x=[0x07], y=[0x08], zoom=0x40	;@raw=0x57,0x21,0x36,0x07,0x08
	add [0x07], 0x0001	;@raw=0x03,0x07,0x00,0x01
	call LABEL_53BF	;@raw=0x04,0x53,0xBF
	sub [0x07], 0x0002	;@raw=0x03,0x07,0xFF,0xFE
	ret	;@raw=0x05
	jne [HACK_VAR_67], [0x10], SHARED_RET	;@raw=0x0A,0x81,0x67,0x10,0x53,0x3A
	sub [0x08], 0x000D	;@raw=0x03,0x08,0xFF,0xF3
	call LABEL_5C02	;@raw=0x04,0x5C,0x02
	add [0x08], 0x000D	;@raw=0x03,0x08,0x00,0x0D
	call DRAW_SPRITE_CIN_236_239_BY_VAR09	;@raw=0x04,0x51,0x22
	video type=0, offset=COMMON_VIDEO_164, x=[0x07], y=[0x08], zoom=0x40	;@raw=0x57,0x20,0x76,0x07,0x08
	call LABEL_53BF	;@raw=0x04,0x53,0xBF
	ret	;@raw=0x05

LABEL_6549:
	jne [HACK_VAR_67], [0x10], SHARED_RET	;@raw=0x0A,0x81,0x67,0x10,0x53,0x3A
	sub [0x08], 0x000D	;@raw=0x03,0x08,0xFF,0xF3
	call LABEL_5BE4	;@raw=0x04,0x5B,0xE4
	add [0x08], 0x000D	;@raw=0x03,0x08,0x00,0x0D
	call DRAW_SPRITE_CIN_236_239_BY_VAR09	;@raw=0x04,0x51,0x22
	video type=0, offset=COMMON_VIDEO_164, x=[0x07], y=[0x08], zoom=0x40	;@raw=0x57,0x20,0x76,0x07,0x08
	call LABEL_53BF	;@raw=0x04,0x53,0xBF
	ret	;@raw=0x05
	jne [HACK_VAR_67], [0x10], SHARED_RET	;@raw=0x0A,0x81,0x67,0x10,0x53,0x3A
	call DRAW_SPRITE_CIN_236_239_BY_VAR09	;@raw=0x04,0x51,0x22
	video type=0, offset=COMMON_VIDEO_164, x=[0x07], y=[0x08], zoom=0x40	;@raw=0x57,0x20,0x76,0x07,0x08
	ret	;@raw=0x05

LABEL_6575:
	jne [HACK_VAR_67], [0x10], SHARED_RET	;@raw=0x0A,0x81,0x67,0x10,0x53,0x3A
	call DRAW_CIN_390	;@raw=0x04,0x65,0xD6
	video type=1, offset=CINEMATIC_692, x=[0x07], y=[0x08], zoom=0x40	;@raw=0x54,0x28,0x54,0x07,0x08
	video type=1, offset=CINEMATIC_389, x=[0x07], y=[0x08], zoom=0x40	;@raw=0x54,0x24,0xBB,0x07,0x08
	ret	;@raw=0x05

GUARDED_DRAW_CIN_342:
	jne [HACK_VAR_67], [0x10], SHARED_RET	;@raw=0x0A,0x81,0x67,0x10,0x53,0x3A
	video type=1, offset=CINEMATIC_342, x=[0x07], y=[0x08], zoom=0x40	;@raw=0x54,0x25,0x25,0x07,0x08
	ret	;@raw=0x05
	jne [HACK_VAR_67], [0x10], SHARED_RET	;@raw=0x0A,0x81,0x67,0x10,0x53,0x3A
	call DRAW_CIN_390	;@raw=0x04,0x65,0xD6
	video type=1, offset=CINEMATIC_389, x=[0x07], y=[0x08], zoom=0x40	;@raw=0x54,0x24,0xBB,0x07,0x08
	ret	;@raw=0x05
	jne [HACK_VAR_67], [0x10], SHARED_RET	;@raw=0x0A,0x81,0x67,0x10,0x53,0x3A
	video type=1, offset=CINEMATIC_689, x=[0x07], y=[0x08], zoom=0x40	;@raw=0x54,0x22,0x7D,0x07,0x08
	video type=1, offset=CINEMATIC_690, x=[0x07], y=[0x08], zoom=0x40	;@raw=0x54,0x22,0x55,0x07,0x08
	call JUNK__65D0	;@raw=0x04,0x65,0xD0
	ret	;@raw=0x05

DRAW_SPRITE_164_167_Y_PLUS_E:
	add [0x08], 0x000E	;@raw=0x03,0x08,0x00,0x0E
	call DRAW_SPRITE_CIN_164_167_BY_VAR09	;@raw=0x04,0x5E,0x63
	sub [0x08], 0x000E	;@raw=0x03,0x08,0xFF,0xF2
	ret	;@raw=0x05

DRAW_SPRITE_236_239_Y_PLUS_D:
	add [0x08], 0x000D	;@raw=0x03,0x08,0x00,0x0D
	call DRAW_SPRITE_CIN_236_239_BY_VAR09	;@raw=0x04,0x51,0x22
	sub [0x08], 0x000D	;@raw=0x03,0x08,0xFF,0xF3
	ret	;@raw=0x05

JUNK__65D0:
	video type=1, offset=CINEMATIC_688, x=[0x07], y=[0x08], zoom=0x40	;@raw=0x54,0x22,0x63,0x07,0x08
	ret	;@raw=0x05

DRAW_CIN_390:
	video type=1, offset=CINEMATIC_390, x=[0x07], y=[0x08], zoom=0x40	;@raw=0x54,0x22,0x85,0x07,0x08
	ret	;@raw=0x05

LABEL_65DC:
	jne [HACK_VAR_67], [0x10], SHARED_RET	;@raw=0x0A,0x81,0x67,0x10,0x53,0x3A
	call DRAW_SPRITE_164_167_Y_PLUS_E	;@raw=0x04,0x65,0xB8
	video type=0, offset=COMMON_VIDEO_288, x=[0x07], y=[0x08], zoom=0x40	;@raw=0x57,0x1F,0x27,0x07,0x08
	call LABEL_5234	;@raw=0x04,0x52,0x34
	ret	;@raw=0x05

LABEL_65EE:
	jne [HACK_VAR_67], [0x10], SHARED_RET	;@raw=0x0A,0x81,0x67,0x10,0x53,0x3A
	sub [0x07], 0x0001	;@raw=0x03,0x07,0xFF,0xFF
	call DRAW_SPRITE_164_167_Y_PLUS_E	;@raw=0x04,0x65,0xB8
	video type=0, offset=COMMON_VIDEO_289, x=[0x07], y=[0x08], zoom=0x40	;@raw=0x57,0x21,0x92,0x07,0x08
	sub [0x08], 0x0001	;@raw=0x03,0x08,0xFF,0xFF
	call LABEL_5262	;@raw=0x04,0x52,0x62
	add [0x08], 0x0001	;@raw=0x03,0x08,0x00,0x01
	add [0x07], 0x0001	;@raw=0x03,0x07,0x00,0x01
	ret	;@raw=0x05

LABEL_6610:
	jne [HACK_VAR_67], [0x10], SHARED_RET	;@raw=0x0A,0x81,0x67,0x10,0x53,0x3A
	call DRAW_SPRITE_164_167_Y_PLUS_E	;@raw=0x04,0x65,0xB8
	video type=0, offset=COMMON_VIDEO_288, x=[0x07], y=[0x08], zoom=0x40	;@raw=0x57,0x1F,0x27,0x07,0x08
	call LABEL_5294	;@raw=0x04,0x52,0x94
	ret	;@raw=0x05

LABEL_6622:
	jne [HACK_VAR_67], [0x10], SHARED_RET	;@raw=0x0A,0x81,0x67,0x10,0x53,0x3A
	call DRAW_SPRITE_164_167_Y_PLUS_E	;@raw=0x04,0x65,0xB8
	video type=0, offset=COMMON_VIDEO_288, x=[0x07], y=[0x08], zoom=0x40	;@raw=0x57,0x1F,0x27,0x07,0x08
	call LABEL_5262	;@raw=0x04,0x52,0x62
	ret	;@raw=0x05

LABEL_6634:
	jne [HACK_VAR_67], [0x10], SHARED_RET	;@raw=0x0A,0x81,0x67,0x10,0x53,0x3A
	call DRAW_SPRITE_164_167_Y_PLUS_E	;@raw=0x04,0x65,0xB8
	video type=0, offset=COMMON_VIDEO_288, x=[0x07], y=[0x08], zoom=0x40	;@raw=0x57,0x1F,0x27,0x07,0x08
	add [0x08], 0x000D	;@raw=0x03,0x08,0x00,0x0D
	je [0x0D], 0x00, LABEL_6652	;@raw=0x0A,0x00,0x0D,0x00,0x66,0x52
	call LABEL_5C7E	;@raw=0x04,0x5C,0x7E
	jmp LABEL_6655	;@raw=0x07,0x66,0x55

LABEL_6652:
	call LABEL_5F35	;@raw=0x04,0x5F,0x35

LABEL_6655:
	sub [0x08], 0x000D	;@raw=0x03,0x08,0xFF,0xF3
	ret	;@raw=0x05

LABEL_665A:
	jne [HACK_VAR_67], [0x10], SHARED_RET	;@raw=0x0A,0x81,0x67,0x10,0x53,0x3A
	video type=1, offset=CINEMATIC_350, x=[0x07], y=[0x08], zoom=0x40	;@raw=0x54,0x2F,0xF1,0x07,0x08
	call LABEL_6634	;@raw=0x04,0x66,0x34
	ret	;@raw=0x05

LABEL_6669:
	jne [HACK_VAR_67], [0x10], SHARED_RET	;@raw=0x0A,0x81,0x67,0x10,0x53,0x3A
	sub [0x07], 0x0001	;@raw=0x03,0x07,0xFF,0xFF
	call DRAW_SPRITE_164_167_Y_PLUS_E	;@raw=0x04,0x65,0xB8
	video type=0, offset=COMMON_VIDEO_289, x=[0x07], y=[0x08], zoom=0x40	;@raw=0x57,0x21,0x92,0x07,0x08
	sub [0x08], 0x0001	;@raw=0x03,0x08,0xFF,0xFF
	call LABEL_52B4	;@raw=0x04,0x52,0xB4
	add [0x08], 0x0001	;@raw=0x03,0x08,0x00,0x01
	add [0x07], 0x0001	;@raw=0x03,0x07,0x00,0x01
	ret	;@raw=0x05

LABEL_668B:
	jne [HACK_VAR_67], [0x10], SHARED_RET	;@raw=0x0A,0x81,0x67,0x10,0x53,0x3A
	call DRAW_SPRITE_164_167_Y_PLUS_E	;@raw=0x04,0x65,0xB8
	video type=0, offset=COMMON_VIDEO_288, x=[0x07], y=[0x08], zoom=0x40	;@raw=0x57,0x1F,0x27,0x07,0x08
	call LABEL_52B4	;@raw=0x04,0x52,0xB4
	ret	;@raw=0x05

JUNK__669D:
	jne [HACK_VAR_67], [0x10], SHARED_RET	;@raw=0x0A,0x81,0x67,0x10,0x53,0x3A
	add [0x08], 0x000D	;@raw=0x03,0x08,0x00,0x0D
	sub [0x07], 0x0004	;@raw=0x03,0x07,0xFF,0xFC
	video type=0, offset=COMMON_VIDEO_253, x=[0x07], y=[0x08], zoom=0x40	;@raw=0x57,0x12,0xB8,0x07,0x08
	add [0x07], 0x0004	;@raw=0x03,0x07,0x00,0x04
	sub [0x08], 0x000D	;@raw=0x03,0x08,0xFF,0xF3
	call DRAW_SPRITE_164_167_Y_PLUS_E	;@raw=0x04,0x65,0xB8
	video type=0, offset=COMMON_VIDEO_288, x=[0x07], y=[0x08], zoom=0x40	;@raw=0x57,0x1F,0x27,0x07,0x08
	add [0x08], 0x000D	;@raw=0x03,0x08,0x00,0x0D
	call LABEL_5F61	;@raw=0x04,0x5F,0x61
	sub [0x08], 0x000D	;@raw=0x03,0x08,0xFF,0xF3
	ret	;@raw=0x05

LABEL_66CC:
	jne [HACK_VAR_67], [0x10], SHARED_RET	;@raw=0x0A,0x81,0x67,0x10,0x53,0x3A
	call DRAW_SPRITE_164_167_Y_PLUS_E	;@raw=0x04,0x65,0xB8
	video type=0, offset=COMMON_VIDEO_288, x=[0x07], y=[0x08], zoom=0x40	;@raw=0x57,0x1F,0x27,0x07,0x08
	add [0x08], 0x000D	;@raw=0x03,0x08,0x00,0x0D
	call LABEL_5F61	;@raw=0x04,0x5F,0x61
	sub [0x08], 0x000D	;@raw=0x03,0x08,0xFF,0xF3
	ret	;@raw=0x05

LABEL_66E6:
	jne [HACK_VAR_67], [0x10], SHARED_RET	;@raw=0x0A,0x81,0x67,0x10,0x53,0x3A
	add [0x08], 0x000D	;@raw=0x03,0x08,0x00,0x0D
	video type=1, offset=CINEMATIC_701, x=[0x07], y=[0x08], zoom=0x40	;@raw=0x54,0x44,0x59,0x07,0x08
	sub [0x08], 0x000D	;@raw=0x03,0x08,0xFF,0xF3
	call DRAW_SPRITE_164_167_Y_PLUS_E	;@raw=0x04,0x65,0xB8
	video type=0, offset=COMMON_VIDEO_288, x=[0x07], y=[0x08], zoom=0x40	;@raw=0x57,0x1F,0x27,0x07,0x08
	add [0x08], 0x000D	;@raw=0x03,0x08,0x00,0x0D
	call LABEL_5F61	;@raw=0x04,0x5F,0x61
	sub [0x08], 0x000D	;@raw=0x03,0x08,0xFF,0xF3
	ret	;@raw=0x05

LABEL_670D:
	jne [HACK_VAR_67], [0x10], SHARED_RET	;@raw=0x0A,0x81,0x67,0x10,0x53,0x3A
	sub [0x07], 0x0001	;@raw=0x03,0x07,0xFF,0xFF
	add [0x08], 0x000D	;@raw=0x03,0x08,0x00,0x0D
	video type=1, offset=CINEMATIC_700, x=[0x07], y=[0x08], zoom=0x40	;@raw=0x54,0x44,0x71,0x07,0x08
	sub [0x08], 0x000D	;@raw=0x03,0x08,0xFF,0xF3
	call DRAW_SPRITE_164_167_Y_PLUS_E	;@raw=0x04,0x65,0xB8
	video type=0, offset=COMMON_VIDEO_289, x=[0x07], y=[0x08], zoom=0x40	;@raw=0x57,0x21,0x92,0x07,0x08
	add [0x08], 0x000D	;@raw=0x03,0x08,0x00,0x0D
	call LABEL_5F4B	;@raw=0x04,0x5F,0x4B
	sub [0x08], 0x000D	;@raw=0x03,0x08,0xFF,0xF3
	add [0x07], 0x0001	;@raw=0x03,0x07,0x00,0x01
	ret	;@raw=0x05

LABEL_673C:
	jne [HACK_VAR_67], [0x10], SHARED_RET	;@raw=0x0A,0x81,0x67,0x10,0x53,0x3A
	call DRAW_SPRITE_CIN_164_167_BY_VAR09	;@raw=0x04,0x5E,0x63
	video type=0, offset=COMMON_VIDEO_291, x=[0x07], y=[0x08], zoom=0x40	;@raw=0x57,0x21,0xA3,0x07,0x08
	sub [0x08], 0x000D	;@raw=0x03,0x08,0xFF,0xF3
	call LABEL_5234	;@raw=0x04,0x52,0x34
	add [0x08], 0x000D	;@raw=0x03,0x08,0x00,0x0D
	ret	;@raw=0x05

LABEL_6756:
	jne [HACK_VAR_67], [0x10], SHARED_RET	;@raw=0x0A,0x81,0x67,0x10,0x53,0x3A
	sub [0x07], 0x0001	;@raw=0x03,0x07,0xFF,0xFF
	call DRAW_SPRITE_CIN_164_167_BY_VAR09	;@raw=0x04,0x5E,0x63
	video type=0, offset=COMMON_VIDEO_292, x=[0x07], y=[0x08], zoom=0x40	;@raw=0x57,0x21,0xB4,0x07,0x08
	sub [0x08], 0x000E	;@raw=0x03,0x08,0xFF,0xF2
	call LABEL_5262	;@raw=0x04,0x52,0x62
	add [0x08], 0x000E	;@raw=0x03,0x08,0x00,0x0E
	add [0x07], 0x0001	;@raw=0x03,0x07,0x00,0x01
	ret	;@raw=0x05
	jne [HACK_VAR_67], [0x10], SHARED_RET	;@raw=0x0A,0x81,0x67,0x10,0x53,0x3A
	call DRAW_SPRITE_CIN_164_167_BY_VAR09	;@raw=0x04,0x5E,0x63
	video type=0, offset=COMMON_VIDEO_291, x=[0x07], y=[0x08], zoom=0x40	;@raw=0x57,0x21,0xA3,0x07,0x08
	sub [0x08], 0x000D	;@raw=0x03,0x08,0xFF,0xF3
	call LABEL_5294	;@raw=0x04,0x52,0x94
	add [0x08], 0x000D	;@raw=0x03,0x08,0x00,0x0D
	ret	;@raw=0x05

LABEL_6792:
	jne [HACK_VAR_67], [0x10], SHARED_RET	;@raw=0x0A,0x81,0x67,0x10,0x53,0x3A
	call DRAW_SPRITE_CIN_164_167_BY_VAR09	;@raw=0x04,0x5E,0x63
	video type=0, offset=COMMON_VIDEO_291, x=[0x07], y=[0x08], zoom=0x40	;@raw=0x57,0x21,0xA3,0x07,0x08
	sub [0x08], 0x000D	;@raw=0x03,0x08,0xFF,0xF3
	call LABEL_5262	;@raw=0x04,0x52,0x62
	add [0x08], 0x000D	;@raw=0x03,0x08,0x00,0x0D
	ret	;@raw=0x05

GUARDED_HERO_ANIM_CV_291:
	jne [HACK_VAR_67], [0x10], SHARED_RET	;@raw=0x0A,0x81,0x67,0x10,0x53,0x3A
	call DRAW_SPRITE_CIN_164_167_BY_VAR09	;@raw=0x04,0x5E,0x63
	video type=0, offset=COMMON_VIDEO_291, x=[0x07], y=[0x08], zoom=0x40	;@raw=0x57,0x21,0xA3,0x07,0x08
	ret	;@raw=0x05

JUNK__67BB:
	call LABEL_65DC	;@raw=0x04,0x65,0xDC
	break	;@raw=0x06
	call LABEL_65DC	;@raw=0x04,0x65,0xDC
	break	;@raw=0x06
	call LABEL_65DC	;@raw=0x04,0x65,0xDC
	sub [0x07], 0x0001	;@raw=0x03,0x07,0xFF,0xFF
	break	;@raw=0x06
	call LABEL_65EE	;@raw=0x04,0x65,0xEE
	add [0x07], 0x0001	;@raw=0x03,0x07,0x00,0x01
	break	;@raw=0x06
	jmp JUNK__67BB	;@raw=0x07,0x67,0xBB
LABEL_67D6:
	db 0x11

LABEL_67D7:
	call LABEL_2A0F	;@raw=0x04,0x2A,0x0F
	jmp LABEL_67E6	;@raw=0x07,0x67,0xE6
	call STATE_VAR12_BIG_DISPATCH	;@raw=0x04,0x30,0xB6
	jne [0x2F], 0x03, LABEL_25FB	;@raw=0x0A,0x01,0x2F,0x03,0x25,0xFB

LABEL_67E6:
	call LABEL_5CAD	;@raw=0x04,0x5C,0xAD
	add [0x07], 0x0007	;@raw=0x03,0x07,0x00,0x07
	break	;@raw=0x06
	mov [0xF8], [0x10]	;@raw=0x01,0xF8,0x10
	and [0xF8], 0x001F	;@raw=0x14,0xF8,0x00,0x1F
	jne [0xF8], 0x05, LABEL_67FF	;@raw=0x0A,0x01,0xF8,0x05,0x67,0xFF
	mov [0x29], 0x0082	;@raw=0x00,0x29,0x00,0x82

LABEL_67FF:
	jl [0x07], [0x29], LABEL_680E	;@raw=0x0A,0x84,0x07,0x29,0x68,0x0E
	call STATE_VAR12_BIG_DISPATCH	;@raw=0x04,0x30,0xB6
	jne [0x2F], 0x03, LABEL_25FB	;@raw=0x0A,0x01,0x2F,0x03,0x25,0xFB

LABEL_680E:
	call LABEL_5CE0	;@raw=0x04,0x5C,0xE0
	add [0x07], 0x0009	;@raw=0x03,0x07,0x00,0x09
	break	;@raw=0x06
	jl [0x07], [0x29], LABEL_6825	;@raw=0x0A,0x84,0x07,0x29,0x68,0x25
	call STATE_VAR12_BIG_DISPATCH	;@raw=0x04,0x30,0xB6
	jne [0x2F], 0x03, LABEL_25FB	;@raw=0x0A,0x01,0x2F,0x03,0x25,0xFB

LABEL_6825:
	call LABEL_5D05	;@raw=0x04,0x5D,0x05
	add [0x07], 0x0009	;@raw=0x03,0x07,0x00,0x09
	break	;@raw=0x06
	jl [0x07], [0x29], LABEL_683C	;@raw=0x0A,0x84,0x07,0x29,0x68,0x3C
	call STATE_VAR12_BIG_DISPATCH	;@raw=0x04,0x30,0xB6
	jne [0x2F], 0x03, LABEL_25FB	;@raw=0x0A,0x01,0x2F,0x03,0x25,0xFB

LABEL_683C:
	call LABEL_5D32	;@raw=0x04,0x5D,0x32
	add [0x07], 0x0008	;@raw=0x03,0x07,0x00,0x08
	break	;@raw=0x06
	jl [0x07], [0x29], LABEL_6853	;@raw=0x0A,0x84,0x07,0x29,0x68,0x53
	call STATE_VAR12_BIG_DISPATCH	;@raw=0x04,0x30,0xB6
	jne [0x2F], 0x03, LABEL_25FB	;@raw=0x0A,0x01,0x2F,0x03,0x25,0xFB

LABEL_6853:
	call LABEL_5D5F	;@raw=0x04,0x5D,0x5F
	add [0x07], 0x000A	;@raw=0x03,0x07,0x00,0x0A
	break	;@raw=0x06
	jl [0x07], [0x29], LABEL_686A	;@raw=0x0A,0x84,0x07,0x29,0x68,0x6A
	call STATE_VAR12_BIG_DISPATCH	;@raw=0x04,0x30,0xB6
	jne [0x2F], 0x03, LABEL_25FB	;@raw=0x0A,0x01,0x2F,0x03,0x25,0xFB

LABEL_686A:
	call LABEL_5D84	;@raw=0x04,0x5D,0x84
	add [0x07], 0x0007	;@raw=0x03,0x07,0x00,0x07
	break	;@raw=0x06
	jl [0x07], [0x29], LABEL_6881	;@raw=0x0A,0x84,0x07,0x29,0x68,0x81
	call STATE_VAR12_BIG_DISPATCH	;@raw=0x04,0x30,0xB6
	jne [0x2F], 0x03, LABEL_25FB	;@raw=0x0A,0x01,0x2F,0x03,0x25,0xFB

LABEL_6881:
	call LABEL_5DB7	;@raw=0x04,0x5D,0xB7
	add [0x07], 0x0009	;@raw=0x03,0x07,0x00,0x09
	break	;@raw=0x06
	jl [0x07], [0x29], LABEL_6898	;@raw=0x0A,0x84,0x07,0x29,0x68,0x98
	call STATE_VAR12_BIG_DISPATCH	;@raw=0x04,0x30,0xB6
	jne [0x2F], 0x03, LABEL_25FB	;@raw=0x0A,0x01,0x2F,0x03,0x25,0xFB

LABEL_6898:
	call LABEL_5DDC	;@raw=0x04,0x5D,0xDC
	add [0x07], 0x0009	;@raw=0x03,0x07,0x00,0x09
	break	;@raw=0x06
	jl [0x07], [0x29], LABEL_68AF	;@raw=0x0A,0x84,0x07,0x29,0x68,0xAF
	call STATE_VAR12_BIG_DISPATCH	;@raw=0x04,0x30,0xB6
	jne [0x2F], 0x03, LABEL_25FB	;@raw=0x0A,0x01,0x2F,0x03,0x25,0xFB

LABEL_68AF:
	call LABEL_5E09	;@raw=0x04,0x5E,0x09
	add [0x07], 0x0008	;@raw=0x03,0x07,0x00,0x08
	break	;@raw=0x06
	jl [0x07], [0x29], LABEL_68C6	;@raw=0x0A,0x84,0x07,0x29,0x68,0xC6
	call STATE_VAR12_BIG_DISPATCH	;@raw=0x04,0x30,0xB6
	jne [0x2F], 0x03, LABEL_25FB	;@raw=0x0A,0x01,0x2F,0x03,0x25,0xFB

LABEL_68C6:
	call LABEL_5E36	;@raw=0x04,0x5E,0x36
	add [0x07], 0x000A	;@raw=0x03,0x07,0x00,0x0A
	break	;@raw=0x06
	jmp LABEL_67D7	;@raw=0x07,0x67,0xD7
	killChannel	;@raw=0x11

LABEL_68D2:
	call GUARDED_DRAW_CIN_242_243	;@raw=0x04,0x56,0xD2
	break	;@raw=0x06
	jmp LABEL_68D2	;@raw=0x07,0x68,0xD2
LABEL_68D9:
	db 0x11

LABEL_68DA:
	call LABEL_2A0F	;@raw=0x04,0x2A,0x0F
	jmp LABEL_68E9	;@raw=0x07,0x68,0xE9
	call STATE_VAR12_BIG_DISPATCH	;@raw=0x04,0x30,0xB6
	jne [0x2F], 0x01, MAIN_GAME_LOOP_HERO_128	;@raw=0x0A,0x01,0x2F,0x01,0x25,0xEA

LABEL_68E9:
	call LABEL_6013	;@raw=0x04,0x60,0x13
	add [0x07], 0x0002	;@raw=0x03,0x07,0x00,0x02
	break	;@raw=0x06
	jl [0x07], [0x29], LABEL_6900	;@raw=0x0A,0x84,0x07,0x29,0x69,0x00
	call STATE_VAR12_BIG_DISPATCH	;@raw=0x04,0x30,0xB6
	jne [0x2F], 0x01, MAIN_GAME_LOOP_HERO_128	;@raw=0x0A,0x01,0x2F,0x01,0x25,0xEA

LABEL_6900:
	call LABEL_6039	;@raw=0x04,0x60,0x39
	add [0x07], 0x0002	;@raw=0x03,0x07,0x00,0x02
	break	;@raw=0x06
	jl [0x07], [0x29], LABEL_6917	;@raw=0x0A,0x84,0x07,0x29,0x69,0x17
	call STATE_VAR12_BIG_DISPATCH	;@raw=0x04,0x30,0xB6
	jne [0x2F], 0x01, MAIN_GAME_LOOP_HERO_128	;@raw=0x0A,0x01,0x2F,0x01,0x25,0xEA

LABEL_6917:
	call LABEL_6067	;@raw=0x04,0x60,0x67
	add [0x07], 0x0003	;@raw=0x03,0x07,0x00,0x03
	break	;@raw=0x06
	jl [0x07], [0x29], LABEL_692E	;@raw=0x0A,0x84,0x07,0x29,0x69,0x2E
	call STATE_VAR12_BIG_DISPATCH	;@raw=0x04,0x30,0xB6
	jne [0x2F], 0x01, MAIN_GAME_LOOP_HERO_128	;@raw=0x0A,0x01,0x2F,0x01,0x25,0xEA

LABEL_692E:
	call LABEL_6088	;@raw=0x04,0x60,0x88
	add [0x07], 0x0003	;@raw=0x03,0x07,0x00,0x03
	break	;@raw=0x06
	jl [0x07], [0x29], LABEL_6945	;@raw=0x0A,0x84,0x07,0x29,0x69,0x45
	call STATE_VAR12_BIG_DISPATCH	;@raw=0x04,0x30,0xB6
	jne [0x2F], 0x01, MAIN_GAME_LOOP_HERO_128	;@raw=0x0A,0x01,0x2F,0x01,0x25,0xEA

LABEL_6945:
	call LABEL_60AF	;@raw=0x04,0x60,0xAF
	add [0x07], 0x0003	;@raw=0x03,0x07,0x00,0x03
	break	;@raw=0x06
	jl [0x07], [0x29], LABEL_695C	;@raw=0x0A,0x84,0x07,0x29,0x69,0x5C
	call STATE_VAR12_BIG_DISPATCH	;@raw=0x04,0x30,0xB6
	jne [0x2F], 0x01, MAIN_GAME_LOOP_HERO_128	;@raw=0x0A,0x01,0x2F,0x01,0x25,0xEA

LABEL_695C:
	call LABEL_60D0	;@raw=0x04,0x60,0xD0
	add [0x07], 0x0003	;@raw=0x03,0x07,0x00,0x03
	break	;@raw=0x06
	jl [0x07], [0x29], LABEL_6973	;@raw=0x0A,0x84,0x07,0x29,0x69,0x73
	call STATE_VAR12_BIG_DISPATCH	;@raw=0x04,0x30,0xB6
	jne [0x2F], 0x01, MAIN_GAME_LOOP_HERO_128	;@raw=0x0A,0x01,0x2F,0x01,0x25,0xEA

LABEL_6973:
	call LABEL_60F6	;@raw=0x04,0x60,0xF6
	add [0x07], 0x0003	;@raw=0x03,0x07,0x00,0x03
	break	;@raw=0x06
	jl [0x07], [0x29], LABEL_698A	;@raw=0x0A,0x84,0x07,0x29,0x69,0x8A
	call STATE_VAR12_BIG_DISPATCH	;@raw=0x04,0x30,0xB6
	jne [0x2F], 0x01, MAIN_GAME_LOOP_HERO_128	;@raw=0x0A,0x01,0x2F,0x01,0x25,0xEA

LABEL_698A:
	call LABEL_611C	;@raw=0x04,0x61,0x1C
	add [0x07], 0x0002	;@raw=0x03,0x07,0x00,0x02
	break	;@raw=0x06
	jl [0x07], [0x29], LABEL_69A1	;@raw=0x0A,0x84,0x07,0x29,0x69,0xA1
	call STATE_VAR12_BIG_DISPATCH	;@raw=0x04,0x30,0xB6
	jne [0x2F], 0x01, MAIN_GAME_LOOP_HERO_128	;@raw=0x0A,0x01,0x2F,0x01,0x25,0xEA

LABEL_69A1:
	call LABEL_6142	;@raw=0x04,0x61,0x42
	add [0x07], 0x0002	;@raw=0x03,0x07,0x00,0x02
	break	;@raw=0x06
	jl [0x07], [0x29], LABEL_69B8	;@raw=0x0A,0x84,0x07,0x29,0x69,0xB8
	call STATE_VAR12_BIG_DISPATCH	;@raw=0x04,0x30,0xB6
	jne [0x2F], 0x01, MAIN_GAME_LOOP_HERO_128	;@raw=0x0A,0x01,0x2F,0x01,0x25,0xEA

LABEL_69B8:
	call LABEL_6168	;@raw=0x04,0x61,0x68
	add [0x07], 0x0002	;@raw=0x03,0x07,0x00,0x02
	break	;@raw=0x06
	jl [0x07], [0x29], LABEL_69CF	;@raw=0x0A,0x84,0x07,0x29,0x69,0xCF
	call STATE_VAR12_BIG_DISPATCH	;@raw=0x04,0x30,0xB6
	jne [0x2F], 0x01, MAIN_GAME_LOOP_HERO_128	;@raw=0x0A,0x01,0x2F,0x01,0x25,0xEA

LABEL_69CF:
	call LABEL_6196	;@raw=0x04,0x61,0x96
	add [0x07], 0x0003	;@raw=0x03,0x07,0x00,0x03
	break	;@raw=0x06
	jl [0x07], [0x29], LABEL_69E6	;@raw=0x0A,0x84,0x07,0x29,0x69,0xE6
	call STATE_VAR12_BIG_DISPATCH	;@raw=0x04,0x30,0xB6
	jne [0x2F], 0x01, MAIN_GAME_LOOP_HERO_128	;@raw=0x0A,0x01,0x2F,0x01,0x25,0xEA

LABEL_69E6:
	call LABEL_61BC	;@raw=0x04,0x61,0xBC
	add [0x07], 0x0003	;@raw=0x03,0x07,0x00,0x03
	break	;@raw=0x06
	jl [0x07], [0x29], LABEL_69FD	;@raw=0x0A,0x84,0x07,0x29,0x69,0xFD
	call STATE_VAR12_BIG_DISPATCH	;@raw=0x04,0x30,0xB6
	jne [0x2F], 0x01, MAIN_GAME_LOOP_HERO_128	;@raw=0x0A,0x01,0x2F,0x01,0x25,0xEA

LABEL_69FD:
	call LABEL_61E8	;@raw=0x04,0x61,0xE8
	add [0x07], 0x0003	;@raw=0x03,0x07,0x00,0x03
	break	;@raw=0x06
	jl [0x07], [0x29], LABEL_6A14	;@raw=0x0A,0x84,0x07,0x29,0x6A,0x14
	call STATE_VAR12_BIG_DISPATCH	;@raw=0x04,0x30,0xB6
	jne [0x2F], 0x01, MAIN_GAME_LOOP_HERO_128	;@raw=0x0A,0x01,0x2F,0x01,0x25,0xEA

LABEL_6A14:
	call LABEL_6209	;@raw=0x04,0x62,0x09
	add [0x07], 0x0003	;@raw=0x03,0x07,0x00,0x03
	break	;@raw=0x06
	jl [0x07], [0x29], LABEL_6A2B	;@raw=0x0A,0x84,0x07,0x29,0x6A,0x2B
	call STATE_VAR12_BIG_DISPATCH	;@raw=0x04,0x30,0xB6
	jne [0x2F], 0x01, MAIN_GAME_LOOP_HERO_128	;@raw=0x0A,0x01,0x2F,0x01,0x25,0xEA

LABEL_6A2B:
	call LABEL_622A	;@raw=0x04,0x62,0x2A
	add [0x07], 0x0003	;@raw=0x03,0x07,0x00,0x03
	break	;@raw=0x06
	jl [0x07], [0x29], LABEL_6A42	;@raw=0x0A,0x84,0x07,0x29,0x6A,0x42
	call STATE_VAR12_BIG_DISPATCH	;@raw=0x04,0x30,0xB6
	jne [0x2F], 0x01, MAIN_GAME_LOOP_HERO_128	;@raw=0x0A,0x01,0x2F,0x01,0x25,0xEA

LABEL_6A42:
	call LABEL_624B	;@raw=0x04,0x62,0x4B
	add [0x07], 0x0002	;@raw=0x03,0x07,0x00,0x02
	break	;@raw=0x06
	jmp LABEL_68DA	;@raw=0x07,0x68,0xDA
LABEL_6A4D:
	db 0x11

LABEL_6A4E:
	call LABEL_6013	;@raw=0x04,0x60,0x13
	add [0x07], 0x0002	;@raw=0x03,0x07,0x00,0x02
	break	;@raw=0x06
	call LABEL_6039	;@raw=0x04,0x60,0x39
	add [0x07], 0x0002	;@raw=0x03,0x07,0x00,0x02
	break	;@raw=0x06
	call LABEL_6067	;@raw=0x04,0x60,0x67
	add [0x07], 0x0003	;@raw=0x03,0x07,0x00,0x03
	break	;@raw=0x06
	call LABEL_6088	;@raw=0x04,0x60,0x88
	add [0x07], 0x0003	;@raw=0x03,0x07,0x00,0x03
	break	;@raw=0x06
	call LABEL_60AF	;@raw=0x04,0x60,0xAF
	add [0x07], 0x0003	;@raw=0x03,0x07,0x00,0x03
	break	;@raw=0x06
	call LABEL_60D0	;@raw=0x04,0x60,0xD0
	add [0x07], 0x0003	;@raw=0x03,0x07,0x00,0x03
	break	;@raw=0x06
	call LABEL_60F6	;@raw=0x04,0x60,0xF6
	add [0x07], 0x0003	;@raw=0x03,0x07,0x00,0x03
	break	;@raw=0x06
	call LABEL_611C	;@raw=0x04,0x61,0x1C
	add [0x07], 0x0002	;@raw=0x03,0x07,0x00,0x02
	break	;@raw=0x06

LABEL_6A8E:
	call LABEL_6142	;@raw=0x04,0x61,0x42
	add [0x07], 0x0002	;@raw=0x03,0x07,0x00,0x02
	break	;@raw=0x06
	call LABEL_6168	;@raw=0x04,0x61,0x68
	add [0x07], 0x0002	;@raw=0x03,0x07,0x00,0x02
	break	;@raw=0x06
	call LABEL_6196	;@raw=0x04,0x61,0x96
	add [0x07], 0x0003	;@raw=0x03,0x07,0x00,0x03
	break	;@raw=0x06
	call LABEL_61BC	;@raw=0x04,0x61,0xBC
	add [0x07], 0x0003	;@raw=0x03,0x07,0x00,0x03
	break	;@raw=0x06
	call LABEL_61E8	;@raw=0x04,0x61,0xE8
	add [0x07], 0x0003	;@raw=0x03,0x07,0x00,0x03
	break	;@raw=0x06
	call LABEL_6209	;@raw=0x04,0x62,0x09
	add [0x07], 0x0003	;@raw=0x03,0x07,0x00,0x03
	break	;@raw=0x06
	call LABEL_622A	;@raw=0x04,0x62,0x2A
	add [0x07], 0x0003	;@raw=0x03,0x07,0x00,0x03
	break	;@raw=0x06
	call LABEL_624B	;@raw=0x04,0x62,0x4B
	add [0x07], 0x0002	;@raw=0x03,0x07,0x00,0x02
	break	;@raw=0x06
	jmp LABEL_6A4E	;@raw=0x07,0x6A,0x4E
LABEL_6AD1:
	db 0x11

LABEL_6AD2:
	je [0x0A], [0x0C], KILL_CHAN_AT_6AF0	;@raw=0x0A,0x80,0x0A,0x0C,0x6A,0xF0
	jg [0x0A], [0x0C], LABEL_6AF1	;@raw=0x0A,0x82,0x0A,0x0C,0x6A,0xF1

LABEL_6ADE:
	add [0x0A], 0x0001	;@raw=0x03,0x0A,0x00,0x01
	break	;@raw=0x06
	jne [0x0A], 0x03, LABEL_6AEA	;@raw=0x0A,0x01,0x0A,0x03,0x6A,0xEA
	break	;@raw=0x06

LABEL_6AEA:
	jl [0x0A], [0x0C], LABEL_6ADE	;@raw=0x0A,0x84,0x0A,0x0C,0x6A,0xDE

KILL_CHAN_AT_6AF0:
	killChannel	;@raw=0x11

LABEL_6AF1:
	sub [0x0A], 0x0001	;@raw=0x03,0x0A,0xFF,0xFF
	break	;@raw=0x06
	jne [0x0A], 0x02, LABEL_6AFD	;@raw=0x0A,0x01,0x0A,0x02,0x6A,0xFD
	break	;@raw=0x06

LABEL_6AFD:
	jg [0x0A], [0x0C], LABEL_6AF1	;@raw=0x0A,0x82,0x0A,0x0C,0x6A,0xF1
	killChannel	;@raw=0x11

LABEL_6B04:
	sub [0x0B], 0x0001	;@raw=0x03,0x0B,0xFF,0xFF
	jg [0x0B], 0x00, LABEL_6B39	;@raw=0x0A,0x02,0x0B,0x00,0x6B,0x39
	je [HERO_POS_MASK], 0x00, LABEL_6B27	;@raw=0x0A,0x00,0xFD,0x00,0x6B,0x27
	call COPY_HASH_AND_SPLIT_VAR38_3F_3E	;@raw=0x04,0x07,0x9C
	mov [0x0B], [RANDOM_SEED]	;@raw=0x01,0x0B,0x3C
	add [0x0B], 0x0006	;@raw=0x03,0x0B,0x00,0x06
	mov [0x0C], 0x0004	;@raw=0x00,0x0C,0x00,0x04
	setup channel=0x15, address=LABEL_6AD2	;@raw=0x08,0x15,0x6A,0xD2
	ret	;@raw=0x05

LABEL_6B27:
	call COPY_HASH_AND_SPLIT_VAR38_3F_3E	;@raw=0x04,0x07,0x9C
	mov [0x0B], [0x3A]	;@raw=0x01,0x0B,0x3A
	add [0x0B], 0x0006	;@raw=0x03,0x0B,0x00,0x06
	mov [0x0C], 0x0001	;@raw=0x00,0x0C,0x00,0x01
	setup channel=0x15, address=LABEL_6AD2	;@raw=0x08,0x15,0x6A,0xD2

LABEL_6B39:
	ret	;@raw=0x05

LABEL_6B3A:
	video type=1, offset=CINEMATIC_206, x=[0x01], y=[0x02], zoom=0x40	;@raw=0x54,0x1E,0x41,0x01,0x02
	jg [0x06], [0x30], SHARED_RET	;@raw=0x0A,0x82,0x06,0x30,0x53,0x3A
	mov [0xF8], [0x31]	;@raw=0x01,0xF8,0x31
	and [0xF8], 0x0004	;@raw=0x14,0xF8,0x00,0x04
	je [0xF8], 0x00, SHARED_RET	;@raw=0x0A,0x00,0xF8,0x00,0x53,0x3A
	video type=1, offset=CINEMATIC_207, x=[0x01], y=[0x02], zoom=0x40	;@raw=0x54,0x44,0xD3,0x01,0x02
	ret	;@raw=0x05

LABEL_6B58:
	video type=1, offset=CINEMATIC_563, x=[0x01], y=[0x02], zoom=0x40	;@raw=0x54,0x1E,0x9D,0x01,0x02
	jg [0x06], [0x30], SHARED_RET	;@raw=0x0A,0x82,0x06,0x30,0x53,0x3A
	mov [0xF8], [0x31]	;@raw=0x01,0xF8,0x31
	and [0xF8], 0x0004	;@raw=0x14,0xF8,0x00,0x04
	je [0xF8], 0x00, SHARED_RET	;@raw=0x0A,0x00,0xF8,0x00,0x53,0x3A
	video type=1, offset=CINEMATIC_564, x=[0x01], y=[0x02], zoom=0x40	;@raw=0x54,0x44,0xD7,0x01,0x02
	ret	;@raw=0x05

LABEL_6B76:
	jne [0x05], 0x00, LABEL_6B82	;@raw=0x0A,0x01,0x05,0x00,0x6B,0x82
	video type=1, offset=CINEMATIC_219, x=[0x01], y=[0x02], zoom=0x40	;@raw=0x54,0x46,0x7D,0x01,0x02
	ret	;@raw=0x05

LABEL_6B82:
	jne [0x05], 0x01, LABEL_6B8E	;@raw=0x0A,0x01,0x05,0x01,0x6B,0x8E
	video type=1, offset=CINEMATIC_218, x=[0x01], y=[0x02], zoom=0x40	;@raw=0x54,0x45,0x57,0x01,0x02
	ret	;@raw=0x05

LABEL_6B8E:
	jne [0x05], 0x02, LABEL_6B9A	;@raw=0x0A,0x01,0x05,0x02,0x6B,0x9A
	video type=1, offset=CINEMATIC_217, x=[0x01], y=[0x02], zoom=0x40	;@raw=0x54,0x45,0x79,0x01,0x02
	ret	;@raw=0x05

LABEL_6B9A:
	jne [0x05], 0x03, LABEL_6BA6	;@raw=0x0A,0x01,0x05,0x03,0x6B,0xA6
	video type=1, offset=CINEMATIC_216, x=[0x01], y=[0x02], zoom=0x40	;@raw=0x54,0x45,0xA5,0x01,0x02
	ret	;@raw=0x05

LABEL_6BA6:
	ret	;@raw=0x05

LABEL_6BA7:
	video type=0, offset=COMMON_VIDEO_036, x=[0x01], y=[0x02], zoom=0x40	;@raw=0x57,0x06,0x5D,0x01,0x02
	jne [0x0A], 0x00, GUARDED_DRAW_CV_159	;@raw=0x0A,0x01,0x0A,0x00,0x6B,0xB8
	video type=1, offset=CINEMATIC_220, x=[0x01], y=[0x02], zoom=0x40	;@raw=0x54,0x1D,0xDA,0x01,0x02
	ret	;@raw=0x05

GUARDED_DRAW_CV_159:
	call LABEL_6B04	;@raw=0x04,0x6B,0x04
	jne [0x0A], 0x01, LABEL_6BDF	;@raw=0x0A,0x01,0x0A,0x01,0x6B,0xDF
	video type=0, offset=COMMON_VIDEO_159, x=[0x01], y=[0x02], zoom=0x40	;@raw=0x57,0x1A,0x3E,0x01,0x02
	jg [0x06], [0x30], SHARED_RET	;@raw=0x0A,0x82,0x06,0x30,0x53,0x3A
	mov [0xF8], [0x31]	;@raw=0x01,0xF8,0x31
	and [0xF8], 0x0002	;@raw=0x14,0xF8,0x00,0x02
	je [0xF8], 0x00, SHARED_RET	;@raw=0x0A,0x00,0xF8,0x00,0x53,0x3A
	video type=0, offset=COMMON_VIDEO_160, x=[0x01], y=[0x02], zoom=0x40	;@raw=0x57,0x2D,0xFC,0x01,0x02
	ret	;@raw=0x05

LABEL_6BDF:
	jne [0x0A], 0x02, LABEL_6C03	;@raw=0x0A,0x01,0x0A,0x02,0x6C,0x03
	video type=0, offset=COMMON_VIDEO_157, x=[0x01], y=[0x02], zoom=0x40	;@raw=0x57,0x19,0xF9,0x01,0x02
	jg [0x06], [0x30], SHARED_RET	;@raw=0x0A,0x82,0x06,0x30,0x53,0x3A
	mov [0xF8], [0x31]	;@raw=0x01,0xF8,0x31
	and [0xF8], 0x0004	;@raw=0x14,0xF8,0x00,0x04
	je [0xF8], 0x00, SHARED_RET	;@raw=0x0A,0x00,0xF8,0x00,0x53,0x3A
	video type=0, offset=COMMON_VIDEO_158, x=[0x01], y=[0x02], zoom=0x40	;@raw=0x57,0x2E,0x06,0x01,0x02
	ret	;@raw=0x05

LABEL_6C03:
	jne [0x0A], 0x03, LABEL_6C27	;@raw=0x0A,0x01,0x0A,0x03,0x6C,0x27
	video type=0, offset=COMMON_VIDEO_155, x=[0x01], y=[0x02], zoom=0x40	;@raw=0x57,0x1A,0x10,0x01,0x02
	jg [0x06], [0x30], SHARED_RET	;@raw=0x0A,0x82,0x06,0x30,0x53,0x3A
	mov [0xF8], [0x31]	;@raw=0x01,0xF8,0x31
	and [0xF8], 0x0004	;@raw=0x14,0xF8,0x00,0x04
	je [0xF8], 0x00, SHARED_RET	;@raw=0x0A,0x00,0xF8,0x00,0x53,0x3A
	video type=0, offset=COMMON_VIDEO_156, x=[0x01], y=[0x02], zoom=0x40	;@raw=0x57,0x2E,0x0A,0x01,0x02
	ret	;@raw=0x05

LABEL_6C27:
	video type=0, offset=COMMON_VIDEO_153, x=[0x01], y=[0x02], zoom=0x40	;@raw=0x57,0x1A,0x27,0x01,0x02
	jg [0x06], [0x30], SHARED_RET	;@raw=0x0A,0x82,0x06,0x30,0x53,0x3A
	mov [0xF8], [0x31]	;@raw=0x01,0xF8,0x31
	and [0xF8], 0x0004	;@raw=0x14,0xF8,0x00,0x04
	je [0xF8], 0x00, SHARED_RET	;@raw=0x0A,0x00,0xF8,0x00,0x53,0x3A
	video type=0, offset=COMMON_VIDEO_154, x=[0x01], y=[0x02], zoom=0x40	;@raw=0x57,0x2E,0x0E,0x01,0x02
	ret	;@raw=0x05

LABEL_6C45:
	video type=0, offset=COMMON_VIDEO_038, x=[0x01], y=[0x02], zoom=0x40	;@raw=0x57,0x06,0xA4,0x01,0x02
	jne [0x0A], 0x00, GUARDED_DRAW_CV_159	;@raw=0x0A,0x01,0x0A,0x00,0x6B,0xB8
	video type=1, offset=CINEMATIC_221, x=[0x01], y=[0x02], zoom=0x40	;@raw=0x54,0x1D,0xDF,0x01,0x02
	ret	;@raw=0x05

LABEL_6C56:
	video type=0, offset=COMMON_VIDEO_040, x=[0x01], y=[0x02], zoom=0x40	;@raw=0x57,0x06,0xDB,0x01,0x02
	jne [0x0A], 0x00, GUARDED_DRAW_CV_159	;@raw=0x0A,0x01,0x0A,0x00,0x6B,0xB8
	video type=0, offset=COMMON_VIDEO_041, x=[0x01], y=[0x02], zoom=0x40	;@raw=0x57,0x19,0xB3,0x01,0x02
	ret	;@raw=0x05

LABEL_6C67:
	video type=0, offset=COMMON_VIDEO_042, x=[0x01], y=[0x02], zoom=0x40	;@raw=0x57,0x07,0x1C,0x01,0x02
	jne [0x0A], 0x00, GUARDED_DRAW_CV_159	;@raw=0x0A,0x01,0x0A,0x00,0x6B,0xB8
	video type=0, offset=COMMON_VIDEO_043, x=[0x01], y=[0x02], zoom=0x40	;@raw=0x57,0x19,0xB8,0x01,0x02
	ret	;@raw=0x05

LABEL_6C78:
	video type=0, offset=COMMON_VIDEO_044, x=[0x01], y=[0x02], zoom=0x40	;@raw=0x57,0x07,0x5B,0x01,0x02
	jne [0x0A], 0x00, GUARDED_DRAW_CV_159	;@raw=0x0A,0x01,0x0A,0x00,0x6B,0xB8
	video type=0, offset=COMMON_VIDEO_045, x=[0x01], y=[0x02], zoom=0x40	;@raw=0x57,0x19,0xBD,0x01,0x02
	ret	;@raw=0x05

LABEL_6C89:
	video type=0, offset=COMMON_VIDEO_046, x=[0x01], y=[0x02], zoom=0x40	;@raw=0x57,0x07,0x94,0x01,0x02
	jne [0x0A], 0x00, GUARDED_DRAW_CV_159	;@raw=0x0A,0x01,0x0A,0x00,0x6B,0xB8
	video type=0, offset=COMMON_VIDEO_047, x=[0x01], y=[0x02], zoom=0x40	;@raw=0x57,0x19,0xC2,0x01,0x02
	ret	;@raw=0x05

LABEL_6C9A:
	call LABEL_6B76	;@raw=0x04,0x6B,0x76
	video type=0, offset=COMMON_VIDEO_016, x=[0x01], y=[0x02], zoom=0x40	;@raw=0x57,0x07,0xC8,0x01,0x02
	jne [0x0A], 0x00, GUARDED_DRAW_CV_159	;@raw=0x0A,0x01,0x0A,0x00,0x6B,0xB8
	video type=0, offset=COMMON_VIDEO_017, x=[0x01], y=[0x02], zoom=0x40	;@raw=0x57,0x19,0xC7,0x01,0x02
	ret	;@raw=0x05

LABEL_6CAE:
	video type=0, offset=COMMON_VIDEO_018, x=[0x01], y=[0x02], zoom=0x40	;@raw=0x57,0x07,0xFC,0x01,0x02
	jne [0x0A], 0x00, GUARDED_DRAW_CV_159	;@raw=0x0A,0x01,0x0A,0x00,0x6B,0xB8
	video type=0, offset=COMMON_VIDEO_019, x=[0x01], y=[0x02], zoom=0x40	;@raw=0x57,0x19,0xCC,0x01,0x02
	ret	;@raw=0x05

LABEL_6CBF:
	video type=0, offset=COMMON_VIDEO_020, x=[0x01], y=[0x02], zoom=0x40	;@raw=0x57,0x08,0x30,0x01,0x02
	jne [0x0A], 0x00, GUARDED_DRAW_CV_159	;@raw=0x0A,0x01,0x0A,0x00,0x6B,0xB8
	video type=0, offset=COMMON_VIDEO_021, x=[0x01], y=[0x02], zoom=0x40	;@raw=0x57,0x19,0xD1,0x01,0x02
	ret	;@raw=0x05

LABEL_6CD0:
	video type=0, offset=COMMON_VIDEO_022, x=[0x01], y=[0x02], zoom=0x40	;@raw=0x57,0x08,0x46,0x01,0x02
	jne [0x0A], 0x00, GUARDED_DRAW_CV_159	;@raw=0x0A,0x01,0x0A,0x00,0x6B,0xB8
	video type=0, offset=COMMON_VIDEO_023, x=[0x01], y=[0x02], zoom=0x40	;@raw=0x57,0x19,0xD6,0x01,0x02
	ret	;@raw=0x05

LABEL_6CE1:
	video type=0, offset=COMMON_VIDEO_024, x=[0x01], y=[0x02], zoom=0x40	;@raw=0x57,0x08,0x5C,0x01,0x02
	jne [0x0A], 0x00, GUARDED_DRAW_CV_159	;@raw=0x0A,0x01,0x0A,0x00,0x6B,0xB8
	video type=0, offset=COMMON_VIDEO_025, x=[0x01], y=[0x02], zoom=0x40	;@raw=0x57,0x19,0xDB,0x01,0x02
	ret	;@raw=0x05

LABEL_6CF2:
	video type=0, offset=COMMON_VIDEO_026, x=[0x01], y=[0x02], zoom=0x40	;@raw=0x57,0x08,0x72,0x01,0x02
	jne [0x0A], 0x00, GUARDED_DRAW_CV_159	;@raw=0x0A,0x01,0x0A,0x00,0x6B,0xB8
	video type=0, offset=COMMON_VIDEO_027, x=[0x01], y=[0x02], zoom=0x40	;@raw=0x57,0x19,0xE0,0x01,0x02
	ret	;@raw=0x05

LABEL_6D03:
	video type=0, offset=COMMON_VIDEO_028, x=[0x01], y=[0x02], zoom=0x40	;@raw=0x57,0x08,0x88,0x01,0x02
	jne [0x0A], 0x00, GUARDED_DRAW_CV_159	;@raw=0x0A,0x01,0x0A,0x00,0x6B,0xB8
	video type=0, offset=COMMON_VIDEO_029, x=[0x01], y=[0x02], zoom=0x40	;@raw=0x57,0x19,0xE5,0x01,0x02
	ret	;@raw=0x05

LABEL_6D14:
	video type=0, offset=COMMON_VIDEO_030, x=[0x01], y=[0x02], zoom=0x40	;@raw=0x57,0x08,0x9B,0x01,0x02
	jne [0x0A], 0x00, GUARDED_DRAW_CV_159	;@raw=0x0A,0x01,0x0A,0x00,0x6B,0xB8
	video type=0, offset=COMMON_VIDEO_031, x=[0x01], y=[0x02], zoom=0x40	;@raw=0x57,0x19,0xEA,0x01,0x02
	ret	;@raw=0x05

LABEL_6D25:
	call LABEL_6B76	;@raw=0x04,0x6B,0x76
	video type=0, offset=COMMON_VIDEO_032, x=[0x01], y=[0x02], zoom=0x40	;@raw=0x57,0x08,0xAE,0x01,0x02
	jne [0x0A], 0x00, GUARDED_DRAW_CV_159	;@raw=0x0A,0x01,0x0A,0x00,0x6B,0xB8
	video type=0, offset=COMMON_VIDEO_033, x=[0x01], y=[0x02], zoom=0x40	;@raw=0x57,0x19,0xEF,0x01,0x02
	ret	;@raw=0x05

LABEL_6D39:
	video type=0, offset=COMMON_VIDEO_034, x=[0x01], y=[0x02], zoom=0x40	;@raw=0x57,0x08,0xBF,0x01,0x02
	jne [0x0A], 0x00, GUARDED_DRAW_CV_159	;@raw=0x0A,0x01,0x0A,0x00,0x6B,0xB8
	video type=0, offset=COMMON_VIDEO_035, x=[0x01], y=[0x02], zoom=0x40	;@raw=0x57,0x19,0xF4,0x01,0x02
	ret	;@raw=0x05

LABEL_6D4A:
	video type=0, offset=COMMON_VIDEO_131, x=[0x01], y=[0x02], zoom=0x40	;@raw=0x57,0x1C,0xD1,0x01,0x02
	jg [0x06], [0x30], SHARED_RET	;@raw=0x0A,0x82,0x06,0x30,0x53,0x3A
	mov [0xF8], [0x31]	;@raw=0x01,0xF8,0x31
	and [0xF8], 0x0004	;@raw=0x14,0xF8,0x00,0x04
	je [0xF8], 0x00, SHARED_RET	;@raw=0x0A,0x00,0xF8,0x00,0x53,0x3A
	video type=0, offset=COMMON_VIDEO_132, x=[0x01], y=[0x02], zoom=0x40	;@raw=0x57,0x2E,0x4A,0x01,0x02
	ret	;@raw=0x05

LABEL_6D68:
	video type=0, offset=COMMON_VIDEO_293, x=[0x01], y=[0x02], zoom=0x40	;@raw=0x57,0x1D,0x32,0x01,0x02
	jg [0x06], [0x30], SHARED_RET	;@raw=0x0A,0x82,0x06,0x30,0x53,0x3A
	mov [0xF8], [0x31]	;@raw=0x01,0xF8,0x31
	and [0xF8], 0x0004	;@raw=0x14,0xF8,0x00,0x04
	je [0xF8], 0x00, SHARED_RET	;@raw=0x0A,0x00,0xF8,0x00,0x53,0x3A
	video type=0, offset=COMMON_VIDEO_294, x=[0x01], y=[0x02], zoom=0x40	;@raw=0x57,0x2E,0x4E,0x01,0x02
	ret	;@raw=0x05

GUARDED_DRAW_CV_126:
	call LABEL_6B04	;@raw=0x04,0x6B,0x04
	jne [0x0A], 0x01, LABEL_6D95	;@raw=0x0A,0x01,0x0A,0x01,0x6D,0x95
	video type=0, offset=COMMON_VIDEO_126, x=[0x01], y=[0x02], zoom=0x40	;@raw=0x57,0x1A,0xDA,0x01,0x02
	ret	;@raw=0x05

LABEL_6D95:
	jne [0x0A], 0x02, LABEL_6DA1	;@raw=0x0A,0x01,0x0A,0x02,0x6D,0xA1
	video type=0, offset=COMMON_VIDEO_125, x=[0x01], y=[0x02], zoom=0x40	;@raw=0x57,0x1A,0xE8,0x01,0x02
	ret	;@raw=0x05

LABEL_6DA1:
	jne [0x0A], 0x03, LABEL_6DAD	;@raw=0x0A,0x01,0x0A,0x03,0x6D,0xAD
	video type=0, offset=COMMON_VIDEO_124, x=[0x01], y=[0x02], zoom=0x40	;@raw=0x57,0x1A,0xFC,0x01,0x02
	ret	;@raw=0x05

LABEL_6DAD:
	video type=0, offset=COMMON_VIDEO_122, x=[0x01], y=[0x02], zoom=0x40	;@raw=0x57,0x1B,0x0A,0x01,0x02
	jg [0x06], [0x30], SHARED_RET	;@raw=0x0A,0x82,0x06,0x30,0x53,0x3A
	mov [0xF8], [0x31]	;@raw=0x01,0xF8,0x31
	and [0xF8], 0x0004	;@raw=0x14,0xF8,0x00,0x04
	je [0xF8], 0x00, SHARED_RET	;@raw=0x0A,0x00,0xF8,0x00,0x53,0x3A
	video type=0, offset=COMMON_VIDEO_123, x=[0x01], y=[0x02], zoom=0x40	;@raw=0x57,0x2E,0x46,0x01,0x02
	ret	;@raw=0x05

LABEL_6DCB:
	jne [0x05], 0x00, LABEL_6DD7	;@raw=0x0A,0x01,0x05,0x00,0x6D,0xD7
	video type=0, offset=COMMON_VIDEO_000, x=[0x01], y=[0x02], zoom=0x40	;@raw=0x57,0x2E,0xF2,0x01,0x02
	ret	;@raw=0x05

LABEL_6DD7:
	jne [0x05], 0x01, LABEL_6DE3	;@raw=0x0A,0x01,0x05,0x01,0x6D,0xE3
	video type=1, offset=CINEMATIC_129, x=[0x01], y=[0x02], zoom=0x40	;@raw=0x54,0x46,0x85,0x01,0x02
	ret	;@raw=0x05

LABEL_6DE3:
	jne [0x05], 0x02, LABEL_6DEF	;@raw=0x0A,0x01,0x05,0x02,0x6D,0xEF
	video type=0, offset=COMMON_VIDEO_127, x=[0x01], y=[0x02], zoom=0x40	;@raw=0x57,0x2F,0x22,0x01,0x02
	ret	;@raw=0x05

LABEL_6DEF:
	jne [0x05], 0x03, LABEL_6DFB	;@raw=0x0A,0x01,0x05,0x03,0x6D,0xFB
	video type=1, offset=CINEMATIC_128, x=[0x01], y=[0x02], zoom=0x40	;@raw=0x54,0x46,0xDD,0x01,0x02
	ret	;@raw=0x05

LABEL_6DFB:
	ret	;@raw=0x05

LABEL_6DFC:
	je [0x0A], 0x00, DRAW_CV_074	;@raw=0x0A,0x00,0x0A,0x00,0x6E,0x05
	call GUARDED_DRAW_CV_126	;@raw=0x04,0x6D,0x86

DRAW_CV_074:
	video type=0, offset=COMMON_VIDEO_074, x=[0x01], y=[0x02], zoom=0x40	;@raw=0x57,0x00,0x10,0x01,0x02
	ret	;@raw=0x05

LABEL_6E0B:
	je [0x0A], 0x00, DRAW_CV_075	;@raw=0x0A,0x00,0x0A,0x00,0x6E,0x14
	call GUARDED_DRAW_CV_126	;@raw=0x04,0x6D,0x86

DRAW_CV_075:
	video type=0, offset=COMMON_VIDEO_075, x=[0x01], y=[0x02], zoom=0x40	;@raw=0x57,0x00,0x5A,0x01,0x02
	ret	;@raw=0x05

LABEL_6E1A:
	je [0x0A], 0x00, DRAW_CV_076	;@raw=0x0A,0x00,0x0A,0x00,0x6E,0x23
	call GUARDED_DRAW_CV_126	;@raw=0x04,0x6D,0x86

DRAW_CV_076:
	video type=0, offset=COMMON_VIDEO_076, x=[0x01], y=[0x02], zoom=0x40	;@raw=0x57,0x00,0x94,0x01,0x02
	ret	;@raw=0x05

LABEL_6E29:
	je [0x0A], 0x00, DRAW_CV_077	;@raw=0x0A,0x00,0x0A,0x00,0x6E,0x32
	call GUARDED_DRAW_CV_126	;@raw=0x04,0x6D,0x86

DRAW_CV_077:
	video type=0, offset=COMMON_VIDEO_077, x=[0x01], y=[0x02], zoom=0x40	;@raw=0x57,0x00,0xD8,0x01,0x02
	ret	;@raw=0x05

LABEL_6E38:
	je [0x0A], 0x00, DRAW_CV_078	;@raw=0x0A,0x00,0x0A,0x00,0x6E,0x41
	call GUARDED_DRAW_CV_126	;@raw=0x04,0x6D,0x86

DRAW_CV_078:
	video type=0, offset=COMMON_VIDEO_078, x=[0x01], y=[0x02], zoom=0x40	;@raw=0x57,0x01,0x1A,0x01,0x02
	ret	;@raw=0x05

LABEL_6E47:
	jne [0x0A], 0x00, LABEL_6E55	;@raw=0x0A,0x01,0x0A,0x00,0x6E,0x55
	video type=0, offset=COMMON_VIDEO_079, x=[0x01], y=[0x02], zoom=0x40	;@raw=0x57,0x19,0x8D,0x01,0x02
	jmp DRAW_CV_080	;@raw=0x07,0x6E,0x58

LABEL_6E55:
	call GUARDED_DRAW_CV_126	;@raw=0x04,0x6D,0x86

DRAW_CV_080:
	video type=0, offset=COMMON_VIDEO_080, x=[0x01], y=[0x02], zoom=0x40	;@raw=0x57,0x01,0x56,0x01,0x02
	ret	;@raw=0x05

LABEL_6E5E:
	jne [0x0A], 0x00, LABEL_6E6C	;@raw=0x0A,0x01,0x0A,0x00,0x6E,0x6C
	video type=0, offset=COMMON_VIDEO_001, x=[0x01], y=[0x02], zoom=0x40	;@raw=0x57,0x19,0x91,0x01,0x02
	jmp LABEL_6E6F	;@raw=0x07,0x6E,0x6F

LABEL_6E6C:
	call GUARDED_DRAW_CV_126	;@raw=0x04,0x6D,0x86

LABEL_6E6F:
	call LABEL_6DCB	;@raw=0x04,0x6D,0xCB
	video type=0, offset=COMMON_VIDEO_002, x=[0x01], y=[0x02], zoom=0x40	;@raw=0x57,0x01,0xAC,0x01,0x02
	ret	;@raw=0x05

LABEL_6E78:
	jne [0x0A], 0x00, LABEL_6E86	;@raw=0x0A,0x01,0x0A,0x00,0x6E,0x86
	video type=0, offset=COMMON_VIDEO_060, x=[0x01], y=[0x02], zoom=0x40	;@raw=0x57,0x19,0x95,0x01,0x02
	jmp DRAW_CV_061	;@raw=0x07,0x6E,0x89

LABEL_6E86:
	call GUARDED_DRAW_CV_126	;@raw=0x04,0x6D,0x86

DRAW_CV_061:
	video type=0, offset=COMMON_VIDEO_061, x=[0x01], y=[0x02], zoom=0x40	;@raw=0x57,0x01,0xBE,0x01,0x02
	ret	;@raw=0x05

LABEL_6E8F:
	jne [0x0A], 0x00, LABEL_6E9D	;@raw=0x0A,0x01,0x0A,0x00,0x6E,0x9D
	video type=0, offset=COMMON_VIDEO_062, x=[0x01], y=[0x02], zoom=0x40	;@raw=0x57,0x19,0x99,0x01,0x02
	jmp DRAW_CV_063	;@raw=0x07,0x6E,0xA0

LABEL_6E9D:
	call GUARDED_DRAW_CV_126	;@raw=0x04,0x6D,0x86

DRAW_CV_063:
	video type=0, offset=COMMON_VIDEO_063, x=[0x01], y=[0x02], zoom=0x40	;@raw=0x57,0x03,0xB2,0x01,0x02
	ret	;@raw=0x05

LABEL_6EA6:
	jne [0x0A], 0x00, LABEL_6EB4	;@raw=0x0A,0x01,0x0A,0x00,0x6E,0xB4
	video type=0, offset=COMMON_VIDEO_064, x=[0x01], y=[0x02], zoom=0x40	;@raw=0x57,0x19,0x9D,0x01,0x02
	jmp DRAW_CV_065	;@raw=0x07,0x6E,0xB7

LABEL_6EB4:
	call GUARDED_DRAW_CV_126	;@raw=0x04,0x6D,0x86

DRAW_CV_065:
	video type=0, offset=COMMON_VIDEO_065, x=[0x01], y=[0x02], zoom=0x40	;@raw=0x57,0x03,0xC8,0x01,0x02
	ret	;@raw=0x05

LABEL_6EBD:
	jne [0x0A], 0x00, LABEL_6ECB	;@raw=0x0A,0x01,0x0A,0x00,0x6E,0xCB
	video type=0, offset=COMMON_VIDEO_066, x=[0x01], y=[0x02], zoom=0x40	;@raw=0x57,0x19,0xA1,0x01,0x02
	jmp DRAW_CV_067	;@raw=0x07,0x6E,0xCE

LABEL_6ECB:
	call GUARDED_DRAW_CV_126	;@raw=0x04,0x6D,0x86

DRAW_CV_067:
	video type=0, offset=COMMON_VIDEO_067, x=[0x01], y=[0x02], zoom=0x40	;@raw=0x57,0x03,0xDE,0x01,0x02
	ret	;@raw=0x05

LABEL_6ED4:
	jne [0x0A], 0x00, LABEL_6EE2	;@raw=0x0A,0x01,0x0A,0x00,0x6E,0xE2
	video type=0, offset=COMMON_VIDEO_068, x=[0x01], y=[0x02], zoom=0x40	;@raw=0x57,0x19,0xA5,0x01,0x02
	jmp DRAW_CV_069	;@raw=0x07,0x6E,0xE5

LABEL_6EE2:
	call GUARDED_DRAW_CV_126	;@raw=0x04,0x6D,0x86

DRAW_CV_069:
	video type=0, offset=COMMON_VIDEO_069, x=[0x01], y=[0x02], zoom=0x40	;@raw=0x57,0x03,0xF4,0x01,0x02
	ret	;@raw=0x05

LABEL_6EEB:
	je [0x0A], 0x00, DRAW_CV_070	;@raw=0x0A,0x00,0x0A,0x00,0x6E,0xF4
	call GUARDED_DRAW_CV_126	;@raw=0x04,0x6D,0x86

DRAW_CV_070:
	video type=0, offset=COMMON_VIDEO_070, x=[0x01], y=[0x02], zoom=0x40	;@raw=0x57,0x04,0x0A,0x01,0x02
	ret	;@raw=0x05

LABEL_6EFA:
	je [0x0A], 0x00, DRAW_CV_071	;@raw=0x0A,0x00,0x0A,0x00,0x6F,0x03
	call GUARDED_DRAW_CV_126	;@raw=0x04,0x6D,0x86

DRAW_CV_071:
	video type=0, offset=COMMON_VIDEO_071, x=[0x01], y=[0x02], zoom=0x40	;@raw=0x57,0x04,0x22,0x01,0x02
	ret	;@raw=0x05

LABEL_6F09:
	call LABEL_6DCB	;@raw=0x04,0x6D,0xCB
	je [0x0A], 0x00, DRAW_CV_072	;@raw=0x0A,0x00,0x0A,0x00,0x6F,0x15
	call GUARDED_DRAW_CV_126	;@raw=0x04,0x6D,0x86

DRAW_CV_072:
	video type=0, offset=COMMON_VIDEO_072, x=[0x01], y=[0x02], zoom=0x40	;@raw=0x57,0x04,0x3A,0x01,0x02
	ret	;@raw=0x05

LABEL_6F1B:
	je [0x0A], 0x00, DRAW_CV_073	;@raw=0x0A,0x00,0x0A,0x00,0x6F,0x24
	call GUARDED_DRAW_CV_126	;@raw=0x04,0x6D,0x86

DRAW_CV_073:
	video type=0, offset=COMMON_VIDEO_073, x=[0x01], y=[0x02], zoom=0x40	;@raw=0x57,0x04,0x50,0x01,0x02
	ret	;@raw=0x05

DRAW_CV_300:
	video type=0, offset=COMMON_VIDEO_300, x=[0x01], y=[0x02], zoom=0x40	;@raw=0x57,0x1A,0xB7,0x01,0x02
	ret	;@raw=0x05

DRAW_CV_299:
	video type=0, offset=COMMON_VIDEO_299, x=[0x01], y=[0x02], zoom=0x40	;@raw=0x57,0x1A,0x96,0x01,0x02
	ret	;@raw=0x05

DRAW_CV_295:
	video type=0, offset=COMMON_VIDEO_295, x=[0x01], y=[0x02], zoom=0x40	;@raw=0x57,0x1A,0xA1,0x01,0x02
	ret	;@raw=0x05

DRAW_CV_296:
	video type=0, offset=COMMON_VIDEO_296, x=[0x01], y=[0x02], zoom=0x40	;@raw=0x57,0x1A,0xAC,0x01,0x02
	ret	;@raw=0x05

DRAW_CV_297:
	video type=0, offset=COMMON_VIDEO_297, x=[0x01], y=[0x02], zoom=0x40	;@raw=0x57,0x1A,0x7F,0x01,0x02
	ret	;@raw=0x05

LABEL_6F48:
	video type=0, offset=COMMON_VIDEO_081, x=[0x01], y=[0x02], zoom=0x40	;@raw=0x57,0x01,0xF2,0x01,0x02
	play id=0x0060, freq=0x0F, vol=0x2A, channel=0x00	;@raw=0x18,0x00,0x60,0x0F,0x2A,0x00
	jne [0x0A], 0x00, DRAW_CV_295	;@raw=0x0A,0x01,0x0A,0x00,0x6F,0x36
	video type=0, offset=COMMON_VIDEO_082, x=[0x01], y=[0x02], zoom=0x40	;@raw=0x57,0x1A,0x55,0x01,0x02
	ret	;@raw=0x05

LABEL_6F5F:
	video type=0, offset=COMMON_VIDEO_083, x=[0x01], y=[0x02], zoom=0x40	;@raw=0x57,0x02,0x39,0x01,0x02
	jne [0x0A], 0x00, DRAW_CV_296	;@raw=0x0A,0x01,0x0A,0x00,0x6F,0x3C
	video type=0, offset=COMMON_VIDEO_084, x=[0x01], y=[0x02], zoom=0x40	;@raw=0x57,0x1A,0x59,0x01,0x02
	ret	;@raw=0x05

LABEL_6F70:
	video type=0, offset=COMMON_VIDEO_116, x=[0x01], y=[0x02], zoom=0x40	;@raw=0x57,0x02,0x7A,0x01,0x02
	jne [0x0A], 0x00, DRAW_CV_299	;@raw=0x0A,0x01,0x0A,0x00,0x6F,0x30
	video type=0, offset=COMMON_VIDEO_117, x=[0x01], y=[0x02], zoom=0x40	;@raw=0x57,0x1A,0x5D,0x01,0x02
	ret	;@raw=0x05

LABEL_6F81:
	video type=0, offset=COMMON_VIDEO_118, x=[0x01], y=[0x02], zoom=0x40	;@raw=0x57,0x02,0xC7,0x01,0x02
	jne [0x0A], 0x00, DRAW_CV_300	;@raw=0x0A,0x01,0x0A,0x00,0x6F,0x2A
	video type=0, offset=COMMON_VIDEO_119, x=[0x01], y=[0x02], zoom=0x40	;@raw=0x57,0x1A,0x61,0x01,0x02
	ret	;@raw=0x05

LABEL_6F92:
	video type=0, offset=COMMON_VIDEO_120, x=[0x01], y=[0x02], zoom=0x40	;@raw=0x57,0x03,0x12,0x01,0x02
	jne [0x0A], 0x00, DRAW_CV_300	;@raw=0x0A,0x01,0x0A,0x00,0x6F,0x2A
	video type=0, offset=COMMON_VIDEO_121, x=[0x01], y=[0x02], zoom=0x40	;@raw=0x57,0x1A,0x67,0x01,0x02
	ret	;@raw=0x05

LABEL_6FA3:
	video type=0, offset=COMMON_VIDEO_086, x=[0x01], y=[0x02], zoom=0x40	;@raw=0x57,0x03,0x51,0x01,0x02
	play id=0x0060, freq=0x0F, vol=0x2A, channel=0x00	;@raw=0x18,0x00,0x60,0x0F,0x2A,0x00
	jne [0x0A], 0x00, DRAW_CV_295	;@raw=0x0A,0x01,0x0A,0x00,0x6F,0x36
	video type=0, offset=COMMON_VIDEO_087, x=[0x01], y=[0x02], zoom=0x40	;@raw=0x57,0x1A,0x6B,0x01,0x02
	ret	;@raw=0x05

LABEL_6FBA:
	video type=0, offset=COMMON_VIDEO_088, x=[0x01], y=[0x02], zoom=0x40	;@raw=0x57,0x03,0x64,0x01,0x02
	jne [0x0A], 0x00, DRAW_CV_295	;@raw=0x0A,0x01,0x0A,0x00,0x6F,0x36
	video type=0, offset=COMMON_VIDEO_089, x=[0x01], y=[0x02], zoom=0x40	;@raw=0x57,0x1A,0x6F,0x01,0x02
	ret	;@raw=0x05

LABEL_6FCB:
	video type=0, offset=COMMON_VIDEO_090, x=[0x01], y=[0x02], zoom=0x40	;@raw=0x57,0x03,0x77,0x01,0x02
	jne [0x0A], 0x00, DRAW_CV_296	;@raw=0x0A,0x01,0x0A,0x00,0x6F,0x3C
	video type=0, offset=COMMON_VIDEO_091, x=[0x01], y=[0x02], zoom=0x40	;@raw=0x57,0x1A,0x73,0x01,0x02
	ret	;@raw=0x05

LABEL_6FDC:
	video type=0, offset=COMMON_VIDEO_092, x=[0x01], y=[0x02], zoom=0x40	;@raw=0x57,0x03,0x8A,0x01,0x02
	jne [0x0A], 0x00, DRAW_CV_297	;@raw=0x0A,0x01,0x0A,0x00,0x6F,0x42
	video type=0, offset=COMMON_VIDEO_093, x=[0x01], y=[0x02], zoom=0x40	;@raw=0x57,0x1A,0x77,0x01,0x02
	ret	;@raw=0x05

LABEL_6FED:
	video type=0, offset=COMMON_VIDEO_094, x=[0x01], y=[0x02], zoom=0x40	;@raw=0x57,0x03,0x9F,0x01,0x02
	jne [0x0A], 0x00, DRAW_CV_297	;@raw=0x0A,0x01,0x0A,0x00,0x6F,0x42
	video type=0, offset=COMMON_VIDEO_095, x=[0x01], y=[0x02], zoom=0x40	;@raw=0x57,0x1A,0x7B,0x01,0x02
	ret	;@raw=0x05

DRAW_CV_298:
	video type=0, offset=COMMON_VIDEO_298, x=[0x01], y=[0x02], zoom=0x40	;@raw=0x57,0x1B,0x3E,0x01,0x02
	ret	;@raw=0x05

LABEL_7004:
	je [0x0A], 0x00, LABEL_7010	;@raw=0x0A,0x00,0x0A,0x00,0x70,0x10
	call DRAW_CV_298	;@raw=0x04,0x6F,0xFE
	jmp LABEL_7015	;@raw=0x07,0x70,0x15

LABEL_7010:
	video type=0, offset=COMMON_VIDEO_107, x=[0x01], y=[0x02], zoom=0x40	;@raw=0x57,0x1B,0x18,0x01,0x02

LABEL_7015:
	video type=0, offset=COMMON_VIDEO_108, x=[0x01], y=[0x02], zoom=0x40	;@raw=0x57,0x08,0xDC,0x01,0x02
	play id=0x0060, freq=0x0F, vol=0x2A, channel=0x00	;@raw=0x18,0x00,0x60,0x0F,0x2A,0x00
	ret	;@raw=0x05

LABEL_7021:
	je [0x0A], 0x00, LABEL_702D	;@raw=0x0A,0x00,0x0A,0x00,0x70,0x2D
	call DRAW_CV_298	;@raw=0x04,0x6F,0xFE
	jmp DRAW_CV_110	;@raw=0x07,0x70,0x32

LABEL_702D:
	video type=0, offset=COMMON_VIDEO_109, x=[0x01], y=[0x02], zoom=0x40	;@raw=0x57,0x1B,0x1C,0x01,0x02

DRAW_CV_110:
	video type=0, offset=COMMON_VIDEO_110, x=[0x01], y=[0x02], zoom=0x40	;@raw=0x57,0x09,0x2D,0x01,0x02
	ret	;@raw=0x05

LABEL_7038:
	je [0x0A], 0x00, LABEL_7044	;@raw=0x0A,0x00,0x0A,0x00,0x70,0x44
	call DRAW_CV_298	;@raw=0x04,0x6F,0xFE
	jmp DRAW_CV_112	;@raw=0x07,0x70,0x49

LABEL_7044:
	video type=0, offset=COMMON_VIDEO_111, x=[0x01], y=[0x02], zoom=0x40	;@raw=0x57,0x1B,0x20,0x01,0x02

DRAW_CV_112:
	video type=0, offset=COMMON_VIDEO_112, x=[0x01], y=[0x02], zoom=0x40	;@raw=0x57,0x09,0x82,0x01,0x02
	ret	;@raw=0x05

LABEL_704F:
	je [0x0A], 0x00, LABEL_705B	;@raw=0x0A,0x00,0x0A,0x00,0x70,0x5B
	call DRAW_CV_298	;@raw=0x04,0x6F,0xFE
	jmp DRAW_CV_114	;@raw=0x07,0x70,0x60

LABEL_705B:
	video type=0, offset=COMMON_VIDEO_113, x=[0x01], y=[0x02], zoom=0x40	;@raw=0x57,0x1B,0x24,0x01,0x02

DRAW_CV_114:
	video type=0, offset=COMMON_VIDEO_114, x=[0x01], y=[0x02], zoom=0x40	;@raw=0x57,0x09,0xD9,0x01,0x02
	ret	;@raw=0x05

LABEL_7066:
	je [0x0A], 0x00, DRAW_CV_115	;@raw=0x0A,0x00,0x0A,0x00,0x70,0x6F
	call DRAW_CV_298	;@raw=0x04,0x6F,0xFE

DRAW_CV_115:
	video type=0, offset=COMMON_VIDEO_115, x=[0x01], y=[0x02], zoom=0x40	;@raw=0x57,0x0A,0x3A,0x01,0x02
	ret	;@raw=0x05

LABEL_7075:
	je [0x0A], 0x00, LABEL_7081	;@raw=0x0A,0x00,0x0A,0x00,0x70,0x81
	call DRAW_CV_298	;@raw=0x04,0x6F,0xFE
	jmp LABEL_7086	;@raw=0x07,0x70,0x86

LABEL_7081:
	video type=0, offset=COMMON_VIDEO_097, x=[0x01], y=[0x02], zoom=0x40	;@raw=0x57,0x1B,0x28,0x01,0x02

LABEL_7086:
	video type=0, offset=COMMON_VIDEO_098, x=[0x01], y=[0x02], zoom=0x40	;@raw=0x57,0x0A,0x85,0x01,0x02
	play id=0x0060, freq=0x0F, vol=0x2A, channel=0x00	;@raw=0x18,0x00,0x60,0x0F,0x2A,0x00
	ret	;@raw=0x05

LABEL_7092:
	je [0x0A], 0x00, LABEL_709E	;@raw=0x0A,0x00,0x0A,0x00,0x70,0x9E
	call DRAW_CV_298	;@raw=0x04,0x6F,0xFE
	jmp DRAW_CV_100	;@raw=0x07,0x70,0xA3

LABEL_709E:
	video type=0, offset=COMMON_VIDEO_099, x=[0x01], y=[0x02], zoom=0x40	;@raw=0x57,0x1B,0x3A,0x01,0x02

DRAW_CV_100:
	video type=0, offset=COMMON_VIDEO_100, x=[0x01], y=[0x02], zoom=0x40	;@raw=0x57,0x0A,0x98,0x01,0x02
	ret	;@raw=0x05

LABEL_70A9:
	je [0x0A], 0x00, LABEL_70B5	;@raw=0x0A,0x00,0x0A,0x00,0x70,0xB5
	call DRAW_CV_298	;@raw=0x04,0x6F,0xFE
	jmp DRAW_CV_102	;@raw=0x07,0x70,0xBA

LABEL_70B5:
	video type=0, offset=COMMON_VIDEO_101, x=[0x01], y=[0x02], zoom=0x40	;@raw=0x57,0x1B,0x2C,0x01,0x02

DRAW_CV_102:
	video type=0, offset=COMMON_VIDEO_102, x=[0x01], y=[0x02], zoom=0x40	;@raw=0x57,0x0A,0xAB,0x01,0x02
	ret	;@raw=0x05

LABEL_70C0:
	je [0x0A], 0x00, LABEL_70CC	;@raw=0x0A,0x00,0x0A,0x00,0x70,0xCC
	call DRAW_CV_298	;@raw=0x04,0x6F,0xFE
	jmp DRAW_CV_104	;@raw=0x07,0x70,0xD1

LABEL_70CC:
	video type=0, offset=COMMON_VIDEO_103, x=[0x01], y=[0x02], zoom=0x40	;@raw=0x57,0x1B,0x30,0x01,0x02

DRAW_CV_104:
	video type=0, offset=COMMON_VIDEO_104, x=[0x01], y=[0x02], zoom=0x40	;@raw=0x57,0x0A,0xBE,0x01,0x02
	ret	;@raw=0x05

LABEL_70D7:
	je [0x0A], 0x00, LABEL_70E3	;@raw=0x0A,0x00,0x0A,0x00,0x70,0xE3
	call DRAW_CV_298	;@raw=0x04,0x6F,0xFE
	jmp DRAW_CV_106	;@raw=0x07,0x70,0xE8

LABEL_70E3:
	video type=0, offset=COMMON_VIDEO_105, x=[0x01], y=[0x02], zoom=0x40	;@raw=0x57,0x1B,0x36,0x01,0x02

DRAW_CV_106:
	video type=0, offset=COMMON_VIDEO_106, x=[0x01], y=[0x02], zoom=0x40	;@raw=0x57,0x0A,0xD1,0x01,0x02
	ret	;@raw=0x05

LABEL_70EE:
	je [0x1F], 0x00, LABEL_711D	;@raw=0x0A,0x00,0x1F,0x00,0x71,0x1D
	jl [0x1E], 0x00, LABEL_710C	;@raw=0x0A,0x04,0x1E,0x00,0x71,0x0C
	mov [0x20], 0xFFFF	;@raw=0x00,0x20,0xFF,0xFF

LABEL_70FE:
	sub [0x1E], [0x1F]	;@raw=0x13,0x1E,0x1F
	add [0x20], 0x0001	;@raw=0x03,0x20,0x00,0x01
	jge [0x1E], 0x00, LABEL_70FE	;@raw=0x0A,0x03,0x1E,0x00,0x70,0xFE
	ret	;@raw=0x05

LABEL_710C:
	mov [0x20], 0x0001	;@raw=0x00,0x20,0x00,0x01

LABEL_7110:
	add [0x1E], [0x1F]	;@raw=0x02,0x1E,0x1F
	sub [0x20], 0x0001	;@raw=0x03,0x20,0xFF,0xFF
	jle [0x1E], 0x00, LABEL_7110	;@raw=0x0A,0x05,0x1E,0x00,0x71,0x10

LABEL_711D:
	ret	;@raw=0x05
LABEL_711E:
	db 0x11

LABEL_711F:
	mov [0x03], 0x0082	;@raw=0x00,0x03,0x00,0x82
	add [0x03], [0x21]	;@raw=0x02,0x03,0x21
	add [0x21], 0x0000	;@raw=0x03,0x21,0x00,0x00
	jl [0x21], 0x00, LABEL_7134	;@raw=0x0A,0x04,0x21,0x00,0x71,0x34
	mov [0x21], 0x0000	;@raw=0x00,0x21,0x00,0x00

LABEL_7134:
	mov [0x04], 0x003C	;@raw=0x00,0x04,0x00,0x3C
	mov [0x1E], [0x01]	;@raw=0x01,0x1E,0x01
	mov [0x1F], 0x0006	;@raw=0x00,0x1F,0x00,0x06
	call LABEL_70EE	;@raw=0x04,0x70,0xEE
	mov [0x1E], [0x01]	;@raw=0x01,0x1E,0x01
	mov [0x01], [0x20]	;@raw=0x01,0x01,0x20
	jl [0x01], 0x30, LABEL_7159	;@raw=0x0A,0x04,0x01,0x30,0x71,0x59
	mov [0x06], 0x0007	;@raw=0x00,0x06,0x00,0x07
	mov [0x02], 0xFFF7	;@raw=0x00,0x02,0xFF,0xF7
	jmp ACCUMULATE_VAR_03_04_BY_01_02	;@raw=0x07,0x72,0xCA

LABEL_7159:
	jl [0x01], 0x2D, LABEL_716A	;@raw=0x0A,0x04,0x01,0x2D,0x71,0x6A
	mov [0x06], 0x0007	;@raw=0x00,0x06,0x00,0x07
	mov [0x02], 0xFFF8	;@raw=0x00,0x02,0xFF,0xF8
	jmp ACCUMULATE_VAR_03_04_BY_01_02	;@raw=0x07,0x72,0xCA

LABEL_716A:
	jl [0x01], 0x2A, LABEL_717B	;@raw=0x0A,0x04,0x01,0x2A,0x71,0x7B
	mov [0x06], 0x0007	;@raw=0x00,0x06,0x00,0x07
	mov [0x02], 0xFFF9	;@raw=0x00,0x02,0xFF,0xF9
	jmp ACCUMULATE_VAR_03_04_BY_01_02	;@raw=0x07,0x72,0xCA

LABEL_717B:
	jl [0x01], 0x27, LABEL_718C	;@raw=0x0A,0x04,0x01,0x27,0x71,0x8C
	mov [0x06], 0x0007	;@raw=0x00,0x06,0x00,0x07
	mov [0x02], 0xFFFA	;@raw=0x00,0x02,0xFF,0xFA
	jmp ACCUMULATE_VAR_03_04_BY_01_02	;@raw=0x07,0x72,0xCA

LABEL_718C:
	jl [0x01], 0x24, LABEL_719D	;@raw=0x0A,0x04,0x01,0x24,0x71,0x9D
	mov [0x06], 0x0006	;@raw=0x00,0x06,0x00,0x06
	mov [0x02], 0xFFFB	;@raw=0x00,0x02,0xFF,0xFB
	jmp ACCUMULATE_VAR_03_04_BY_01_02	;@raw=0x07,0x72,0xCA

LABEL_719D:
	jl [0x01], 0x20, LABEL_71AE	;@raw=0x0A,0x04,0x01,0x20,0x71,0xAE
	mov [0x06], 0x0006	;@raw=0x00,0x06,0x00,0x06
	mov [0x02], 0xFFFC	;@raw=0x00,0x02,0xFF,0xFC
	jmp ACCUMULATE_VAR_03_04_BY_01_02	;@raw=0x07,0x72,0xCA

LABEL_71AE:
	jl [0x01], 0x1B, LABEL_71BF	;@raw=0x0A,0x04,0x01,0x1B,0x71,0xBF
	mov [0x06], 0x0005	;@raw=0x00,0x06,0x00,0x05
	mov [0x02], 0xFFFD	;@raw=0x00,0x02,0xFF,0xFD
	jmp ACCUMULATE_VAR_03_04_BY_01_02	;@raw=0x07,0x72,0xCA

LABEL_71BF:
	jl [0x01], 0x16, LABEL_71D0	;@raw=0x0A,0x04,0x01,0x16,0x71,0xD0
	mov [0x06], 0x0005	;@raw=0x00,0x06,0x00,0x05
	mov [0x02], 0xFFFE	;@raw=0x00,0x02,0xFF,0xFE
	jmp ACCUMULATE_VAR_03_04_BY_01_02	;@raw=0x07,0x72,0xCA

LABEL_71D0:
	jl [0x01], 0x0F, LABEL_71E1	;@raw=0x0A,0x04,0x01,0x0F,0x71,0xE1
	mov [0x06], 0x0004	;@raw=0x00,0x06,0x00,0x04
	mov [0x02], 0xFFFF	;@raw=0x00,0x02,0xFF,0xFF
	jmp ACCUMULATE_VAR_03_04_BY_01_02	;@raw=0x07,0x72,0xCA

LABEL_71E1:
	jl [0x01], 0xFFF1, LABEL_7232	;@raw=0x0A,0x44,0x01,0xFF,0xF1,0x72,0x32
	mov [0x02], 0x0000	;@raw=0x00,0x02,0x00,0x00
	mov [0x06], 0x0003	;@raw=0x00,0x06,0x00,0x03
	jg [0x01], 0x04, LABEL_71FA	;@raw=0x0A,0x02,0x01,0x04,0x71,0xFA
	mov [0x06], 0x0002	;@raw=0x00,0x06,0x00,0x02

LABEL_71FA:
	jg [0x01], 0x02, LABEL_7204	;@raw=0x0A,0x02,0x01,0x02,0x72,0x04
	mov [0x06], 0x0001	;@raw=0x00,0x06,0x00,0x01

LABEL_7204:
	jg [0x01], 0x00, LABEL_720E	;@raw=0x0A,0x02,0x01,0x00,0x72,0x0E
	mov [0x06], 0x0000	;@raw=0x00,0x06,0x00,0x00

LABEL_720E:
	jg [0x01], 0xFFFF, LABEL_7219	;@raw=0x0A,0x42,0x01,0xFF,0xFF,0x72,0x19
	mov [0x06], 0xFFFF	;@raw=0x00,0x06,0xFF,0xFF

LABEL_7219:
	jg [0x01], 0xFFFD, LABEL_7224	;@raw=0x0A,0x42,0x01,0xFF,0xFD,0x72,0x24
	mov [0x06], 0xFFFE	;@raw=0x00,0x06,0xFF,0xFE

LABEL_7224:
	jg [0x01], 0xFFFB, TRAMP_722F	;@raw=0x0A,0x42,0x01,0xFF,0xFB,0x72,0x2F
	mov [0x06], 0xFFFD	;@raw=0x00,0x06,0xFF,0xFD

TRAMP_722F:
	jmp ACCUMULATE_VAR_03_04_BY_01_02	;@raw=0x07,0x72,0xCA

LABEL_7232:
	jl [0x01], 0xFFEA, LABEL_7244	;@raw=0x0A,0x44,0x01,0xFF,0xEA,0x72,0x44
	mov [0x06], 0xFFFC	;@raw=0x00,0x06,0xFF,0xFC
	mov [0x02], 0xFFFF	;@raw=0x00,0x02,0xFF,0xFF
	jmp ACCUMULATE_VAR_03_04_BY_01_02	;@raw=0x07,0x72,0xCA

LABEL_7244:
	jl [0x01], 0xFFE5, LABEL_7256	;@raw=0x0A,0x44,0x01,0xFF,0xE5,0x72,0x56
	mov [0x06], 0xFFFB	;@raw=0x00,0x06,0xFF,0xFB
	mov [0x02], 0xFFFE	;@raw=0x00,0x02,0xFF,0xFE
	jmp ACCUMULATE_VAR_03_04_BY_01_02	;@raw=0x07,0x72,0xCA

LABEL_7256:
	jl [0x01], 0xFFE0, LABEL_7268	;@raw=0x0A,0x44,0x01,0xFF,0xE0,0x72,0x68
	mov [0x06], 0xFFFB	;@raw=0x00,0x06,0xFF,0xFB
	mov [0x02], 0xFFFD	;@raw=0x00,0x02,0xFF,0xFD
	jmp ACCUMULATE_VAR_03_04_BY_01_02	;@raw=0x07,0x72,0xCA

LABEL_7268:
	jl [0x01], 0xFFDC, LABEL_727A	;@raw=0x0A,0x44,0x01,0xFF,0xDC,0x72,0x7A
	mov [0x06], 0xFFFA	;@raw=0x00,0x06,0xFF,0xFA
	mov [0x02], 0xFFFC	;@raw=0x00,0x02,0xFF,0xFC
	jmp ACCUMULATE_VAR_03_04_BY_01_02	;@raw=0x07,0x72,0xCA

LABEL_727A:
	jl [0x01], 0xFFD9, LABEL_728C	;@raw=0x0A,0x44,0x01,0xFF,0xD9,0x72,0x8C
	mov [0x06], 0xFFFA	;@raw=0x00,0x06,0xFF,0xFA
	mov [0x02], 0xFFFB	;@raw=0x00,0x02,0xFF,0xFB
	jmp ACCUMULATE_VAR_03_04_BY_01_02	;@raw=0x07,0x72,0xCA

LABEL_728C:
	jl [0x01], 0xFFD6, LABEL_729E	;@raw=0x0A,0x44,0x01,0xFF,0xD6,0x72,0x9E
	mov [0x06], 0xFFF9	;@raw=0x00,0x06,0xFF,0xF9
	mov [0x02], 0xFFFA	;@raw=0x00,0x02,0xFF,0xFA
	jmp ACCUMULATE_VAR_03_04_BY_01_02	;@raw=0x07,0x72,0xCA

LABEL_729E:
	jl [0x01], 0xFFD3, LABEL_72B0	;@raw=0x0A,0x44,0x01,0xFF,0xD3,0x72,0xB0
	mov [0x06], 0xFFF9	;@raw=0x00,0x06,0xFF,0xF9
	mov [0x02], 0xFFF9	;@raw=0x00,0x02,0xFF,0xF9
	jmp ACCUMULATE_VAR_03_04_BY_01_02	;@raw=0x07,0x72,0xCA

LABEL_72B0:
	jl [0x01], 0xFFD0, LABEL_72C2	;@raw=0x0A,0x44,0x01,0xFF,0xD0,0x72,0xC2
	mov [0x06], 0xFFF9	;@raw=0x00,0x06,0xFF,0xF9
	mov [0x02], 0xFFF8	;@raw=0x00,0x02,0xFF,0xF8
	jmp ACCUMULATE_VAR_03_04_BY_01_02	;@raw=0x07,0x72,0xCA

LABEL_72C2:
	mov [0x02], 0xFFF7	;@raw=0x00,0x02,0xFF,0xF7
	mov [0x06], 0xFFF9	;@raw=0x00,0x06,0xFF,0xF9
